SEASON_ID,TEAM_ID,TEAM_ABBREVIATION,TEAM_NAME,GAME_ID,GAME_DATE,MATCHUP,WL,MIN,PTS,FGM,FGA,FG_PCT,FG3M,FG3A,FG3_PCT,FTM,FTA,FT_PCT,OREB,DREB,REB,AST,STL,BLK,TOV,PF,PLUS_MINUS,GAME_DATE_DT,DATE_ONLY
22025,1610612755,PHI,Philadelphia 76ers,0022500275,2025-11-23,PHI vs. MIA,L,239,117,44,98,0.449,14,41,0.341,15,19,0.789,15,32,47,28,7,9,14,21,-10.0,2025-11-23,2025-11-23
22025,1610612759,SAS,San Antonio Spurs,0022500281,2025-11-23,SAS @ PHX,L,240,102,32,77,0.416,10,34,0.294,28,34,0.824,14,36,50,17,4,4,19,17,-9.0,2025-11-23,2025-11-23
22025,1610612751,BKN,Brooklyn Nets,0022500279,2025-11-23,BKN @ TOR,L,240,109,35,75,0.467,12,34,0.353,27,31,0.871,10,30,40,23,5,7,19,20,-10.0,2025-11-23,2025-11-23
22025,1610612747,LAL,Los Angeles Lakers,0022500282,2025-11-23,LAL @ UTA,W,238,108,38,86,0.442,10,38,0.263,22,27,0.815,5,40,45,23,7,4,14,18,2.0,2025-11-23,2025-11-23
22025,1610612757,POR,Portland Trail Blazers,0022500280,2025-11-23,POR @ OKC,L,241,95,34,92,0.37,12,47,0.255,15,21,0.714,16,29,45,18,8,4,16,19,-27.0,2025-11-23,2025-11-23
22025,1610612737,ATL,Atlanta Hawks,0022500276,2025-11-23,ATL vs. CHA,W,242,113,45,91,0.495,11,31,0.355,12,16,0.75,10,27,37,32,6,5,7,21,3.0,2025-11-23,2025-11-23
22025,1610612738,BOS,Boston Celtics,0022500277,2025-11-23,BOS vs. ORL,W,239,138,53,88,0.602,15,33,0.455,17,22,0.773,7,30,37,29,6,8,5,21,9.0,2025-11-23,2025-11-23
22025,1610612739,CLE,Cleveland Cavaliers,0022500278,2025-11-23,CLE vs. LAC,W,241,120,45,87,0.517,17,45,0.378,13,20,0.65,8,33,41,28,10,4,12,22,15.0,2025-11-23,2025-11-23
22025,1610612766,CHA,Charlotte Hornets,0022500268,2025-11-22,CHA vs. LAC,L,240,116,41,85,0.482,11,36,0.306,23,26,0.885,11,27,38,24,5,2,10,20,-15.0,2025-11-22,2025-11-22
22025,1610612764,WAS,Washington Wizards,0022500271,2025-11-22,WAS @ CHI,L,241,120,44,96,0.458,16,36,0.444,16,20,0.8,15,40,55,33,9,4,15,23,-1.0,2025-11-22,2025-11-22
22025,1610612737,ATL,Atlanta Hawks,0022500270,2025-11-22,ATL @ NOP,W,241,115,42,90,0.467,17,46,0.37,14,19,0.737,10,32,42,28,6,7,7,20,17.0,2025-11-22,2025-11-22
22025,1610612742,DAL,Dallas Mavericks,0022500273,2025-11-22,DAL vs. MEM,L,240,96,35,91,0.385,12,36,0.333,14,16,0.875,11,30,41,19,4,9,10,21,-6.0,2025-11-22,2025-11-22
22025,1610612749,MIL,Milwaukee Bucks,0022500272,2025-11-22,MIL vs. DET,L,239,116,43,84,0.512,20,43,0.465,10,12,0.833,6,29,35,29,8,7,15,19,-13.0,2025-11-22,2025-11-22
22025,1610612753,ORL,Orlando Magic,0022500269,2025-11-22,ORL vs. NYK,W,240,133,47,85,0.553,13,33,0.394,26,30,0.867,11,25,36,28,5,2,13,26,12.0,2025-11-22,2025-11-22
22025,1610612758,SAC,Sacramento Kings,0022500274,2025-11-22,SAC @ DEN,W,241,128,48,91,0.527,10,30,0.333,22,23,0.957,9,28,37,32,8,3,6,20,5.0,2025-11-22,2025-11-22
22025,1610612744,GSW,Golden State Warriors,0022500056,2025-11-21,GSW vs. POR,L,240,123,40,83,0.482,17,43,0.395,26,30,0.867,9,23,32,29,14,4,13,25,-4.0,2025-11-21,2025-11-21
22025,1610612751,BKN,Brooklyn Nets,0022500049,2025-11-21,BKN @ BOS,W,239,113,43,82,0.524,13,33,0.394,14,21,0.667,7,34,41,31,5,6,13,17,8.0,2025-11-21,2025-11-21
22025,1610612762,UTA,Utah Jazz,0022500055,2025-11-21,UTA vs. OKC,L,240,112,38,79,0.481,16,38,0.421,20,24,0.833,12,27,39,30,10,3,27,25,-32.0,2025-11-21,2025-11-21
22025,1610612761,TOR,Toronto Raptors,0022500050,2025-11-21,TOR vs. WAS,W,240,140,48,83,0.578,14,28,0.5,30,39,0.769,13,35,48,36,13,4,14,20,30.0,2025-11-21,2025-11-21
22025,1610612740,NOP,New Orleans Pelicans,0022500052,2025-11-21,NOP @ DAL,L,240,115,42,91,0.462,7,27,0.259,24,31,0.774,9,33,42,25,15,4,13,20,-3.0,2025-11-21,2025-11-21
22025,1610612739,CLE,Cleveland Cavaliers,0022500048,2025-11-21,CLE vs. IND,W,240,120,43,89,0.483,13,35,0.371,21,27,0.778,14,38,52,28,5,8,14,22,11.0,2025-11-21,2025-11-21
22025,1610612756,PHX,Phoenix Suns,0022500053,2025-11-21,PHX vs. MIN,W,240,114,39,81,0.481,14,31,0.452,22,29,0.759,15,30,45,25,13,2,27,29,1.0,2025-11-21,2025-11-21
22025,1610612745,HOU,Houston Rockets,0022500054,2025-11-21,HOU vs. DEN,L,239,109,41,93,0.441,14,36,0.389,13,20,0.65,18,23,41,21,8,2,14,22,-3.0,2025-11-21,2025-11-21
22025,1610612741,CHI,Chicago Bulls,0022500051,2025-11-21,CHI vs. MIA,L,240,107,37,90,0.411,12,43,0.279,21,28,0.75,8,31,39,26,5,13,18,27,-36.0,2025-11-21,2025-11-21
22025,1610612763,MEM,Memphis Grizzlies,0022500265,2025-11-20,MEM vs. SAC,W,240,137,50,99,0.505,17,54,0.315,20,26,0.769,11,38,49,42,11,3,7,11,41.0,2025-11-20,2025-11-20
22025,1610612749,MIL,Milwaukee Bucks,0022500266,2025-11-20,MIL vs. PHI,L,265,114,45,92,0.489,14,36,0.389,10,13,0.769,3,39,42,30,7,2,14,19,-9.0,2025-11-20,2025-11-20
22025,1610612746,LAC,LA Clippers,0022500264,2025-11-20,LAC @ ORL,L,242,101,36,89,0.404,14,36,0.389,15,19,0.789,10,33,43,20,7,6,21,20,-28.0,2025-11-20,2025-11-20
22025,1610612737,ATL,Atlanta Hawks,0022500267,2025-11-20,ATL @ SAS,L,240,126,49,87,0.563,20,37,0.541,8,13,0.615,6,33,39,30,7,6,16,24,-9.0,2025-11-20,2025-11-20
22025,1610612766,CHA,Charlotte Hornets,0022500256,2025-11-19,CHA @ IND,L,239,118,43,107,0.402,13,45,0.289,19,22,0.864,22,26,48,28,7,2,12,18,-9.0,2025-11-19,2025-11-19
22025,1610612743,DEN,Denver Nuggets,0022500260,2025-11-19,DEN @ NOP,W,240,125,46,83,0.554,11,31,0.355,22,27,0.815,9,32,41,35,8,1,20,26,7.0,2025-11-19,2025-11-19
22025,1610612748,MIA,Miami Heat,0022500257,2025-11-19,MIA vs. GSW,W,239,110,39,96,0.406,13,35,0.371,19,26,0.731,14,38,52,30,10,3,14,17,14.0,2025-11-19,2025-11-19
22025,1610612739,CLE,Cleveland Cavaliers,0022500255,2025-11-19,CLE vs. HOU,L,241,104,36,81,0.444,12,39,0.308,20,32,0.625,10,29,39,20,4,5,12,18,-10.0,2025-11-19,2025-11-19
22025,1610612752,NYK,New York Knicks,0022500262,2025-11-19,NYK @ DAL,W,241,113,41,93,0.441,12,42,0.286,19,35,0.543,16,33,49,27,8,10,9,22,2.0,2025-11-19,2025-11-19
22025,1610612755,PHI,Philadelphia 76ers,0022500258,2025-11-19,PHI vs. TOR,L,240,112,41,87,0.471,14,35,0.4,16,18,0.889,16,25,41,24,11,6,21,20,-9.0,2025-11-19,2025-11-19
22025,1610612764,WAS,Washington Wizards,0022500259,2025-11-19,WAS @ MIN,L,240,109,43,88,0.489,14,32,0.438,9,12,0.75,12,31,43,25,6,6,17,26,-11.0,2025-11-19,2025-11-19
22025,1610612758,SAC,Sacramento Kings,0022500261,2025-11-19,SAC @ OKC,L,241,99,38,86,0.442,8,28,0.286,15,23,0.652,12,33,45,21,12,0,18,22,-14.0,2025-11-19,2025-11-19
22025,1610612757,POR,Portland Trail Blazers,0022500263,2025-11-19,POR vs. CHI,L,241,121,44,107,0.411,12,42,0.286,21,32,0.656,26,38,64,27,10,5,15,16,-1.0,2025-11-19,2025-11-19
22025,1610612744,GSW,Golden State Warriors,0022500249,2025-11-18,GSW @ ORL,L,239,113,39,78,0.5,13,36,0.361,22,28,0.786,6,30,36,26,11,3,18,18,-8.0,2025-11-18,2025-11-18
22025,1610612765,DET,Detroit Pistons,0022500251,2025-11-18,DET @ ATL,W,242,120,45,83,0.542,10,31,0.323,20,24,0.833,7,32,39,28,12,4,12,16,8.0,2025-11-18,2025-11-18
22025,1610612751,BKN,Brooklyn Nets,0022500250,2025-11-18,BKN vs. BOS,L,240,99,33,82,0.402,14,38,0.368,19,27,0.704,12,27,39,25,12,2,13,22,-14.0,2025-11-18,2025-11-18
22025,1610612763,MEM,Memphis Grizzlies,0022500252,2025-11-18,MEM @ SAS,L,242,101,42,104,0.404,12,39,0.308,5,9,0.556,21,38,59,30,6,4,14,15,-10.0,2025-11-18,2025-11-18
22025,1610612757,POR,Portland Trail Blazers,0022500254,2025-11-18,POR vs. PHX,L,238,110,42,97,0.433,10,41,0.244,16,20,0.8,15,28,43,24,7,6,19,12,-17.0,2025-11-18,2025-11-18
22025,1610612762,UTA,Utah Jazz,0022500253,2025-11-18,UTA @ LAL,L,240,126,48,92,0.522,13,45,0.289,17,18,0.944,8,25,33,33,13,2,18,30,-14.0,2025-11-18,2025-11-18
22025,1610612739,CLE,Cleveland Cavaliers,0022500241,2025-11-17,CLE vs. MIL,W,241,118,44,79,0.557,15,35,0.429,15,21,0.714,4,41,45,25,7,5,16,17,12.0,2025-11-17,2025-11-17
22025,1610612766,CHA,Charlotte Hornets,0022500245,2025-11-17,CHA @ TOR,L,240,108,37,87,0.425,10,40,0.25,24,30,0.8,14,34,48,19,11,9,16,14,-2.0,2025-11-17,2025-11-17
22025,1610612740,NOP,New Orleans Pelicans,0022500247,2025-11-17,NOP vs. OKC,L,239,109,42,86,0.488,12,28,0.429,13,15,0.867,12,23,35,21,9,4,20,26,-17.0,2025-11-17,2025-11-17
22025,1610612743,DEN,Denver Nuggets,0022500248,2025-11-17,DEN vs. CHI,L,240,127,46,97,0.474,14,36,0.389,21,25,0.84,13,40,53,21,6,5,8,14,-3.0,2025-11-17,2025-11-17
22025,1610612742,DAL,Dallas Mavericks,0022500246,2025-11-17,DAL @ MIN,L,241,96,34,85,0.4,9,30,0.3,19,31,0.613,10,33,43,13,7,4,20,22,-24.0,2025-11-17,2025-11-17
22025,1610612748,MIA,Miami Heat,0022500244,2025-11-17,MIA vs. NYK,W,241,115,45,101,0.446,14,35,0.4,11,13,0.846,7,33,40,29,5,5,12,21,2.0,2025-11-17,2025-11-17
22025,1610612746,LAC,LA Clippers,0022500243,2025-11-17,LAC @ PHI,L,239,108,35,87,0.402,12,39,0.308,26,27,0.963,8,37,45,18,6,3,10,26,-2.0,2025-11-17,2025-11-17
22025,1610612754,IND,Indiana Pacers,0022500242,2025-11-17,IND @ DET,L,239,112,35,84,0.417,9,31,0.29,33,45,0.733,20,23,43,19,8,5,21,26,-15.0,2025-11-17,2025-11-17
22025,1610612751,BKN,Brooklyn Nets,0022500235,2025-11-16,BKN @ WAS,W,240,129,42,79,0.532,17,41,0.415,28,35,0.8,7,37,44,32,4,8,14,18,23.0,2025-11-16,2025-11-16
22025,1610612758,SAC,Sacramento Kings,0022500234,2025-11-16,SAC @ SAS,L,241,110,41,87,0.471,12,33,0.364,16,22,0.727,5,32,37,25,10,3,12,17,-13.0,2025-11-16,2025-11-16
22025,1610612746,LAC,LA Clippers,0022500233,2025-11-16,LAC @ BOS,L,240,118,38,81,0.469,14,35,0.4,28,30,0.933,10,34,44,23,4,7,13,20,-3.0,2025-11-16,2025-11-16
22025,1610612741,CHI,Chicago Bulls,0022500240,2025-11-16,CHI @ UTA,L,289,147,49,108,0.454,19,50,0.38,30,32,0.938,12,48,60,38,7,10,17,29,-3.0,2025-11-16,2025-11-16
22025,1610612756,PHX,Phoenix Suns,0022500239,2025-11-16,PHX vs. ATL,L,241,122,47,97,0.485,10,30,0.333,18,19,0.947,16,31,47,23,9,3,17,24,-2.0,2025-11-16,2025-11-16
22025,1610612742,DAL,Dallas Mavericks,0022500238,2025-11-16,DAL vs. POR,W,264,138,48,95,0.505,15,34,0.441,27,40,0.675,13,34,47,33,7,9,14,22,5.0,2025-11-16,2025-11-16
22025,1610612745,HOU,Houston Rockets,0022500236,2025-11-16,HOU vs. ORL,W,266,117,42,100,0.42,8,20,0.4,25,29,0.862,19,41,60,19,4,4,14,23,4.0,2025-11-16,2025-11-16
22025,1610612740,NOP,New Orleans Pelicans,0022500237,2025-11-16,NOP vs. GSW,L,241,106,38,83,0.458,8,29,0.276,22,29,0.759,15,30,45,22,11,4,20,16,-18.0,2025-11-16,2025-11-16
22025,1610612743,DEN,Denver Nuggets,0022500232,2025-11-15,DEN @ MIN,W,240,123,39,83,0.47,14,29,0.483,31,38,0.816,10,37,47,29,9,6,12,19,11.0,2025-11-15,2025-11-15
22025,1610612760,OKC,Oklahoma City Thunder,0022500229,2025-11-15,OKC @ CHA,W,240,109,45,89,0.506,11,23,0.478,8,10,0.8,13,37,50,26,9,6,14,15,13.0,2025-11-15,2025-11-15
22025,1610612754,IND,Indiana Pacers,0022500230,2025-11-15,IND vs. TOR,L,240,111,37,87,0.425,15,43,0.349,22,27,0.815,7,33,40,22,5,3,15,25,-18.0,2025-11-15,2025-11-15
22025,1610612763,MEM,Memphis Grizzlies,0022500228,2025-11-15,MEM @ CLE,L,241,100,31,86,0.36,9,32,0.281,29,40,0.725,11,35,46,21,9,5,15,25,-8.0,2025-11-15,2025-11-15
22025,1610612747,LAL,Los Angeles Lakers,0022500231,2025-11-15,LAL @ MIL,W,241,119,38,77,0.494,13,33,0.394,30,33,0.909,11,36,47,23,13,4,15,20,24.0,2025-11-15,2025-11-15
22025,1610612746,LAC,LA Clippers,0022500046,2025-11-14,LAC @ DAL,W,290,133,45,95,0.474,13,42,0.31,30,36,0.833,7,38,45,22,16,6,20,32,6.0,2025-11-14,2025-11-14
22025,1610612753,ORL,Orlando Magic,0022500040,2025-11-14,ORL vs. BKN,W,239,105,36,78,0.462,15,39,0.385,18,21,0.857,7,39,46,21,3,5,19,16,7.0,2025-11-14,2025-11-14
22025,1610612750,MIN,Minnesota Timberwolves,0022500044,2025-11-14,MIN vs. SAC,W,240,124,42,86,0.488,12,37,0.324,28,40,0.7,13,38,51,28,10,3,17,20,14.0,2025-11-14,2025-11-14
22025,1610612752,NYK,New York Knicks,0022500039,2025-11-14,NYK vs. MIA,W,239,140,48,104,0.462,21,53,0.396,23,29,0.793,20,31,51,32,9,2,8,23,8.0,2025-11-14,2025-11-14
22025,1610612745,HOU,Houston Rockets,0022500042,2025-11-14,HOU vs. POR,W,240,140,53,106,0.5,17,45,0.378,17,20,0.85,20,29,49,26,16,6,6,22,24.0,2025-11-14,2025-11-14
22025,1610612749,MIL,Milwaukee Bucks,0022500043,2025-11-14,MIL vs. CHA,W,264,147,55,85,0.647,20,34,0.588,17,22,0.773,5,34,39,37,10,3,22,25,13.0,2025-11-14,2025-11-14
22025,1610612744,GSW,Golden State Warriors,0022500047,2025-11-14,GSW @ SAS,W,241,109,38,90,0.422,17,45,0.378,16,18,0.889,15,24,39,18,9,8,14,20,1.0,2025-11-14,2025-11-14
22025,1610612740,NOP,New Orleans Pelicans,0022500045,2025-11-14,NOP vs. LAL,L,239,104,39,89,0.438,12,34,0.353,14,18,0.778,12,30,42,24,11,3,20,23,-14.0,2025-11-14,2025-11-14
22025,1610612755,PHI,Philadelphia 76ers,0022500041,2025-11-14,PHI @ DET,L,239,105,39,90,0.433,14,39,0.359,13,15,0.867,13,33,46,19,9,4,15,20,-9.0,2025-11-14,2025-11-14
22025,1610612739,CLE,Cleveland Cavaliers,0022500225,2025-11-13,CLE vs. TOR,L,240,113,41,91,0.451,10,41,0.244,21,26,0.808,14,23,37,26,7,6,12,20,-13.0,2025-11-13,2025-11-13
22025,1610612754,IND,Indiana Pacers,0022500226,2025-11-13,IND @ PHX,L,238,98,32,88,0.364,7,25,0.28,27,29,0.931,16,25,41,20,4,3,12,22,-35.0,2025-11-13,2025-11-13
22025,1610612737,ATL,Atlanta Hawks,0022500227,2025-11-13,ATL @ UTA,W,240,132,46,90,0.511,24,47,0.511,16,22,0.727,9,34,43,36,18,6,16,18,10.0,2025-11-13,2025-11-13
22025,1610612752,NYK,New York Knicks,0022500215,2025-11-12,NYK vs. ORL,L,241,107,39,88,0.443,11,36,0.306,18,23,0.783,10,27,37,20,10,3,14,25,-17.0,2025-11-12,2025-11-12
22025,1610612757,POR,Portland Trail Blazers,0022500219,2025-11-12,POR @ NOP,W,240,125,48,83,0.578,13,37,0.351,16,17,0.941,9,30,39,26,5,5,13,22,8.0,2025-11-12,2025-11-12
22025,1610612744,GSW,Golden State Warriors,0022500220,2025-11-12,GSW @ SAS,W,243,125,36,85,0.424,21,57,0.368,32,36,0.889,8,32,40,30,13,3,15,18,5.0,2025-11-12,2025-11-12
22025,1610612749,MIL,Milwaukee Bucks,0022500213,2025-11-12,MIL @ CHA,L,241,100,40,88,0.455,12,30,0.4,8,13,0.615,10,24,34,29,6,6,9,22,-11.0,2025-11-12,2025-11-12
22025,1610612760,OKC,Oklahoma City Thunder,0022500222,2025-11-12,OKC vs. LAL,W,239,121,44,88,0.5,12,39,0.308,21,23,0.913,6,36,42,28,14,4,11,19,29.0,2025-11-12,2025-11-12
22025,1610612748,MIA,Miami Heat,0022500217,2025-11-12,MIA vs. CLE,L,240,116,45,94,0.479,15,37,0.405,11,13,0.846,9,35,44,29,6,6,21,29,-14.0,2025-11-12,2025-11-12
22025,1610612737,ATL,Atlanta Hawks,0022500223,2025-11-12,ATL @ SAC,W,240,133,49,85,0.576,17,40,0.425,18,22,0.818,7,38,45,42,14,6,19,20,33.0,2025-11-12,2025-11-12
22025,1610612746,LAC,LA Clippers,0022500224,2025-11-12,LAC vs. DEN,L,241,116,41,84,0.488,16,37,0.432,18,19,0.947,11,25,36,28,4,7,14,30,-14.0,2025-11-12,2025-11-12
22025,1610612738,BOS,Boston Celtics,0022500216,2025-11-12,BOS vs. MEM,W,240,131,50,99,0.505,21,51,0.412,10,12,0.833,18,40,58,34,4,8,10,20,36.0,2025-11-12,2025-11-12
22025,1610612741,CHI,Chicago Bulls,0022500214,2025-11-12,CHI @ DET,L,239,113,41,86,0.477,12,33,0.364,19,28,0.679,12,32,44,21,11,6,21,18,-11.0,2025-11-12,2025-11-12
22025,1610612745,HOU,Houston Rockets,0022500218,2025-11-12,HOU vs. WAS,W,240,135,51,96,0.531,17,35,0.486,16,23,0.696,20,33,53,32,9,6,10,18,23.0,2025-11-12,2025-11-12
22025,1610612756,PHX,Phoenix Suns,0022500221,2025-11-12,PHX @ DAL,W,241,123,44,95,0.463,14,35,0.4,21,26,0.808,13,33,46,31,13,3,12,20,9.0,2025-11-12,2025-11-12
22025,1610612752,NYK,New York Knicks,0022500208,2025-11-11,NYK vs. MEM,W,241,133,47,98,0.48,22,55,0.4,17,20,0.85,10,34,44,35,12,2,14,21,13.0,2025-11-11,2025-11-11
22025,1610612755,PHI,Philadelphia 76ers,0022500209,2025-11-11,PHI vs. BOS,W,241,102,36,84,0.429,14,36,0.389,16,19,0.842,8,36,44,24,2,6,9,22,2.0,2025-11-11,2025-11-11
22025,1610612744,GSW,Golden State Warriors,0022500210,2025-11-11,GSW @ OKC,L,241,102,33,74,0.446,13,35,0.371,23,29,0.793,6,26,32,23,16,4,20,28,-24.0,2025-11-11,2025-11-11
22025,1610612762,UTA,Utah Jazz,0022500211,2025-11-11,UTA vs. IND,W,241,152,51,92,0.554,19,42,0.452,31,35,0.886,13,32,45,38,3,3,14,27,24.0,2025-11-11,2025-11-11
22025,1610612743,DEN,Denver Nuggets,0022500212,2025-11-11,DEN @ SAC,W,239,122,44,86,0.512,13,33,0.394,21,27,0.778,15,33,48,24,6,2,12,19,14.0,2025-11-11,2025-11-11
22025,1610612751,BKN,Brooklyn Nets,0022500207,2025-11-11,BKN vs. TOR,L,241,109,32,81,0.395,14,41,0.341,31,32,0.969,7,29,36,24,7,5,12,20,-10.0,2025-11-11,2025-11-11
22025,1610612747,LAL,Los Angeles Lakers,0022500198,2025-11-10,LAL @ CHA,W,240,121,45,90,0.5,14,39,0.359,17,20,0.85,12,24,36,25,12,2,11,22,10.0,2025-11-10,2025-11-10
22025,1610612740,NOP,New Orleans Pelicans,0022500204,2025-11-10,NOP @ PHX,L,240,98,34,83,0.41,10,32,0.313,20,26,0.769,15,25,40,18,12,3,19,23,-23.0,2025-11-10,2025-11-10
22025,1610612759,SAS,San Antonio Spurs,0022500202,2025-11-10,SAS @ CHI,W,240,121,44,86,0.512,10,33,0.303,23,27,0.852,9,38,47,30,10,7,15,17,4.0,2025-11-10,2025-11-10
22025,1610612748,MIA,Miami Heat,0022500201,2025-11-10,MIA vs. CLE,W,264,140,46,98,0.469,12,36,0.333,36,41,0.878,12,44,56,32,5,6,14,27,2.0,2025-11-10,2025-11-10
22025,1610612765,DET,Detroit Pistons,0022500199,2025-11-10,DET vs. WAS,W,266,137,47,114,0.412,13,41,0.317,30,38,0.789,28,35,63,27,16,5,14,18,2.0,2025-11-10,2025-11-10
22025,1610612749,MIL,Milwaukee Bucks,0022500203,2025-11-10,MIL @ DAL,W,240,116,41,91,0.451,14,36,0.389,20,25,0.8,8,36,44,24,9,6,13,26,2.0,2025-11-10,2025-11-10
22025,1610612762,UTA,Utah Jazz,0022500205,2025-11-10,UTA vs. MIN,L,240,113,38,95,0.4,17,52,0.327,20,24,0.833,16,34,50,30,5,5,15,24,-7.0,2025-11-10,2025-11-10
22025,1610612757,POR,Portland Trail Blazers,0022500200,2025-11-10,POR @ ORL,L,241,112,40,90,0.444,13,36,0.361,19,26,0.731,11,27,38,22,5,3,8,24,-3.0,2025-11-10,2025-11-10
22025,1610612737,ATL,Atlanta Hawks,0022500206,2025-11-10,ATL @ LAC,W,239,105,38,84,0.452,13,34,0.382,16,20,0.8,7,34,41,30,7,8,11,22,3.0,2025-11-10,2025-11-10
22025,1610612751,BKN,Brooklyn Nets,0022500192,2025-11-09,BKN @ NYK,L,239,98,33,82,0.402,14,45,0.311,18,24,0.75,15,23,38,21,5,8,19,25,-36.0,2025-11-09,2025-11-09
22025,1610612745,HOU,Houston Rockets,0022500191,2025-11-09,HOU @ MIL,W,239,122,48,90,0.533,10,26,0.385,16,21,0.762,20,30,50,24,8,3,17,19,7.0,2025-11-09,2025-11-09
22025,1610612758,SAC,Sacramento Kings,0022500197,2025-11-09,SAC vs. MIN,L,241,117,40,90,0.444,13,29,0.448,24,31,0.774,12,31,43,25,8,3,16,20,-27.0,2025-11-09,2025-11-09
22025,1610612744,GSW,Golden State Warriors,0022500196,2025-11-09,GSW vs. IND,W,240,114,38,88,0.432,12,44,0.273,26,37,0.703,11,39,50,22,11,6,10,16,31.0,2025-11-09,2025-11-09
22025,1610612753,ORL,Orlando Magic,0022500193,2025-11-09,ORL vs. BOS,L,240,107,35,78,0.449,7,29,0.241,30,32,0.938,12,30,42,21,8,4,17,24,-4.0,2025-11-09,2025-11-09
22025,1610612763,MEM,Memphis Grizzlies,0022500194,2025-11-09,MEM vs. OKC,L,241,100,35,91,0.385,17,44,0.386,13,18,0.722,11,39,50,30,3,6,14,25,-14.0,2025-11-09,2025-11-09
22025,1610612755,PHI,Philadelphia 76ers,0022500195,2025-11-09,PHI vs. DET,L,241,108,36,84,0.429,12,33,0.364,24,28,0.857,12,32,44,22,8,6,19,22,-3.0,2025-11-09,2025-11-09
22025,1610612754,IND,Indiana Pacers,0022500189,2025-11-08,IND @ DEN,L,240,100,33,93,0.355,8,36,0.222,26,34,0.765,15,28,43,20,9,6,11,23,-17.0,2025-11-08,2025-11-08
22025,1610612764,WAS,Washington Wizards,0022500183,2025-11-08,WAS vs. DAL,L,240,105,37,89,0.416,11,35,0.314,20,23,0.87,12,32,44,17,7,7,18,21,-6.0,2025-11-08,2025-11-08
22025,1610612740,NOP,New Orleans Pelicans,0022500188,2025-11-08,NOP @ SAS,L,241,119,45,94,0.479,15,38,0.395,14,17,0.824,11,29,40,27,7,2,11,19,-7.0,2025-11-08,2025-11-08
22025,1610612737,ATL,Atlanta Hawks,0022500185,2025-11-08,ATL vs. LAL,W,240,122,48,93,0.516,16,39,0.41,10,11,0.909,7,30,37,37,13,6,11,14,20.0,2025-11-08,2025-11-08
22025,1610612757,POR,Portland Trail Blazers,0022500187,2025-11-08,POR @ MIA,L,240,131,49,109,0.45,14,51,0.275,19,23,0.826,22,35,57,29,8,4,20,32,-5.0,2025-11-08,2025-11-08
22025,1610612756,PHX,Phoenix Suns,0022500190,2025-11-08,PHX @ LAC,W,242,114,40,83,0.482,16,38,0.421,18,21,0.857,13,29,42,30,9,2,12,19,11.0,2025-11-08,2025-11-08
22025,1610612755,PHI,Philadelphia 76ers,0022500184,2025-11-08,PHI vs. TOR,W,241,130,49,96,0.51,10,35,0.286,22,28,0.786,15,39,54,31,4,9,13,22,10.0,2025-11-08,2025-11-08
22025,1610612741,CHI,Chicago Bulls,0022500186,2025-11-08,CHI @ CLE,L,241,122,38,84,0.452,13,29,0.448,33,36,0.917,10,39,49,27,8,4,13,25,-6.0,2025-11-08,2025-11-08
22025,1610612737,ATL,Atlanta Hawks,0022500030,2025-11-07,ATL vs. TOR,L,241,97,33,96,0.344,9,38,0.237,22,23,0.957,19,35,54,24,8,7,15,19,-12.0,2025-11-07,2025-11-07
22025,1610612745,HOU,Houston Rockets,0022500032,2025-11-07,HOU @ SAS,L,241,110,39,85,0.459,13,27,0.481,19,21,0.905,17,24,41,25,12,4,23,24,-11.0,2025-11-07,2025-11-07
22025,1610612764,WAS,Washington Wizards,0022500029,2025-11-07,WAS vs. CLE,L,240,115,41,91,0.451,15,41,0.366,18,23,0.783,16,28,44,32,5,7,20,24,-33.0,2025-11-07,2025-11-07
22025,1610612758,SAC,Sacramento Kings,0022500038,2025-11-07,SAC vs. OKC,L,241,101,38,92,0.413,15,40,0.375,10,15,0.667,8,30,38,27,6,3,15,20,-31.0,2025-11-07,2025-11-07
22025,1610612765,DET,Detroit Pistons,0022500031,2025-11-07,DET @ BKN,W,240,125,49,85,0.576,6,26,0.231,21,30,0.7,11,35,46,32,14,1,13,19,18.0,2025-11-07,2025-11-07
22025,1610612738,BOS,Boston Celtics,0022500028,2025-11-07,BOS @ ORL,L,240,110,43,95,0.453,13,37,0.351,11,16,0.688,12,32,44,26,9,8,14,27,-13.0,2025-11-07,2025-11-07
22025,1610612763,MEM,Memphis Grizzlies,0022500034,2025-11-07,MEM vs. DAL,W,239,118,41,85,0.482,13,35,0.371,23,28,0.821,7,35,42,27,8,1,13,20,14.0,2025-11-07,2025-11-07
22025,1610612750,MIN,Minnesota Timberwolves,0022500036,2025-11-07,MIN vs. UTA,W,242,137,50,88,0.568,17,36,0.472,20,27,0.741,13,39,52,32,10,10,21,23,40.0,2025-11-07,2025-11-07
22025,1610612748,MIA,Miami Heat,0022500033,2025-11-07,MIA vs. CHA,W,239,126,51,99,0.515,12,28,0.429,12,14,0.857,6,31,37,31,10,7,8,21,18.0,2025-11-07,2025-11-07
22025,1610612741,CHI,Chicago Bulls,0022500035,2025-11-07,CHI @ MIL,L,240,110,44,90,0.489,10,33,0.303,12,16,0.75,8,37,45,34,9,3,14,19,-16.0,2025-11-07,2025-11-07
22025,1610612743,DEN,Denver Nuggets,0022500037,2025-11-07,DEN vs. GSW,W,241,129,46,82,0.561,16,33,0.485,21,25,0.84,7,34,41,34,8,4,8,15,25.0,2025-11-07,2025-11-07
22025,1610612756,PHX,Phoenix Suns,0022500182,2025-11-06,PHX vs. LAC,W,239,115,41,92,0.446,19,49,0.388,14,19,0.737,15,29,44,27,13,2,15,23,13.0,2025-11-06,2025-11-06
22025,1610612748,MIA,Miami Heat,0022500178,2025-11-05,MIA @ DEN,L,241,112,38,86,0.442,14,41,0.341,22,25,0.88,5,33,38,26,13,4,14,20,-10.0,2025-11-05,2025-11-05
22025,1610612738,BOS,Boston Celtics,0022500174,2025-11-05,BOS vs. WAS,W,241,136,52,95,0.547,16,41,0.39,16,21,0.762,12,28,40,31,12,3,5,24,29.0,2025-11-05,2025-11-05
22025,1610612747,LAL,Los Angeles Lakers,0022500179,2025-11-05,LAL vs. SAS,W,242,118,37,83,0.446,10,31,0.323,34,44,0.773,12,26,38,23,8,5,12,30,2.0,2025-11-05,2025-11-05
22025,1610612740,NOP,New Orleans Pelicans,0022500177,2025-11-05,NOP @ DAL,W,240,101,39,91,0.429,10,31,0.323,13,16,0.813,14,42,56,18,10,3,13,18,2.0,2025-11-05,2025-11-05
22025,1610612745,HOU,Houston Rockets,0022500176,2025-11-05,HOU @ MEM,W,241,124,48,101,0.475,13,30,0.433,15,18,0.833,15,39,54,29,9,3,13,21,15.0,2025-11-05,2025-11-05
22025,1610612739,CLE,Cleveland Cavaliers,0022500171,2025-11-05,CLE vs. PHI,W,241,132,49,92,0.533,18,44,0.409,16,17,0.941,10,24,34,33,9,7,14,22,11.0,2025-11-05,2025-11-05
22025,1610612754,IND,Indiana Pacers,0022500173,2025-11-05,IND vs. BKN,L,239,103,41,99,0.414,13,36,0.361,8,13,0.615,16,40,56,29,6,5,16,23,-9.0,2025-11-05,2025-11-05
22025,1610612765,DET,Detroit Pistons,0022500172,2025-11-05,DET vs. UTA,W,239,114,45,91,0.495,11,30,0.367,13,22,0.591,13,39,52,24,5,6,13,23,11.0,2025-11-05,2025-11-05
22025,1610612744,GSW,Golden State Warriors,0022500181,2025-11-05,GSW @ SAC,L,241,116,40,89,0.449,17,43,0.395,19,23,0.826,10,34,44,28,10,6,18,26,-5.0,2025-11-05,2025-11-05
22025,1610612760,OKC,Oklahoma City Thunder,0022500180,2025-11-05,OKC @ POR,L,240,119,38,91,0.418,15,38,0.395,28,31,0.903,13,37,50,24,9,5,14,27,-2.0,2025-11-05,2025-11-05
22025,1610612750,MIN,Minnesota Timberwolves,0022500175,2025-11-05,MIN @ NYK,L,239,114,40,83,0.482,19,40,0.475,15,17,0.882,9,22,31,30,6,2,17,14,-23.0,2025-11-05,2025-11-05
22025,1610612746,LAC,LA Clippers,0022500170,2025-11-04,LAC vs. OKC,L,242,107,33,80,0.413,18,43,0.419,23,27,0.852,10,32,42,26,9,2,19,20,-19.0,2025-11-04,2025-11-04
22025,1610612741,CHI,Chicago Bulls,0022500167,2025-11-04,CHI vs. PHI,W,240,113,42,89,0.472,13,34,0.382,16,20,0.8,12,36,48,26,11,9,18,19,2.0,2025-11-04,2025-11-04
22025,1610612761,TOR,Toronto Raptors,0022500165,2025-11-04,TOR vs. MIL,W,241,128,44,91,0.484,17,38,0.447,23,29,0.793,10,40,50,33,8,6,9,23,28.0,2025-11-04,2025-11-04
22025,1610612737,ATL,Atlanta Hawks,0022500166,2025-11-04,ATL vs. ORL,W,240,127,40,72,0.556,13,30,0.433,34,42,0.81,6,28,34,23,11,6,18,24,15.0,2025-11-04,2025-11-04
22025,1610612744,GSW,Golden State Warriors,0022500169,2025-11-04,GSW vs. PHX,W,240,118,41,83,0.494,19,42,0.452,17,20,0.85,8,31,39,33,9,4,15,18,11.0,2025-11-04,2025-11-04
22025,1610612740,NOP,New Orleans Pelicans,0022500168,2025-11-04,NOP vs. CHA,W,240,116,43,90,0.478,17,38,0.447,13,19,0.684,13,26,39,27,9,3,12,20,4.0,2025-11-04,2025-11-04
22025,1610612751,BKN,Brooklyn Nets,0022500156,2025-11-03,BKN vs. MIN,L,243,109,36,89,0.404,12,40,0.3,25,38,0.658,18,22,40,25,9,4,12,24,-16.0,2025-11-03,2025-11-03
22025,1610612748,MIA,Miami Heat,0022500164,2025-11-03,MIA @ LAC,W,241,120,45,83,0.542,12,25,0.48,18,24,0.75,6,31,37,33,12,3,16,15,1.0,2025-11-03,2025-11-03
22025,1610612754,IND,Indiana Pacers,0022500157,2025-11-03,IND vs. MIL,L,241,115,39,90,0.433,8,33,0.242,29,38,0.763,14,31,45,24,8,4,11,24,-2.0,2025-11-03,2025-11-03
22025,1610612758,SAC,Sacramento Kings,0022500162,2025-11-03,SAC @ DEN,L,240,124,47,90,0.522,9,27,0.333,21,25,0.84,8,39,47,27,5,1,15,24,-6.0,2025-11-03,2025-11-03
22025,1610612738,BOS,Boston Celtics,0022500158,2025-11-03,BOS vs. UTA,L,240,103,37,89,0.416,11,51,0.216,18,22,0.818,10,26,36,21,12,4,10,22,-2.0,2025-11-03,2025-11-03
22025,1610612742,DAL,Dallas Mavericks,0022500160,2025-11-03,DAL @ HOU,L,241,102,40,89,0.449,9,36,0.25,13,20,0.65,10,30,40,30,12,6,15,25,-8.0,2025-11-03,2025-11-03
22025,1610612757,POR,Portland Trail Blazers,0022500163,2025-11-03,POR vs. LAL,L,242,115,42,85,0.494,9,40,0.225,22,30,0.733,15,23,38,23,13,3,18,18,-8.0,2025-11-03,2025-11-03
22025,1610612765,DET,Detroit Pistons,0022500161,2025-11-03,DET @ MEM,W,240,114,42,83,0.506,10,31,0.323,20,29,0.69,10,33,43,23,11,9,12,21,8.0,2025-11-03,2025-11-03
22025,1610612764,WAS,Washington Wizards,0022500159,2025-11-03,WAS @ NYK,L,238,102,38,81,0.469,13,35,0.371,13,19,0.684,7,37,44,30,7,5,20,21,-17.0,2025-11-03,2025-11-03
22025,1610612748,MIA,Miami Heat,0022500155,2025-11-02,MIA @ LAL,L,241,120,43,84,0.512,9,33,0.273,25,36,0.694,9,33,42,29,7,3,15,20,-10.0,2025-11-02,2025-11-02
22025,1610612760,OKC,Oklahoma City Thunder,0022500148,2025-11-02,OKC vs. NOP,W,240,137,47,84,0.56,20,48,0.417,23,26,0.885,8,34,42,33,12,5,11,22,31.0,2025-11-02,2025-11-02
22025,1610612762,UTA,Utah Jazz,0022500150,2025-11-02,UTA @ CHA,L,240,103,36,88,0.409,7,32,0.219,24,29,0.828,10,28,38,27,7,3,10,24,-23.0,2025-11-02,2025-11-02
22025,1610612759,SAS,San Antonio Spurs,0022500154,2025-11-02,SAS @ PHX,L,241,118,45,98,0.459,10,41,0.244,18,23,0.783,16,25,41,21,11,5,14,21,-12.0,2025-11-02,2025-11-02
22025,1610612741,CHI,Chicago Bulls,0022500153,2025-11-02,CHI @ NYK,L,239,116,45,93,0.484,17,40,0.425,9,11,0.818,12,34,46,28,7,3,14,20,-12.0,2025-11-02,2025-11-02
22025,1610612755,PHI,Philadelphia 76ers,0022500149,2025-11-02,PHI @ BKN,W,239,129,50,96,0.521,15,40,0.375,14,17,0.824,12,32,44,34,10,6,15,25,24.0,2025-11-02,2025-11-02
22025,1610612737,ATL,Atlanta Hawks,0022500151,2025-11-02,ATL @ CLE,L,240,109,39,77,0.506,6,23,0.261,25,35,0.714,8,38,46,28,9,3,22,21,-8.0,2025-11-02,2025-11-02
22025,1610612761,TOR,Toronto Raptors,0022500152,2025-11-02,TOR vs. MEM,W,240,117,45,89,0.506,11,37,0.297,16,20,0.8,15,34,49,32,5,7,15,23,13.0,2025-11-02,2025-11-02
22025,1610612758,SAC,Sacramento Kings,0022500142,2025-11-01,SAC @ MIL,W,240,135,45,87,0.517,10,28,0.357,35,40,0.875,11,27,38,30,8,1,9,21,2.0,2025-11-01,2025-11-01
22025,1610612753,ORL,Orlando Magic,0022500145,2025-11-01,ORL @ WAS,W,241,125,47,92,0.511,12,36,0.333,19,22,0.864,8,45,53,32,13,10,15,16,31.0,2025-11-01,2025-11-01
22025,1610612766,CHA,Charlotte Hornets,0022500143,2025-11-01,CHA vs. MIN,L,240,105,34,86,0.395,13,45,0.289,24,27,0.889,10,35,45,23,4,4,14,16,-17.0,2025-11-01,2025-11-01
22025,1610612744,GSW,Golden State Warriors,0022500144,2025-11-01,GSW @ IND,L,239,109,39,90,0.433,12,44,0.273,19,22,0.864,10,34,44,25,5,4,16,27,-5.0,2025-11-01,2025-11-01
22025,1610612745,HOU,Houston Rockets,0022500146,2025-11-01,HOU @ BOS,W,241,128,42,77,0.545,19,29,0.655,25,35,0.714,12,41,53,30,6,11,18,14,27.0,2025-11-01,2025-11-01
22025,1610612765,DET,Detroit Pistons,0022500147,2025-11-01,DAL @ DET,W,239,122,45,91,0.495,9,24,0.375,23,34,0.676,14,33,47,29,10,4,7,22,12.0,2025-11-01,2025-11-01
22025,1610612757,POR,Portland Trail Blazers,0022500026,2025-10-31,POR vs. DEN,W,238,109,38,91,0.418,11,39,0.282,22,31,0.71,16,27,43,26,11,5,12,24,2.0,2025-10-31,2025-10-31
22025,1610612747,LAL,Los Angeles Lakers,0022500024,2025-10-31,LAL @ MEM,W,240,117,39,76,0.513,13,38,0.342,26,33,0.788,5,35,40,24,8,3,13,16,5.0,2025-10-31,2025-10-31
22025,1610612762,UTA,Utah Jazz,0022500025,2025-10-31,UTA @ PHX,L,241,96,30,80,0.375,12,37,0.324,24,32,0.75,12,36,48,23,4,3,21,22,-22.0,2025-10-31,2025-10-31
22025,1610612755,PHI,Philadelphia 76ers,0022500021,2025-10-31,PHI vs. BOS,L,240,108,37,78,0.474,13,34,0.382,21,29,0.724,9,31,40,27,6,7,18,13,-1.0,2025-10-31,2025-10-31
22025,1610612737,ATL,Atlanta Hawks,0022500020,2025-10-31,ATL @ IND,W,239,128,51,94,0.543,10,30,0.333,16,20,0.8,12,43,55,30,10,5,10,23,20.0,2025-10-31,2025-10-31
22025,1610612741,CHI,Chicago Bulls,0022500023,2025-10-31,CHI vs. NYK,W,239,135,45,84,0.536,17,37,0.459,28,35,0.8,6,35,41,31,8,6,7,22,10.0,2025-10-31,2025-10-31
22025,1610612761,TOR,Toronto Raptors,0022500022,2025-10-31,TOR @ CLE,W,240,112,40,82,0.488,13,30,0.433,19,24,0.792,10,38,48,27,9,4,16,18,11.0,2025-10-31,2025-10-31
22025,1610612746,LAC,LA Clippers,0022500027,2025-10-31,LAC vs. NOP,W,240,126,46,89,0.517,15,39,0.385,19,21,0.905,10,27,37,28,12,6,12,19,2.0,2025-10-31,2025-10-31
22025,1610612759,SAS,San Antonio Spurs,0022500141,2025-10-30,SAS vs. MIA,W,240,107,38,86,0.442,14,41,0.341,17,23,0.739,9,39,48,26,10,8,11,17,6.0,2025-10-30,2025-10-30
22025,1610612753,ORL,Orlando Magic,0022500138,2025-10-30,ORL @ CHA,W,240,123,45,87,0.517,16,38,0.421,17,23,0.739,14,24,38,29,10,7,13,19,16.0,2025-10-30,2025-10-30
22025,1610612764,WAS,Washington Wizards,0022500140,2025-10-30,WAS @ OKC,L,242,108,38,84,0.452,17,40,0.425,15,17,0.882,12,37,49,25,3,6,22,26,-19.0,2025-10-30,2025-10-30
22025,1610612744,GSW,Golden State Warriors,0022500139,2025-10-30,GSW @ MIL,L,241,110,36,85,0.424,13,38,0.342,25,26,0.962,9,35,44,23,8,6,19,17,-10.0,2025-10-30,2025-10-30
22025,1610612750,MIN,Minnesota Timberwolves,0022500136,2025-10-29,MIN vs. LAL,L,239,115,41,82,0.5,15,30,0.5,18,22,0.818,9,25,34,30,8,5,18,23,-1.0,2025-10-29,2025-10-29
22025,1610612737,ATL,Atlanta Hawks,0022500130,2025-10-29,ATL @ BKN,W,240,117,44,93,0.473,13,33,0.394,16,22,0.727,13,31,44,33,11,8,8,26,5.0,2025-10-29,2025-10-29
22025,1610612757,POR,Portland Trail Blazers,0022500135,2025-10-29,POR @ UTA,W,240,136,46,96,0.479,21,55,0.382,23,27,0.852,14,25,39,34,14,5,16,33,2.0,2025-10-29,2025-10-29
22025,1610612765,DET,Detroit Pistons,0022500129,2025-10-29,DET vs. ORL,W,240,135,46,93,0.495,13,32,0.406,30,34,0.882,14,32,46,29,11,8,13,28,19.0,2025-10-29,2025-10-29
22025,1610612761,TOR,Toronto Raptors,0022500131,2025-10-29,TOR vs. HOU,L,240,121,43,85,0.506,21,40,0.525,14,19,0.737,4,18,22,29,6,2,10,26,-18.0,2025-10-29,2025-10-29
22025,1610612758,SAC,Sacramento Kings,0022500132,2025-10-29,SAC @ CHI,L,241,113,43,82,0.524,7,28,0.25,20,26,0.769,5,26,31,28,10,2,10,17,-13.0,2025-10-29,2025-10-29
22025,1610612742,DAL,Dallas Mavericks,0022500133,2025-10-29,DAL vs. IND,W,240,107,36,79,0.456,5,24,0.208,30,37,0.811,7,40,47,21,4,7,19,22,2.0,2025-10-29,2025-10-29
22025,1610612763,MEM,Memphis Grizzlies,0022500137,2025-10-29,MEM @ PHX,W,241,114,44,93,0.473,15,38,0.395,11,13,0.846,9,32,41,31,12,3,17,17,1.0,2025-10-29,2025-10-29
22025,1610612738,BOS,Boston Celtics,0022500128,2025-10-29,BOS vs. CLE,W,240,125,42,95,0.442,21,57,0.368,20,24,0.833,18,35,53,29,11,3,9,19,20.0,2025-10-29,2025-10-29
22025,1610612743,DEN,Denver Nuggets,0022500134,2025-10-29,DEN vs. NOP,W,241,122,48,90,0.533,14,42,0.333,12,14,0.857,13,43,56,40,6,4,14,23,34.0,2025-10-29,2025-10-29
22025,1610612744,GSW,Golden State Warriors,0022500127,2025-10-28,GSW vs. LAC,W,241,98,39,86,0.453,17,45,0.378,3,4,0.75,10,32,42,24,11,3,13,15,19.0,2025-10-28,2025-10-28
22025,1610612764,WAS,Washington Wizards,0022500123,2025-10-28,WAS vs. PHI,L,266,134,51,107,0.477,17,43,0.395,15,21,0.714,13,37,50,33,10,5,15,30,-5.0,2025-10-28,2025-10-28
22025,1610612758,SAC,Sacramento Kings,0022500126,2025-10-28,SAC @ OKC,L,240,101,36,85,0.424,10,29,0.345,19,21,0.905,9,37,46,21,11,3,17,16,-6.0,2025-10-28,2025-10-28
22025,1610612748,MIA,Miami Heat,0022500124,2025-10-28,MIA vs. CHA,W,242,144,52,96,0.542,20,45,0.444,20,22,0.909,8,29,37,34,8,2,11,16,27.0,2025-10-28,2025-10-28
22025,1610612752,NYK,New York Knicks,0022500125,2025-10-28,NYK @ MIL,L,240,111,39,92,0.424,13,40,0.325,20,23,0.87,17,28,45,24,9,2,13,21,-10.0,2025-10-28,2025-10-28
22025,1610612750,MIN,Minnesota Timberwolves,0022500008,2025-10-27,MIN vs. DEN,L,240,114,40,85,0.471,10,32,0.313,24,29,0.828,7,26,33,19,8,9,14,22,-13.0,2025-10-27,2025-10-27
22025,1610612760,OKC,Oklahoma City Thunder,0022500119,2025-10-27,OKC @ DAL,W,239,101,42,90,0.467,6,30,0.2,11,13,0.846,9,46,55,21,5,5,13,23,7.0,2025-10-27,2025-10-27
22025,1610612753,ORL,Orlando Magic,0022500114,2025-10-27,ORL @ PHI,L,240,124,45,82,0.549,8,25,0.32,26,38,0.684,13,30,43,27,4,7,13,22,-12.0,2025-10-27,2025-10-27
22025,1610612759,SAS,San Antonio Spurs,0022500118,2025-10-27,SAS vs. TOR,W,239,121,39,67,0.582,13,27,0.481,30,36,0.833,7,37,44,29,11,3,20,17,18.0,2025-10-27,2025-10-27
22025,1610612739,CLE,Cleveland Cavaliers,0022500007,2025-10-27,CLE @ DET,W,240,116,39,85,0.459,11,35,0.314,27,35,0.771,12,36,48,25,11,4,19,25,21.0,2025-10-27,2025-10-27
22025,1610612763,MEM,Memphis Grizzlies,0022500121,2025-10-27,MEM @ GSW,L,238,118,40,88,0.455,12,39,0.308,26,28,0.929,7,32,39,32,8,3,13,20,-13.0,2025-10-27,2025-10-27
22025,1610612757,POR,Portland Trail Blazers,0022500122,2025-10-27,POR @ LAL,W,238,122,47,103,0.456,14,43,0.326,14,15,0.933,19,30,49,24,12,9,18,17,14.0,2025-10-27,2025-10-27
22025,1610612741,CHI,Chicago Bulls,0022500115,2025-10-27,CHI vs. ATL,W,241,128,48,92,0.522,16,43,0.372,16,21,0.762,12,39,51,33,5,4,14,20,5.0,2025-10-27,2025-10-27
22025,1610612762,UTA,Utah Jazz,0022500120,2025-10-27,UTA vs. PHX,W,266,138,44,108,0.407,16,49,0.327,34,36,0.944,28,36,64,27,8,4,18,27,4.0,2025-10-27,2025-10-27
22025,1610612740,NOP,New Orleans Pelicans,0022500117,2025-10-27,NOP vs. BOS,L,240,90,28,84,0.333,9,36,0.25,25,28,0.893,11,24,35,17,7,0,13,19,-32.0,2025-10-27,2025-10-27
22025,1610612745,HOU,Houston Rockets,0022500116,2025-10-27,HOU vs. BKN,W,240,137,49,85,0.576,16,32,0.5,23,26,0.885,9,30,39,33,10,4,9,22,28.0,2025-10-27,2025-10-27
22025,1610612747,LAL,Los Angeles Lakers,0022500113,2025-10-26,LAL @ SAC,W,241,127,39,80,0.488,8,25,0.32,41,46,0.891,10,37,47,26,9,3,17,17,7.0,2025-10-26,2025-10-26
22025,1610612739,CLE,Cleveland Cavaliers,0022500107,2025-10-26,CLE vs. MIL,W,239,118,39,87,0.448,12,40,0.3,28,35,0.8,10,34,44,23,10,2,16,23,5.0,2025-10-26,2025-10-26
22025,1610612757,POR,Portland Trail Blazers,0022500112,2025-10-26,POR @ LAC,L,239,107,34,92,0.37,11,41,0.268,28,34,0.824,18,24,42,24,12,2,16,21,-7.0,2025-10-26,2025-10-26
22025,1610612738,BOS,Boston Celtics,0022500106,2025-10-26,BOS @ DET,L,238,113,40,94,0.426,15,45,0.333,18,24,0.75,12,26,38,17,11,8,12,26,-6.0,2025-10-26,2025-10-26
22025,1610612748,MIA,Miami Heat,0022500108,2025-10-26,MIA vs. NYK,W,241,115,38,83,0.458,13,37,0.351,26,31,0.839,9,41,50,25,7,1,16,16,8.0,2025-10-26,2025-10-26
22025,1610612764,WAS,Washington Wizards,0022500109,2025-10-26,WAS vs. CHA,L,240,113,41,91,0.451,10,34,0.294,21,25,0.84,7,33,40,25,5,4,15,27,-26.0,2025-10-26,2025-10-26
22025,1610612761,TOR,Toronto Raptors,0022500111,2025-10-26,TOR @ DAL,L,240,129,49,100,0.49,13,33,0.394,18,24,0.75,14,29,43,33,10,1,14,28,-10.0,2025-10-26,2025-10-26
22025,1610612751,BKN,Brooklyn Nets,0022500105,2025-10-26,BKN @ SAS,L,240,107,34,87,0.391,16,50,0.32,23,24,0.958,11,23,34,22,9,0,11,30,-11.0,2025-10-26,2025-10-26
22025,1610612754,IND,Indiana Pacers,0022500110,2025-10-26,IND @ MIN,L,240,110,39,91,0.429,14,40,0.35,18,27,0.667,16,33,49,24,7,5,16,27,-4.0,2025-10-26,2025-10-26
22025,1610612763,MEM,Memphis Grizzlies,0022500103,2025-10-25,MEM vs. IND,W,241,128,44,97,0.454,15,39,0.385,25,32,0.781,10,39,49,31,6,4,4,22,25.0,2025-10-25,2025-10-25
22025,1610612760,OKC,Oklahoma City Thunder,0022500101,2025-10-25,OKC @ ATL,W,241,117,43,93,0.462,14,37,0.378,17,19,0.895,15,35,50,21,13,3,12,19,17.0,2025-10-25,2025-10-25
22025,1610612743,DEN,Denver Nuggets,0022500104,2025-10-25,DEN vs. PHX,W,241,133,43,84,0.512,9,31,0.29,38,42,0.905,11,32,43,31,14,1,16,23,22.0,2025-10-25,2025-10-25
22025,1610612753,ORL,Orlando Magic,0022500100,2025-10-25,ORL vs. CHI,L,240,98,34,87,0.391,3,24,0.125,27,33,0.818,15,38,53,12,8,5,20,25,-12.0,2025-10-25,2025-10-25
22025,1610612755,PHI,Philadelphia 76ers,0022500102,2025-10-25,PHI vs. CHA,W,240,125,41,87,0.471,18,39,0.462,25,32,0.781,11,29,40,29,10,5,15,25,4.0,2025-10-25,2025-10-25
22025,1610612737,ATL,Atlanta Hawks,0022500090,2025-10-24,ATL @ ORL,W,242,111,41,85,0.482,8,29,0.276,21,28,0.75,9,31,40,26,9,5,16,21,4.0,2025-10-24,2025-10-24
22025,1610612747,LAL,Los Angeles Lakers,0022500019,2025-10-24,LAL vs. MIN,W,241,128,45,76,0.592,12,29,0.414,26,32,0.813,7,31,38,26,6,3,10,20,18.0,2025-10-24,2025-10-24
22025,1610612746,LAC,LA Clippers,0022500099,2025-10-24,LAC vs. PHX,W,240,129,45,76,0.592,16,29,0.552,23,26,0.885,10,35,45,32,12,5,17,19,27.0,2025-10-24,2025-10-24
22025,1610612742,DAL,Dallas Mavericks,0022500096,2025-10-24,DAL vs. WAS,L,238,107,38,88,0.432,10,34,0.294,21,27,0.778,9,39,48,23,11,5,21,19,-10.0,2025-10-24,2025-10-24
22025,1610612752,NYK,New York Knicks,0022500018,2025-10-24,NYK vs. BOS,W,240,105,33,86,0.384,17,45,0.378,22,25,0.88,21,32,53,23,7,4,15,17,10.0,2025-10-24,2025-10-24
22025,1610612763,MEM,Memphis Grizzlies,0022500094,2025-10-24,MEM vs. MIA,L,240,114,38,95,0.4,13,45,0.289,25,28,0.893,12,29,41,29,8,4,20,19,-32.0,2025-10-24,2025-10-24
22025,1610612745,HOU,Houston Rockets,0022500093,2025-10-24,HOU vs. DET,L,239,111,32,83,0.386,10,22,0.455,37,48,0.771,17,28,45,15,14,2,13,24,-4.0,2025-10-24,2025-10-24
22025,1610612749,MIL,Milwaukee Bucks,0022500092,2025-10-24,MIL @ TOR,W,241,122,47,90,0.522,14,40,0.35,14,25,0.56,14,37,51,25,9,5,18,24,6.0,2025-10-24,2025-10-24
22025,1610612751,BKN,Brooklyn Nets,0022500091,2025-10-24,BKN vs. CLE,L,238,124,49,96,0.51,19,45,0.422,7,7,1.0,10,28,38,30,9,0,19,28,-7.0,2025-10-24,2025-10-24
22025,1610612762,UTA,Utah Jazz,0022500098,2025-10-24,UTA @ SAC,L,239,104,38,86,0.442,13,41,0.317,15,17,0.882,11,39,50,25,6,1,19,16,-1.0,2025-10-24,2025-10-24
22025,1610612744,GSW,Golden State Warriors,0022500097,2025-10-24,GSW @ POR,L,241,119,35,80,0.438,16,38,0.421,33,39,0.846,12,29,41,24,12,3,25,22,-20.0,2025-10-24,2025-10-24
22025,1610612759,SAS,San Antonio Spurs,0022500095,2025-10-24,SAS @ NOP,W,264,120,45,98,0.459,13,43,0.302,17,26,0.654,20,39,59,25,6,13,18,27,4.0,2025-10-24,2025-10-24
22025,1610612744,GSW,Golden State Warriors,0022500006,2025-10-23,GSW vs. DEN,W,265,137,50,99,0.505,18,47,0.383,19,25,0.76,10,33,43,33,11,3,8,16,6.0,2025-10-23,2025-10-23
22025,1610612754,IND,Indiana Pacers,0022500005,2025-10-23,IND vs. OKC,L,290,135,46,105,0.438,13,43,0.302,30,40,0.75,11,44,55,21,6,4,14,37,-6.0,2025-10-23,2025-10-23
22025,1610612758,SAC,Sacramento Kings,0022500088,2025-10-22,SAC @ PHX,L,240,116,47,94,0.5,9,24,0.375,13,23,0.565,9,28,37,24,10,10,13,22,-4.0,2025-10-22,2025-10-22
22025,1610612755,PHI,Philadelphia 76ers,0022500083,2025-10-22,PHI @ BOS,W,240,117,39,85,0.459,16,41,0.39,23,30,0.767,10,30,40,23,3,4,14,23,1.0,2025-10-22,2025-10-22
22025,1610612761,TOR,Toronto Raptors,0022500082,2025-10-22,TOR @ ATL,W,240,138,54,95,0.568,6,25,0.24,24,29,0.828,12,42,54,36,10,4,19,31,20.0,2025-10-22,2025-10-22
22025,1610612757,POR,Portland Trail Blazers,0022500089,2025-10-22,POR vs. MIN,L,241,114,36,90,0.4,13,42,0.31,29,35,0.829,7,32,39,25,10,3,15,17,-4.0,2025-10-22,2025-10-22
22025,1610612766,CHA,Charlotte Hornets,0022500080,2025-10-22,CHA vs. BKN,W,241,136,48,90,0.533,17,36,0.472,23,33,0.697,14,36,50,33,5,5,16,25,19.0,2025-10-22,2025-10-22
22025,1610612759,SAS,San Antonio Spurs,0022500004,2025-10-22,SAS @ DAL,W,241,125,50,87,0.575,8,20,0.4,17,28,0.607,11,39,50,24,10,5,14,24,33.0,2025-10-22,2025-10-22
22025,1610612749,MIL,Milwaukee Bucks,0022500086,2025-10-22,MIL vs. WAS,W,240,133,50,98,0.51,18,44,0.409,15,19,0.789,6,40,46,31,8,6,8,22,13.0,2025-10-22,2025-10-22
22025,1610612740,NOP,New Orleans Pelicans,0022500085,2025-10-22,NOP @ MEM,L,240,122,45,98,0.459,10,27,0.37,22,31,0.71,17,30,47,20,10,4,14,30,-6.0,2025-10-22,2025-10-22
22025,1610612752,NYK,New York Knicks,0022500003,2025-10-22,NYK vs. CLE,W,241,119,37,86,0.43,14,40,0.35,31,36,0.861,9,39,48,22,8,4,13,23,8.0,2025-10-22,2025-10-22
22025,1610612765,DET,Detroit Pistons,0022500084,2025-10-22,DET @ CHI,L,239,111,43,97,0.443,7,24,0.292,18,26,0.692,13,33,46,29,8,10,10,29,-4.0,2025-10-22,2025-10-22
22025,1610612746,LAC,LA Clippers,0022500087,2025-10-22,LAC @ UTA,L,240,108,39,88,0.443,14,45,0.311,16,21,0.762,15,23,38,28,8,6,15,21,-21.0,2025-10-22,2025-10-22
22025,1610612748,MIA,Miami Heat,0022500081,2025-10-22,MIA @ ORL,L,240,121,44,91,0.484,12,35,0.343,21,27,0.778,10,37,47,26,9,4,17,28,-4.0,2025-10-22,2025-10-22
22025,1610612745,HOU,Houston Rockets,0022500001,2025-10-21,HOU @ OKC,L,292,124,43,97,0.443,11,39,0.282,27,31,0.871,16,36,52,23,6,5,22,26,-1.0,2025-10-21,2025-10-21
22025,1610612744,GSW,Golden State Warriors,0022500002,2025-10-21,GSW @ LAL,W,241,119,38,78,0.487,17,40,0.425,26,29,0.897,9,31,40,29,10,4,18,27,10.0,2025-10-21,2025-10-21
