game,category,search_query
NE @ BAL,game_preview,NFL Week 16 2025 NE at BAL preview
NE @ BAL,game_preview,NE BAL Week 16 injury report
NE @ BAL,game_preview,NE vs BAL matchup analysis
NE @ BAL,away_team,NE Week 16 2025 injury report
NE @ BAL,away_team,NE recent performance last 3 games
NE @ BAL,away_team,NE news storylines Week 16
NE @ BAL,home_team,BAL Week 16 2025 injury report
NE @ BAL,home_team,BAL recent performance last 3 games
NE @ BAL,home_team,BAL news storylines Week 16
NE @ BAL,betting,NE BAL betting line Week 16
NE @ BAL,betting,NE BAL spread movement
NE @ BAL,betting,NE BAL odds analysis
LV @ HOU,game_preview,NFL Week 16 2025 LV at HOU preview
LV @ HOU,game_preview,LV HOU Week 16 injury report
LV @ HOU,game_preview,LV vs HOU matchup analysis
LV @ HOU,away_team,LV Week 16 2025 injury report
LV @ HOU,away_team,LV recent performance last 3 games
LV @ HOU,away_team,LV news storylines Week 16
LV @ HOU,home_team,HOU Week 16 2025 injury report
LV @ HOU,home_team,HOU recent performance last 3 games
LV @ HOU,home_team,HOU news storylines Week 16
LV @ HOU,betting,LV HOU betting line Week 16
LV @ HOU,betting,LV HOU spread movement
LV @ HOU,betting,LV HOU odds analysis
ATL @ ARI,game_preview,NFL Week 16 2025 ATL at ARI preview
ATL @ ARI,game_preview,ATL ARI Week 16 injury report
ATL @ ARI,game_preview,ATL vs ARI matchup analysis
ATL @ ARI,away_team,ATL Week 16 2025 injury report
ATL @ ARI,away_team,ATL recent performance last 3 games
ATL @ ARI,away_team,ATL news storylines Week 16
ATL @ ARI,home_team,ARI Week 16 2025 injury report
ATL @ ARI,home_team,ARI recent performance last 3 games
ATL @ ARI,home_team,ARI news storylines Week 16
ATL @ ARI,betting,ATL ARI betting line Week 16
ATL @ ARI,betting,ATL ARI spread movement
ATL @ ARI,betting,ATL ARI odds analysis
MIN @ NYG,game_preview,NFL Week 16 2025 MIN at NYG preview
MIN @ NYG,game_preview,MIN NYG Week 16 injury report
MIN @ NYG,game_preview,MIN vs NYG matchup analysis
MIN @ NYG,away_team,MIN Week 16 2025 injury report
MIN @ NYG,away_team,MIN recent performance last 3 games
MIN @ NYG,away_team,MIN news storylines Week 16
MIN @ NYG,home_team,NYG Week 16 2025 injury report
MIN @ NYG,home_team,NYG recent performance last 3 games
MIN @ NYG,home_team,NYG news storylines Week 16
MIN @ NYG,betting,MIN NYG betting line Week 16
MIN @ NYG,betting,MIN NYG spread movement
MIN @ NYG,betting,MIN NYG odds analysis
TB @ CAR,game_preview,NFL Week 16 2025 TB at CAR preview
TB @ CAR,game_preview,TB CAR Week 16 injury report
TB @ CAR,game_preview,TB vs CAR matchup analysis
TB @ CAR,away_team,TB Week 16 2025 injury report
TB @ CAR,away_team,TB recent performance last 3 games
TB @ CAR,away_team,TB news storylines Week 16
TB @ CAR,home_team,CAR Week 16 2025 injury report
TB @ CAR,home_team,CAR recent performance last 3 games
TB @ CAR,home_team,CAR news storylines Week 16
TB @ CAR,betting,TB CAR betting line Week 16
TB @ CAR,betting,TB CAR spread movement
TB @ CAR,betting,TB CAR odds analysis
