player,game,game_time,market,line,bookmaker,bookmaker_last_update,market_last_update,over_odds,under_odds
Devin Booker,Los Angeles Clippers @ Phoenix Suns,2025-11-07T02:00:00Z,player_assists,7.5,draftkings,2025-11-06T14:55:16Z,2025-11-06T14:55:43Z,-119.0,-108.0
Chris Paul,Los Angeles Clippers @ Phoenix Suns,2025-11-07T02:00:00Z,player_assists,6.5,draftkings,2025-11-06T14:55:16Z,2025-11-06T14:55:43Z,114.0,-148.0
Grayson Allen,Los Angeles Clippers @ Phoenix Suns,2025-11-07T02:00:00Z,player_assists,3.5,draftkings,2025-11-06T14:55:16Z,2025-11-06T14:55:43Z,-156.0,120.0
Collin Gillespie,Los Angeles Clippers @ Phoenix Suns,2025-11-07T02:00:00Z,player_assists,3.5,draftkings,2025-11-06T14:55:16Z,2025-11-06T14:55:43Z,-150.0,115.0
Bradley Beal,Los Angeles Clippers @ Phoenix Suns,2025-11-07T02:00:00Z,player_assists,3.5,draftkings,2025-11-06T14:55:16Z,2025-11-06T14:55:43Z,115.0,-149.0
Jalen Green,Los Angeles Clippers @ Phoenix Suns,2025-11-07T02:00:00Z,player_assists,2.5,draftkings,2025-11-06T14:55:16Z,2025-11-06T14:55:43Z,-136.0,105.0
Royce O'Neale,Los Angeles Clippers @ Phoenix Suns,2025-11-07T02:00:00Z,player_assists,2.5,draftkings,2025-11-06T14:55:16Z,2025-11-06T14:55:43Z,-129.0,100.0
Ivica Zubac,Los Angeles Clippers @ Phoenix Suns,2025-11-07T02:00:00Z,player_assists,2.5,draftkings,2025-11-06T14:55:16Z,2025-11-06T14:55:43Z,-103.0,-126.0
Ivica Zubac,Los Angeles Clippers @ Phoenix Suns,2025-11-07T02:00:00Z,player_blocks,1.5,draftkings,2025-11-06T14:55:16Z,2025-11-06T14:55:43Z,165.0,-222.0
Mark Williams,Los Angeles Clippers @ Phoenix Suns,2025-11-07T02:00:00Z,player_blocks,0.5,draftkings,2025-11-06T14:55:16Z,2025-11-06T14:55:43Z,-224.0,166.0
Ivica Zubac,Los Angeles Clippers @ Phoenix Suns,2025-11-07T02:00:00Z,player_double_double,,draftkings,2025-11-06T14:55:16Z,2025-11-06T14:55:43Z,,
Mark Williams,Los Angeles Clippers @ Phoenix Suns,2025-11-07T02:00:00Z,player_double_double,,draftkings,2025-11-06T14:55:16Z,2025-11-06T14:55:43Z,,
Devin Booker,Los Angeles Clippers @ Phoenix Suns,2025-11-07T02:00:00Z,player_double_double,,draftkings,2025-11-06T14:55:16Z,2025-11-06T14:55:43Z,,
John Collins,Los Angeles Clippers @ Phoenix Suns,2025-11-07T02:00:00Z,player_double_double,,draftkings,2025-11-06T14:55:16Z,2025-11-06T14:55:43Z,,
Grayson Allen,Los Angeles Clippers @ Phoenix Suns,2025-11-07T02:00:00Z,player_double_double,,draftkings,2025-11-06T14:55:16Z,2025-11-06T14:55:43Z,,
Ryan Dunn,Los Angeles Clippers @ Phoenix Suns,2025-11-07T02:00:00Z,player_double_double,,draftkings,2025-11-06T14:55:16Z,2025-11-06T14:55:43Z,,
Royce O'Neale,Los Angeles Clippers @ Phoenix Suns,2025-11-07T02:00:00Z,player_double_double,,draftkings,2025-11-06T14:55:16Z,2025-11-06T14:55:43Z,,
Collin Gillespie,Los Angeles Clippers @ Phoenix Suns,2025-11-07T02:00:00Z,player_double_double,,draftkings,2025-11-06T14:55:16Z,2025-11-06T14:55:43Z,,
Devin Booker,Los Angeles Clippers @ Phoenix Suns,2025-11-07T02:00:00Z,player_points,27.5,draftkings,2025-11-06T14:55:16Z,2025-11-06T14:55:43Z,-123.0,-104.0
Ivica Zubac,Los Angeles Clippers @ Phoenix Suns,2025-11-07T02:00:00Z,player_points,17.5,draftkings,2025-11-06T14:55:16Z,2025-11-06T14:55:43Z,-116.0,-109.0
John Collins,Los Angeles Clippers @ Phoenix Suns,2025-11-07T02:00:00Z,player_points,17.5,draftkings,2025-11-06T14:55:16Z,2025-11-06T14:55:43Z,-116.0,-110.0
Grayson Allen,Los Angeles Clippers @ Phoenix Suns,2025-11-07T02:00:00Z,player_points,15.5,draftkings,2025-11-06T14:55:16Z,2025-11-06T14:55:43Z,-109.0,-117.0
Bradley Beal,Los Angeles Clippers @ Phoenix Suns,2025-11-07T02:00:00Z,player_points,14.5,draftkings,2025-11-06T14:55:16Z,2025-11-06T14:55:43Z,-125.0,-102.0
Mark Williams,Los Angeles Clippers @ Phoenix Suns,2025-11-07T02:00:00Z,player_points,13.5,draftkings,2025-11-06T14:55:16Z,2025-11-06T14:55:43Z,-112.0,-114.0
Jalen Green,Los Angeles Clippers @ Phoenix Suns,2025-11-07T02:00:00Z,player_points,12.5,draftkings,2025-11-06T14:55:16Z,2025-11-06T14:55:43Z,-128.0,100.0
Bogdan Bogdanovic,Los Angeles Clippers @ Phoenix Suns,2025-11-07T02:00:00Z,player_points,11.5,draftkings,2025-11-06T14:55:16Z,2025-11-06T14:55:43Z,-117.0,-109.0
Derrick Jones,Los Angeles Clippers @ Phoenix Suns,2025-11-07T02:00:00Z,player_points,11.5,draftkings,2025-11-06T14:55:16Z,2025-11-06T14:55:43Z,-115.0,-110.0
Collin Gillespie,Los Angeles Clippers @ Phoenix Suns,2025-11-07T02:00:00Z,player_points,9.5,draftkings,2025-11-06T14:55:16Z,2025-11-06T14:55:43Z,-101.0,-126.0
Royce O'Neale,Los Angeles Clippers @ Phoenix Suns,2025-11-07T02:00:00Z,player_points,8.5,draftkings,2025-11-06T14:55:16Z,2025-11-06T14:55:43Z,-132.0,103.0
Ryan Dunn,Los Angeles Clippers @ Phoenix Suns,2025-11-07T02:00:00Z,player_points,8.5,draftkings,2025-11-06T14:55:16Z,2025-11-06T14:55:43Z,-130.0,102.0
Kris Dunn,Los Angeles Clippers @ Phoenix Suns,2025-11-07T02:00:00Z,player_points,8.5,draftkings,2025-11-06T14:55:16Z,2025-11-06T14:55:43Z,-104.0,-123.0
Brook Lopez,Los Angeles Clippers @ Phoenix Suns,2025-11-07T02:00:00Z,player_points,7.5,draftkings,2025-11-06T14:55:16Z,2025-11-06T14:55:43Z,-106.0,-121.0
Chris Paul,Los Angeles Clippers @ Phoenix Suns,2025-11-07T02:00:00Z,player_points,6.5,draftkings,2025-11-06T14:55:16Z,2025-11-06T14:55:43Z,-105.0,-121.0
Devin Booker,Los Angeles Clippers @ Phoenix Suns,2025-11-07T02:00:00Z,player_points_rebounds_assists,39.5,draftkings,2025-11-06T14:55:16Z,2025-11-06T14:55:43Z,-113.0,-115.0
Ivica Zubac,Los Angeles Clippers @ Phoenix Suns,2025-11-07T02:00:00Z,player_points_rebounds_assists,31.5,draftkings,2025-11-06T14:55:16Z,2025-11-06T14:55:43Z,-120.0,-108.0
Grayson Allen,Los Angeles Clippers @ Phoenix Suns,2025-11-07T02:00:00Z,player_points_rebounds_assists,23.5,draftkings,2025-11-06T14:55:16Z,2025-11-06T14:55:43Z,-104.0,-124.0
Jalen Green,Los Angeles Clippers @ Phoenix Suns,2025-11-07T02:00:00Z,player_points_rebounds_assists,19.5,draftkings,2025-11-06T14:55:16Z,2025-11-06T14:55:43Z,-103.0,-126.0
Royce O'Neale,Los Angeles Clippers @ Phoenix Suns,2025-11-07T02:00:00Z,player_points_rebounds_assists,16.5,draftkings,2025-11-06T14:55:16Z,2025-11-06T14:55:43Z,-121.0,-107.0
Ryan Dunn,Los Angeles Clippers @ Phoenix Suns,2025-11-07T02:00:00Z,player_points_rebounds_assists,15.5,draftkings,2025-11-06T14:55:16Z,2025-11-06T14:55:43Z,-111.0,-116.0
Ivica Zubac,Los Angeles Clippers @ Phoenix Suns,2025-11-07T02:00:00Z,player_rebounds,11.5,draftkings,2025-11-06T14:55:16Z,2025-11-06T14:55:43Z,-107.0,-122.0
Mark Williams,Los Angeles Clippers @ Phoenix Suns,2025-11-07T02:00:00Z,player_rebounds,9.5,draftkings,2025-11-06T14:55:16Z,2025-11-06T14:55:43Z,105.0,-136.0
John Collins,Los Angeles Clippers @ Phoenix Suns,2025-11-07T02:00:00Z,player_rebounds,6.5,draftkings,2025-11-06T14:55:16Z,2025-11-06T14:55:43Z,-129.0,-101.0
Ryan Dunn,Los Angeles Clippers @ Phoenix Suns,2025-11-07T02:00:00Z,player_rebounds,4.5,draftkings,2025-11-06T14:55:16Z,2025-11-06T14:55:43Z,-132.0,102.0
Royce O'Neale,Los Angeles Clippers @ Phoenix Suns,2025-11-07T02:00:00Z,player_rebounds,4.5,draftkings,2025-11-06T14:55:16Z,2025-11-06T14:55:43Z,-121.0,-107.0
Derrick Jones,Los Angeles Clippers @ Phoenix Suns,2025-11-07T02:00:00Z,player_rebounds,3.5,draftkings,2025-11-06T14:55:16Z,2025-11-06T14:55:43Z,-124.0,-104.0
Devin Booker,Los Angeles Clippers @ Phoenix Suns,2025-11-07T02:00:00Z,player_rebounds,3.5,draftkings,2025-11-06T14:55:16Z,2025-11-06T14:55:43Z,-111.0,-117.0
Kris Dunn,Los Angeles Clippers @ Phoenix Suns,2025-11-07T02:00:00Z,player_rebounds,3.5,draftkings,2025-11-06T14:55:16Z,2025-11-06T14:55:43Z,-111.0,-117.0
Grayson Allen,Los Angeles Clippers @ Phoenix Suns,2025-11-07T02:00:00Z,player_rebounds,3.5,draftkings,2025-11-06T14:55:16Z,2025-11-06T14:55:43Z,102.0,-133.0
Jalen Green,Los Angeles Clippers @ Phoenix Suns,2025-11-07T02:00:00Z,player_rebounds,3.5,draftkings,2025-11-06T14:55:16Z,2025-11-06T14:55:43Z,129.0,-168.0
Brook Lopez,Los Angeles Clippers @ Phoenix Suns,2025-11-07T02:00:00Z,player_rebounds,2.5,draftkings,2025-11-06T14:55:16Z,2025-11-06T14:55:43Z,-161.0,124.0
Kris Dunn,Los Angeles Clippers @ Phoenix Suns,2025-11-07T02:00:00Z,player_steals,1.5,draftkings,2025-11-06T14:55:16Z,2025-11-06T14:55:43Z,102.0,-136.0
Ryan Dunn,Los Angeles Clippers @ Phoenix Suns,2025-11-07T02:00:00Z,player_steals,1.5,draftkings,2025-11-06T14:55:16Z,2025-11-06T14:55:43Z,138.0,-185.0
Devin Booker,Los Angeles Clippers @ Phoenix Suns,2025-11-07T02:00:00Z,player_steals,0.5,draftkings,2025-11-06T14:55:16Z,2025-11-06T14:55:43Z,-174.0,130.0
Ivica Zubac,Los Angeles Clippers @ Phoenix Suns,2025-11-07T02:00:00Z,player_steals,0.5,draftkings,2025-11-06T14:55:16Z,2025-11-06T14:55:43Z,-142.0,107.0
Jalen Green,Los Angeles Clippers @ Phoenix Suns,2025-11-07T02:00:00Z,player_steals,0.5,draftkings,2025-11-06T14:55:16Z,2025-11-06T14:55:43Z,-130.0,-102.0
Grayson Allen,Los Angeles Clippers @ Phoenix Suns,2025-11-07T02:00:00Z,player_threes,3.5,draftkings,2025-11-06T14:55:16Z,2025-11-06T14:55:43Z,118.0,-153.0
Royce O'Neale,Los Angeles Clippers @ Phoenix Suns,2025-11-07T02:00:00Z,player_threes,2.5,draftkings,2025-11-06T14:55:16Z,2025-11-06T14:55:43Z,116.0,-151.0
Devin Booker,Los Angeles Clippers @ Phoenix Suns,2025-11-07T02:00:00Z,player_threes,2.5,draftkings,2025-11-06T14:55:16Z,2025-11-06T14:55:43Z,133.0,-173.0
Collin Gillespie,Los Angeles Clippers @ Phoenix Suns,2025-11-07T02:00:00Z,player_threes,2.5,draftkings,2025-11-06T14:55:16Z,2025-11-06T14:55:43Z,141.0,-185.0
Jalen Green,Los Angeles Clippers @ Phoenix Suns,2025-11-07T02:00:00Z,player_threes,1.5,draftkings,2025-11-06T14:55:16Z,2025-11-06T14:55:43Z,-153.0,118.0
Bogdan Bogdanovic,Los Angeles Clippers @ Phoenix Suns,2025-11-07T02:00:00Z,player_threes,1.5,draftkings,2025-11-06T14:55:16Z,2025-11-06T14:55:43Z,-144.0,111.0
Derrick Jones,Los Angeles Clippers @ Phoenix Suns,2025-11-07T02:00:00Z,player_threes,1.5,draftkings,2025-11-06T14:55:16Z,2025-11-06T14:55:43Z,-136.0,105.0
Bradley Beal,Los Angeles Clippers @ Phoenix Suns,2025-11-07T02:00:00Z,player_threes,1.5,draftkings,2025-11-06T14:55:16Z,2025-11-06T14:55:43Z,-127.0,-102.0
Chris Paul,Los Angeles Clippers @ Phoenix Suns,2025-11-07T02:00:00Z,player_threes,1.5,draftkings,2025-11-06T14:55:16Z,2025-11-06T14:55:43Z,119.0,-154.0
Brook Lopez,Los Angeles Clippers @ Phoenix Suns,2025-11-07T02:00:00Z,player_threes,1.5,draftkings,2025-11-06T14:55:16Z,2025-11-06T14:55:43Z,137.0,-178.0
John Collins,Los Angeles Clippers @ Phoenix Suns,2025-11-07T02:00:00Z,player_threes,1.5,draftkings,2025-11-06T14:55:16Z,2025-11-06T14:55:43Z,137.0,-179.0
Kris Dunn,Los Angeles Clippers @ Phoenix Suns,2025-11-07T02:00:00Z,player_threes,1.5,draftkings,2025-11-06T14:55:16Z,2025-11-06T14:55:43Z,166.0,-218.0
Jalen Green,Los Angeles Clippers @ Phoenix Suns,2025-11-07T02:00:00Z,player_assists,2.5,betonlineag,2025-11-06T14:54:28Z,2025-11-06T14:53:43Z,-127.0,-102.0
Grayson Allen,Los Angeles Clippers @ Phoenix Suns,2025-11-07T02:00:00Z,player_assists,3.5,betonlineag,2025-11-06T14:54:28Z,2025-11-06T14:53:43Z,-147.0,114.0
Ivica Zubac,Los Angeles Clippers @ Phoenix Suns,2025-11-07T02:00:00Z,player_assists,2.5,betonlineag,2025-11-06T14:54:28Z,2025-11-06T14:53:43Z,-112.0,-115.0
Bradley Beal,Los Angeles Clippers @ Phoenix Suns,2025-11-07T02:00:00Z,player_assists,3.5,betonlineag,2025-11-06T14:54:28Z,2025-11-06T14:53:43Z,112.0,-145.0
Royce O'Neale,Los Angeles Clippers @ Phoenix Suns,2025-11-07T02:00:00Z,player_assists,2.5,betonlineag,2025-11-06T14:54:28Z,2025-11-06T14:53:43Z,-133.0,103.0
Devin Booker,Los Angeles Clippers @ Phoenix Suns,2025-11-07T02:00:00Z,player_assists,7.5,betonlineag,2025-11-06T14:54:28Z,2025-11-06T14:53:43Z,-112.0,-115.0
Chris Paul,Los Angeles Clippers @ Phoenix Suns,2025-11-07T02:00:00Z,player_assists,6.5,betonlineag,2025-11-06T14:54:28Z,2025-11-06T14:53:43Z,115.0,-149.0
Collin Gillespie,Los Angeles Clippers @ Phoenix Suns,2025-11-07T02:00:00Z,player_assists,3.5,betonlineag,2025-11-06T14:54:28Z,2025-11-06T14:53:43Z,-147.0,114.0
Grayson Allen,Los Angeles Clippers @ Phoenix Suns,2025-11-07T02:00:00Z,player_points,15.5,betonlineag,2025-11-06T14:54:28Z,2025-11-06T14:55:02Z,-101.0,-128.0
Ivica Zubac,Los Angeles Clippers @ Phoenix Suns,2025-11-07T02:00:00Z,player_points,17.5,betonlineag,2025-11-06T14:54:28Z,2025-11-06T14:55:02Z,-111.0,-116.0
Derrick Jones,Los Angeles Clippers @ Phoenix Suns,2025-11-07T02:00:00Z,player_points,11.5,betonlineag,2025-11-06T14:54:28Z,2025-11-06T14:55:02Z,-120.0,-108.0
John Collins,Los Angeles Clippers @ Phoenix Suns,2025-11-07T02:00:00Z,player_points,17.5,betonlineag,2025-11-06T14:54:28Z,2025-11-06T14:55:02Z,-112.0,-115.0
Mark Williams,Los Angeles Clippers @ Phoenix Suns,2025-11-07T02:00:00Z,player_points,13.5,betonlineag,2025-11-06T14:54:28Z,2025-11-06T14:55:02Z,-110.0,-118.0
Devin Booker,Los Angeles Clippers @ Phoenix Suns,2025-11-07T02:00:00Z,player_points,27.5,betonlineag,2025-11-06T14:54:28Z,2025-11-06T14:55:02Z,-118.0,-110.0
Royce O'Neale,Los Angeles Clippers @ Phoenix Suns,2025-11-07T02:00:00Z,player_points,9.5,betonlineag,2025-11-06T14:54:28Z,2025-11-06T14:55:02Z,100.0,-130.0
Kris Dunn,Los Angeles Clippers @ Phoenix Suns,2025-11-07T02:00:00Z,player_points,8.5,betonlineag,2025-11-06T14:54:28Z,2025-11-06T14:55:02Z,-108.0,-120.0
Chris Paul,Los Angeles Clippers @ Phoenix Suns,2025-11-07T02:00:00Z,player_points,6.5,betonlineag,2025-11-06T14:54:28Z,2025-11-06T14:55:02Z,-114.0,-114.0
Bradley Beal,Los Angeles Clippers @ Phoenix Suns,2025-11-07T02:00:00Z,player_points,14.5,betonlineag,2025-11-06T14:54:28Z,2025-11-06T14:55:02Z,-115.0,-112.0
Brook Lopez,Los Angeles Clippers @ Phoenix Suns,2025-11-07T02:00:00Z,player_points,6.5,betonlineag,2025-11-06T14:54:28Z,2025-11-06T14:55:02Z,-112.0,-115.0
Ryan Dunn,Los Angeles Clippers @ Phoenix Suns,2025-11-07T02:00:00Z,player_points,8.5,betonlineag,2025-11-06T14:54:28Z,2025-11-06T14:55:02Z,-125.0,-103.0
Bogdan Bogdanovic,Los Angeles Clippers @ Phoenix Suns,2025-11-07T02:00:00Z,player_points,11.5,betonlineag,2025-11-06T14:54:28Z,2025-11-06T14:55:02Z,-110.0,-118.0
Collin Gillespie,Los Angeles Clippers @ Phoenix Suns,2025-11-07T02:00:00Z,player_points,9.5,betonlineag,2025-11-06T14:54:28Z,2025-11-06T14:55:02Z,-103.0,-125.0
Jalen Green,Los Angeles Clippers @ Phoenix Suns,2025-11-07T02:00:00Z,player_points,13.5,betonlineag,2025-11-06T14:54:28Z,2025-11-06T14:55:02Z,-102.0,-127.0
Ivica Zubac,Los Angeles Clippers @ Phoenix Suns,2025-11-07T02:00:00Z,player_points_rebounds_assists,31.5,betonlineag,2025-11-06T14:54:28Z,2025-11-06T14:55:02Z,-111.0,-116.0
Devin Booker,Los Angeles Clippers @ Phoenix Suns,2025-11-07T02:00:00Z,player_points_rebounds_assists,39.5,betonlineag,2025-11-06T14:54:28Z,2025-11-06T14:55:02Z,-112.0,-115.0
Grayson Allen,Los Angeles Clippers @ Phoenix Suns,2025-11-07T02:00:00Z,player_points_rebounds_assists,22.5,betonlineag,2025-11-06T14:54:28Z,2025-11-06T14:55:02Z,-112.0,-115.0
Mark Williams,Los Angeles Clippers @ Phoenix Suns,2025-11-07T02:00:00Z,player_points_rebounds_assists,24.5,betonlineag,2025-11-06T14:54:28Z,2025-11-06T14:55:02Z,-115.0,-112.0
Bradley Beal,Los Angeles Clippers @ Phoenix Suns,2025-11-07T02:00:00Z,player_points_rebounds_assists,20.5,betonlineag,2025-11-06T14:54:28Z,2025-11-06T14:55:02Z,-105.0,-123.0
Royce O'Neale,Los Angeles Clippers @ Phoenix Suns,2025-11-07T02:00:00Z,player_points_rebounds_assists,16.5,betonlineag,2025-11-06T14:54:28Z,2025-11-06T14:55:02Z,-118.0,-110.0
Ryan Dunn,Los Angeles Clippers @ Phoenix Suns,2025-11-07T02:00:00Z,player_points_rebounds_assists,15.5,betonlineag,2025-11-06T14:54:28Z,2025-11-06T14:55:02Z,-111.0,-116.0
John Collins,Los Angeles Clippers @ Phoenix Suns,2025-11-07T02:00:00Z,player_points_rebounds_assists,26.5,betonlineag,2025-11-06T14:54:28Z,2025-11-06T14:55:02Z,-108.0,-120.0
Derrick Jones,Los Angeles Clippers @ Phoenix Suns,2025-11-07T02:00:00Z,player_points_rebounds_assists,16.5,betonlineag,2025-11-06T14:54:28Z,2025-11-06T14:55:02Z,-122.0,-106.0
Jalen Green,Los Angeles Clippers @ Phoenix Suns,2025-11-07T02:00:00Z,player_points_rebounds_assists,19.5,betonlineag,2025-11-06T14:54:28Z,2025-11-06T14:55:02Z,-103.0,-125.0
Devin Booker,Los Angeles Clippers @ Phoenix Suns,2025-11-07T02:00:00Z,player_rebounds,3.5,betonlineag,2025-11-06T14:54:28Z,2025-11-06T14:55:02Z,-137.0,106.0
Ivica Zubac,Los Angeles Clippers @ Phoenix Suns,2025-11-07T02:00:00Z,player_rebounds,11.5,betonlineag,2025-11-06T14:54:28Z,2025-11-06T14:55:02Z,-101.0,-128.0
Grayson Allen,Los Angeles Clippers @ Phoenix Suns,2025-11-07T02:00:00Z,player_rebounds,3.5,betonlineag,2025-11-06T14:54:28Z,2025-11-06T14:55:02Z,104.0,-135.0
Derrick Jones,Los Angeles Clippers @ Phoenix Suns,2025-11-07T02:00:00Z,player_rebounds,3.5,betonlineag,2025-11-06T14:54:28Z,2025-11-06T14:55:02Z,-127.0,-102.0
John Collins,Los Angeles Clippers @ Phoenix Suns,2025-11-07T02:00:00Z,player_rebounds,6.5,betonlineag,2025-11-06T14:54:28Z,2025-11-06T14:55:02Z,-122.0,-106.0
Mark Williams,Los Angeles Clippers @ Phoenix Suns,2025-11-07T02:00:00Z,player_rebounds,9.5,betonlineag,2025-11-06T14:54:28Z,2025-11-06T14:55:02Z,107.0,-139.0
Royce O'Neale,Los Angeles Clippers @ Phoenix Suns,2025-11-07T02:00:00Z,player_rebounds,4.5,betonlineag,2025-11-06T14:54:28Z,2025-11-06T14:55:02Z,-130.0,101.0
Kris Dunn,Los Angeles Clippers @ Phoenix Suns,2025-11-07T02:00:00Z,player_rebounds,3.5,betonlineag,2025-11-06T14:54:28Z,2025-11-06T14:55:02Z,-106.0,-122.0
Brook Lopez,Los Angeles Clippers @ Phoenix Suns,2025-11-07T02:00:00Z,player_rebounds,2.5,betonlineag,2025-11-06T14:54:28Z,2025-11-06T14:55:02Z,-156.0,121.0
Ryan Dunn,Los Angeles Clippers @ Phoenix Suns,2025-11-07T02:00:00Z,player_rebounds,4.5,betonlineag,2025-11-06T14:54:28Z,2025-11-06T14:55:02Z,-135.0,104.0
Jalen Green,Los Angeles Clippers @ Phoenix Suns,2025-11-07T02:00:00Z,player_rebounds,3.5,betonlineag,2025-11-06T14:54:28Z,2025-11-06T14:55:02Z,132.0,-172.0
Collin Gillespie,Los Angeles Clippers @ Phoenix Suns,2025-11-07T02:00:00Z,player_rebounds,3.5,betonlineag,2025-11-06T14:54:28Z,2025-11-06T14:55:02Z,110.0,-143.0
Bradley Beal,Los Angeles Clippers @ Phoenix Suns,2025-11-07T02:00:00Z,player_rebounds,1.5,betonlineag,2025-11-06T14:54:28Z,2025-11-06T14:55:02Z,-135.0,105.0
Oso Ighodaro,Los Angeles Clippers @ Phoenix Suns,2025-11-07T02:00:00Z,player_rebounds,3.5,betonlineag,2025-11-06T14:54:28Z,2025-11-06T14:55:02Z,100.0,-130.0
Devin Booker,Los Angeles Clippers @ Phoenix Suns,2025-11-07T02:00:00Z,player_threes,2.5,betonlineag,2025-11-06T14:54:28Z,2025-11-06T14:55:02Z,136.0,-179.0
Jalen Green,Los Angeles Clippers @ Phoenix Suns,2025-11-07T02:00:00Z,player_threes,1.5,betonlineag,2025-11-06T14:54:28Z,2025-11-06T14:55:02Z,-159.0,122.0
Grayson Allen,Los Angeles Clippers @ Phoenix Suns,2025-11-07T02:00:00Z,player_threes,3.5,betonlineag,2025-11-06T14:54:28Z,2025-11-06T14:55:02Z,124.0,-161.0
Derrick Jones,Los Angeles Clippers @ Phoenix Suns,2025-11-07T02:00:00Z,player_threes,1.5,betonlineag,2025-11-06T14:54:28Z,2025-11-06T14:55:02Z,-143.0,110.0
Bradley Beal,Los Angeles Clippers @ Phoenix Suns,2025-11-07T02:00:00Z,player_threes,1.5,betonlineag,2025-11-06T14:54:28Z,2025-11-06T14:55:02Z,-133.0,103.0
John Collins,Los Angeles Clippers @ Phoenix Suns,2025-11-07T02:00:00Z,player_threes,1.5,betonlineag,2025-11-06T14:54:28Z,2025-11-06T14:55:02Z,141.0,-185.0
Royce O'Neale,Los Angeles Clippers @ Phoenix Suns,2025-11-07T02:00:00Z,player_threes,2.5,betonlineag,2025-11-06T14:54:28Z,2025-11-06T14:55:02Z,120.0,-156.0
Kris Dunn,Los Angeles Clippers @ Phoenix Suns,2025-11-07T02:00:00Z,player_threes,1.5,betonlineag,2025-11-06T14:54:28Z,2025-11-06T14:55:02Z,164.0,-217.0
Chris Paul,Los Angeles Clippers @ Phoenix Suns,2025-11-07T02:00:00Z,player_threes,1.5,betonlineag,2025-11-06T14:54:28Z,2025-11-06T14:55:02Z,115.0,-149.0
Bogdan Bogdanovic,Los Angeles Clippers @ Phoenix Suns,2025-11-07T02:00:00Z,player_threes,1.5,betonlineag,2025-11-06T14:54:28Z,2025-11-06T14:55:02Z,-152.0,117.0
Brook Lopez,Los Angeles Clippers @ Phoenix Suns,2025-11-07T02:00:00Z,player_threes,1.5,betonlineag,2025-11-06T14:54:28Z,2025-11-06T14:55:02Z,130.0,-169.0
Collin Gillespie,Los Angeles Clippers @ Phoenix Suns,2025-11-07T02:00:00Z,player_threes,2.5,betonlineag,2025-11-06T14:54:28Z,2025-11-06T14:55:02Z,152.0,-200.0
Ryan Dunn,Los Angeles Clippers @ Phoenix Suns,2025-11-07T02:00:00Z,player_threes,1.5,betonlineag,2025-11-06T14:54:28Z,2025-11-06T14:55:02Z,144.0,-189.0
Nicolas Batum,Los Angeles Clippers @ Phoenix Suns,2025-11-07T02:00:00Z,player_threes,1.5,betonlineag,2025-11-06T14:54:28Z,2025-11-06T14:55:02Z,-141.0,108.0
Collin Gillespie,Los Angeles Clippers @ Phoenix Suns,2025-11-07T02:00:00Z,player_assists,3.5,williamhill_us,2025-11-06T14:54:00Z,2025-11-06T14:55:50Z,-148.0,105.0
Ryan Dunn,Los Angeles Clippers @ Phoenix Suns,2025-11-07T02:00:00Z,player_assists,1.5,williamhill_us,2025-11-06T14:54:00Z,2025-11-06T14:55:50Z,120.0,-162.0
Royce O'Neale,Los Angeles Clippers @ Phoenix Suns,2025-11-07T02:00:00Z,player_assists,2.5,williamhill_us,2025-11-06T14:54:00Z,2025-11-06T14:55:50Z,-137.0,100.0
Ivica Zubac,Los Angeles Clippers @ Phoenix Suns,2025-11-07T02:00:00Z,player_assists,2.5,williamhill_us,2025-11-06T14:54:00Z,2025-11-06T14:55:50Z,-121.0,-113.0
Jalen Green,Los Angeles Clippers @ Phoenix Suns,2025-11-07T02:00:00Z,player_assists,2.5,williamhill_us,2025-11-06T14:54:00Z,2025-11-06T14:55:50Z,-136.0,100.0
Kris Dunn,Los Angeles Clippers @ Phoenix Suns,2025-11-07T02:00:00Z,player_assists,2.5,williamhill_us,2025-11-06T14:54:00Z,2025-11-06T14:55:50Z,-173.0,125.0
Grayson Allen,Los Angeles Clippers @ Phoenix Suns,2025-11-07T02:00:00Z,player_assists,3.5,williamhill_us,2025-11-06T14:54:00Z,2025-11-06T14:55:50Z,-150.0,110.0
Devin Booker,Los Angeles Clippers @ Phoenix Suns,2025-11-07T02:00:00Z,player_assists,7.5,williamhill_us,2025-11-06T14:54:00Z,2025-11-06T14:55:50Z,-115.0,-117.0
Chris Paul,Los Angeles Clippers @ Phoenix Suns,2025-11-07T02:00:00Z,player_assists,6.5,williamhill_us,2025-11-06T14:54:00Z,2025-11-06T14:55:50Z,111.0,-155.0
Bradley Beal,Los Angeles Clippers @ Phoenix Suns,2025-11-07T02:00:00Z,player_assists,3.5,williamhill_us,2025-11-06T14:54:00Z,2025-11-06T14:55:50Z,105.0,-145.0
Bogdan Bogdanovic,Los Angeles Clippers @ Phoenix Suns,2025-11-07T02:00:00Z,player_assists,3.5,williamhill_us,2025-11-06T14:54:00Z,2025-11-06T14:55:50Z,105.0,-145.0
Ivica Zubac,Los Angeles Clippers @ Phoenix Suns,2025-11-07T02:00:00Z,player_double_double,,williamhill_us,2025-11-06T14:54:00Z,2025-11-06T14:55:50Z,,
Mark Williams,Los Angeles Clippers @ Phoenix Suns,2025-11-07T02:00:00Z,player_double_double,,williamhill_us,2025-11-06T14:54:00Z,2025-11-06T14:55:50Z,,
Devin Booker,Los Angeles Clippers @ Phoenix Suns,2025-11-07T02:00:00Z,player_double_double,,williamhill_us,2025-11-06T14:54:00Z,2025-11-06T14:55:50Z,,
John Collins,Los Angeles Clippers @ Phoenix Suns,2025-11-07T02:00:00Z,player_double_double,,williamhill_us,2025-11-06T14:54:00Z,2025-11-06T14:55:50Z,,
Chris Paul,Los Angeles Clippers @ Phoenix Suns,2025-11-07T02:00:00Z,player_double_double,,williamhill_us,2025-11-06T14:54:00Z,2025-11-06T14:55:50Z,,
Ryan Dunn,Los Angeles Clippers @ Phoenix Suns,2025-11-07T02:00:00Z,player_double_double,,williamhill_us,2025-11-06T14:54:00Z,2025-11-06T14:55:50Z,,
Royce O'Neale,Los Angeles Clippers @ Phoenix Suns,2025-11-07T02:00:00Z,player_double_double,,williamhill_us,2025-11-06T14:54:00Z,2025-11-06T14:55:50Z,,
Mark Williams,Los Angeles Clippers @ Phoenix Suns,2025-11-07T02:00:00Z,player_points,13.5,williamhill_us,2025-11-06T14:54:00Z,2025-11-06T14:55:50Z,-115.0,-117.0
Bogdan Bogdanovic,Los Angeles Clippers @ Phoenix Suns,2025-11-07T02:00:00Z,player_points,11.5,williamhill_us,2025-11-06T14:54:00Z,2025-11-06T14:55:50Z,-104.0,-130.0
Grayson Allen,Los Angeles Clippers @ Phoenix Suns,2025-11-07T02:00:00Z,player_points,15.5,williamhill_us,2025-11-06T14:54:00Z,2025-11-06T14:55:50Z,-112.0,-121.0
Devin Booker,Los Angeles Clippers @ Phoenix Suns,2025-11-07T02:00:00Z,player_points,27.5,williamhill_us,2025-11-06T14:54:00Z,2025-11-06T14:55:50Z,-127.0,-108.0
Brook Lopez,Los Angeles Clippers @ Phoenix Suns,2025-11-07T02:00:00Z,player_points,6.5,williamhill_us,2025-11-06T14:54:00Z,2025-11-06T14:55:50Z,-130.0,-104.0
Kris Dunn,Los Angeles Clippers @ Phoenix Suns,2025-11-07T02:00:00Z,player_points,8.5,williamhill_us,2025-11-06T14:54:00Z,2025-11-06T14:55:50Z,-109.0,-122.0
Ryan Dunn,Los Angeles Clippers @ Phoenix Suns,2025-11-07T02:00:00Z,player_points,8.5,williamhill_us,2025-11-06T14:54:00Z,2025-11-06T14:55:50Z,-121.0,-112.0
Bradley Beal,Los Angeles Clippers @ Phoenix Suns,2025-11-07T02:00:00Z,player_points,14.5,williamhill_us,2025-11-06T14:54:00Z,2025-11-06T14:55:50Z,-121.0,-112.0
Chris Paul,Los Angeles Clippers @ Phoenix Suns,2025-11-07T02:00:00Z,player_points,6.5,williamhill_us,2025-11-06T14:54:00Z,2025-11-06T14:55:50Z,-117.0,-115.0
Ivica Zubac,Los Angeles Clippers @ Phoenix Suns,2025-11-07T02:00:00Z,player_points,17.5,williamhill_us,2025-11-06T14:54:00Z,2025-11-06T14:55:50Z,-115.0,-117.0
Derrick Jones,Los Angeles Clippers @ Phoenix Suns,2025-11-07T02:00:00Z,player_points,11.5,williamhill_us,2025-11-06T14:54:00Z,2025-11-06T14:55:50Z,-122.0,-110.0
Collin Gillespie,Los Angeles Clippers @ Phoenix Suns,2025-11-07T02:00:00Z,player_points,9.5,williamhill_us,2025-11-06T14:54:00Z,2025-11-06T14:55:50Z,-108.0,-124.0
Jalen Green,Los Angeles Clippers @ Phoenix Suns,2025-11-07T02:00:00Z,player_points,12.5,williamhill_us,2025-11-06T14:54:00Z,2025-11-06T14:55:50Z,-130.0,-104.0
John Collins,Los Angeles Clippers @ Phoenix Suns,2025-11-07T02:00:00Z,player_points,17.5,williamhill_us,2025-11-06T14:54:00Z,2025-11-06T14:55:50Z,-112.0,-121.0
Royce O'Neale,Los Angeles Clippers @ Phoenix Suns,2025-11-07T02:00:00Z,player_points,9.5,williamhill_us,2025-11-06T14:54:00Z,2025-11-06T14:55:50Z,100.0,-134.0
Chris Paul,Los Angeles Clippers @ Phoenix Suns,2025-11-07T02:00:00Z,player_rebounds,2.5,williamhill_us,2025-11-06T14:54:00Z,2025-11-06T14:55:50Z,110.0,-148.0
Derrick Jones,Los Angeles Clippers @ Phoenix Suns,2025-11-07T02:00:00Z,player_rebounds,3.5,williamhill_us,2025-11-06T14:54:00Z,2025-11-06T14:55:50Z,-125.0,-108.0
Royce O'Neale,Los Angeles Clippers @ Phoenix Suns,2025-11-07T02:00:00Z,player_rebounds,4.5,williamhill_us,2025-11-06T14:54:00Z,2025-11-06T14:55:50Z,-136.0,100.0
Nicolas Batum,Los Angeles Clippers @ Phoenix Suns,2025-11-07T02:00:00Z,player_rebounds,3.5,williamhill_us,2025-11-06T14:54:00Z,2025-11-06T14:55:50Z,105.0,-145.0
Grayson Allen,Los Angeles Clippers @ Phoenix Suns,2025-11-07T02:00:00Z,player_rebounds,3.5,williamhill_us,2025-11-06T14:54:00Z,2025-11-06T14:55:50Z,100.0,-134.0
Mark Williams,Los Angeles Clippers @ Phoenix Suns,2025-11-07T02:00:00Z,player_rebounds,9.5,williamhill_us,2025-11-06T14:54:00Z,2025-11-06T14:55:50Z,100.0,-137.0
Kris Dunn,Los Angeles Clippers @ Phoenix Suns,2025-11-07T02:00:00Z,player_rebounds,3.5,williamhill_us,2025-11-06T14:54:00Z,2025-11-06T14:55:50Z,-110.0,-122.0
Ivica Zubac,Los Angeles Clippers @ Phoenix Suns,2025-11-07T02:00:00Z,player_rebounds,11.5,williamhill_us,2025-11-06T14:54:00Z,2025-11-06T14:55:50Z,-105.0,-129.0
Bogdan Bogdanovic,Los Angeles Clippers @ Phoenix Suns,2025-11-07T02:00:00Z,player_rebounds,2.5,williamhill_us,2025-11-06T14:54:00Z,2025-11-06T14:55:50Z,-130.0,-104.0
Brook Lopez,Los Angeles Clippers @ Phoenix Suns,2025-11-07T02:00:00Z,player_rebounds,2.5,williamhill_us,2025-11-06T14:54:00Z,2025-11-06T14:55:50Z,-159.0,115.0
Jalen Green,Los Angeles Clippers @ Phoenix Suns,2025-11-07T02:00:00Z,player_rebounds,2.5,williamhill_us,2025-11-06T14:54:00Z,2025-11-06T14:55:50Z,-170.0,125.0
John Collins,Los Angeles Clippers @ Phoenix Suns,2025-11-07T02:00:00Z,player_rebounds,6.5,williamhill_us,2025-11-06T14:54:00Z,2025-11-06T14:55:50Z,-125.0,-108.0
Oso Ighodaro,Los Angeles Clippers @ Phoenix Suns,2025-11-07T02:00:00Z,player_rebounds,3.5,williamhill_us,2025-11-06T14:54:00Z,2025-11-06T14:55:50Z,100.0,-136.0
Devin Booker,Los Angeles Clippers @ Phoenix Suns,2025-11-07T02:00:00Z,player_rebounds,3.5,williamhill_us,2025-11-06T14:54:00Z,2025-11-06T14:55:50Z,-115.0,-117.0
Ryan Dunn,Los Angeles Clippers @ Phoenix Suns,2025-11-07T02:00:00Z,player_rebounds,4.5,williamhill_us,2025-11-06T14:54:00Z,2025-11-06T14:55:50Z,-141.0,105.0
Devin Booker,Los Angeles Clippers @ Phoenix Suns,2025-11-07T02:00:00Z,player_threes,2.5,williamhill_us,2025-11-06T14:54:00Z,2025-11-06T14:55:50Z,130.0,-179.0
Ryan Dunn,Los Angeles Clippers @ Phoenix Suns,2025-11-07T02:00:00Z,player_threes,1.5,williamhill_us,2025-11-06T14:54:00Z,2025-11-06T14:55:50Z,145.0,-200.0
Bogdan Bogdanovic,Los Angeles Clippers @ Phoenix Suns,2025-11-07T02:00:00Z,player_threes,1.5,williamhill_us,2025-11-06T14:54:00Z,2025-11-06T14:55:50Z,-159.0,115.0
Chris Paul,Los Angeles Clippers @ Phoenix Suns,2025-11-07T02:00:00Z,player_threes,1.5,williamhill_us,2025-11-06T14:54:00Z,2025-11-06T14:55:50Z,110.0,-152.0
Brook Lopez,Los Angeles Clippers @ Phoenix Suns,2025-11-07T02:00:00Z,player_threes,1.5,williamhill_us,2025-11-06T14:54:00Z,2025-11-06T14:55:50Z,120.0,-162.0
Kris Dunn,Los Angeles Clippers @ Phoenix Suns,2025-11-07T02:00:00Z,player_threes,1.5,williamhill_us,2025-11-06T14:54:00Z,2025-11-06T14:55:50Z,160.0,-225.0
Collin Gillespie,Los Angeles Clippers @ Phoenix Suns,2025-11-07T02:00:00Z,player_threes,2.5,williamhill_us,2025-11-06T14:54:00Z,2025-11-06T14:55:50Z,140.0,-197.0
Royce O'Neale,Los Angeles Clippers @ Phoenix Suns,2025-11-07T02:00:00Z,player_threes,2.5,williamhill_us,2025-11-06T14:54:00Z,2025-11-06T14:55:50Z,110.0,-152.0
Jalen Green,Los Angeles Clippers @ Phoenix Suns,2025-11-07T02:00:00Z,player_threes,1.5,williamhill_us,2025-11-06T14:54:00Z,2025-11-06T14:55:50Z,-159.0,115.0
Derrick Jones,Los Angeles Clippers @ Phoenix Suns,2025-11-07T02:00:00Z,player_threes,1.5,williamhill_us,2025-11-06T14:54:00Z,2025-11-06T14:55:50Z,-154.0,110.0
John Collins,Los Angeles Clippers @ Phoenix Suns,2025-11-07T02:00:00Z,player_threes,1.5,williamhill_us,2025-11-06T14:54:00Z,2025-11-06T14:55:50Z,135.0,-190.0
Grayson Allen,Los Angeles Clippers @ Phoenix Suns,2025-11-07T02:00:00Z,player_threes,3.5,williamhill_us,2025-11-06T14:54:00Z,2025-11-06T14:55:50Z,120.0,-164.0
Nicolas Batum,Los Angeles Clippers @ Phoenix Suns,2025-11-07T02:00:00Z,player_threes,1.5,williamhill_us,2025-11-06T14:54:00Z,2025-11-06T14:55:50Z,-141.0,105.0
Bradley Beal,Los Angeles Clippers @ Phoenix Suns,2025-11-07T02:00:00Z,player_threes,1.5,williamhill_us,2025-11-06T14:54:00Z,2025-11-06T14:55:50Z,-137.0,100.0
Collin Gillespie,Los Angeles Clippers @ Phoenix Suns,2025-11-07T02:00:00Z,player_assists,4.5,fanduel,2025-11-06T14:54:30Z,2025-11-06T14:53:14Z,132.0,-178.0
Ivica Zubac,Los Angeles Clippers @ Phoenix Suns,2025-11-07T02:00:00Z,player_assists,2.5,fanduel,2025-11-06T14:54:30Z,2025-11-06T14:53:14Z,-122.0,-108.0
Jalen Green,Los Angeles Clippers @ Phoenix Suns,2025-11-07T02:00:00Z,player_assists,2.5,fanduel,2025-11-06T14:54:30Z,2025-11-06T14:53:14Z,-122.0,-108.0
Grayson Allen,Los Angeles Clippers @ Phoenix Suns,2025-11-07T02:00:00Z,player_assists,3.5,fanduel,2025-11-06T14:54:30Z,2025-11-06T14:53:14Z,-152.0,114.0
Chris Paul,Los Angeles Clippers @ Phoenix Suns,2025-11-07T02:00:00Z,player_assists,6.5,fanduel,2025-11-06T14:54:30Z,2025-11-06T14:53:14Z,110.0,-146.0
Devin Booker,Los Angeles Clippers @ Phoenix Suns,2025-11-07T02:00:00Z,player_assists,7.5,fanduel,2025-11-06T14:54:30Z,2025-11-06T14:53:14Z,-122.0,-108.0
Royce O'Neale,Los Angeles Clippers @ Phoenix Suns,2025-11-07T02:00:00Z,player_assists,2.5,fanduel,2025-11-06T14:54:30Z,2025-11-06T14:53:14Z,-132.0,100.0
Bradley Beal,Los Angeles Clippers @ Phoenix Suns,2025-11-07T02:00:00Z,player_assists,3.5,fanduel,2025-11-06T14:54:30Z,2025-11-06T14:53:14Z,104.0,-138.0
Ivica Zubac,Los Angeles Clippers @ Phoenix Suns,2025-11-07T02:00:00Z,player_blocks,1.5,fanduel,2025-11-06T14:54:30Z,2025-11-06T14:55:38Z,178.0,-245.0
Ivica Zubac,Los Angeles Clippers @ Phoenix Suns,2025-11-07T02:00:00Z,player_double_double,,fanduel,2025-11-06T14:54:30Z,2025-11-06T14:55:38Z,,
Mark Williams,Los Angeles Clippers @ Phoenix Suns,2025-11-07T02:00:00Z,player_double_double,,fanduel,2025-11-06T14:54:30Z,2025-11-06T14:55:38Z,,
Devin Booker,Los Angeles Clippers @ Phoenix Suns,2025-11-07T02:00:00Z,player_double_double,,fanduel,2025-11-06T14:54:30Z,2025-11-06T14:55:38Z,,
John Collins,Los Angeles Clippers @ Phoenix Suns,2025-11-07T02:00:00Z,player_double_double,,fanduel,2025-11-06T14:54:30Z,2025-11-06T14:55:38Z,,
Chris Paul,Los Angeles Clippers @ Phoenix Suns,2025-11-07T02:00:00Z,player_double_double,,fanduel,2025-11-06T14:54:30Z,2025-11-06T14:55:38Z,,
Ryan Dunn,Los Angeles Clippers @ Phoenix Suns,2025-11-07T02:00:00Z,player_double_double,,fanduel,2025-11-06T14:54:30Z,2025-11-06T14:55:38Z,,
Royce O'Neale,Los Angeles Clippers @ Phoenix Suns,2025-11-07T02:00:00Z,player_double_double,,fanduel,2025-11-06T14:54:30Z,2025-11-06T14:55:38Z,,
Grayson Allen,Los Angeles Clippers @ Phoenix Suns,2025-11-07T02:00:00Z,player_double_double,,fanduel,2025-11-06T14:54:30Z,2025-11-06T14:55:38Z,,
Collin Gillespie,Los Angeles Clippers @ Phoenix Suns,2025-11-07T02:00:00Z,player_double_double,,fanduel,2025-11-06T14:54:30Z,2025-11-06T14:55:38Z,,
Jalen Green,Los Angeles Clippers @ Phoenix Suns,2025-11-07T02:00:00Z,player_points,12.5,fanduel,2025-11-06T14:54:30Z,2025-11-06T14:55:38Z,-132.0,100.0
Chris Paul,Los Angeles Clippers @ Phoenix Suns,2025-11-07T02:00:00Z,player_points,6.5,fanduel,2025-11-06T14:54:30Z,2025-11-06T14:55:38Z,-114.0,-114.0
Bogdan Bogdanovic,Los Angeles Clippers @ Phoenix Suns,2025-11-07T02:00:00Z,player_points,11.5,fanduel,2025-11-06T14:54:30Z,2025-11-06T14:55:38Z,-110.0,-120.0
Mark Williams,Los Angeles Clippers @ Phoenix Suns,2025-11-07T02:00:00Z,player_points,13.5,fanduel,2025-11-06T14:54:30Z,2025-11-06T14:55:38Z,-106.0,-125.0
Kris Dunn,Los Angeles Clippers @ Phoenix Suns,2025-11-07T02:00:00Z,player_points,8.5,fanduel,2025-11-06T14:54:30Z,2025-11-06T14:55:38Z,-114.0,-114.0
Grayson Allen,Los Angeles Clippers @ Phoenix Suns,2025-11-07T02:00:00Z,player_points,15.5,fanduel,2025-11-06T14:54:30Z,2025-11-06T14:55:38Z,102.0,-136.0
Collin Gillespie,Los Angeles Clippers @ Phoenix Suns,2025-11-07T02:00:00Z,player_points,9.5,fanduel,2025-11-06T14:54:30Z,2025-11-06T14:55:38Z,102.0,-136.0
Ivica Zubac,Los Angeles Clippers @ Phoenix Suns,2025-11-07T02:00:00Z,player_points,17.5,fanduel,2025-11-06T14:54:30Z,2025-11-06T14:55:38Z,-106.0,-125.0
Ryan Dunn,Los Angeles Clippers @ Phoenix Suns,2025-11-07T02:00:00Z,player_points,8.5,fanduel,2025-11-06T14:54:30Z,2025-11-06T14:55:38Z,-130.0,-102.0
Devin Booker,Los Angeles Clippers @ Phoenix Suns,2025-11-07T02:00:00Z,player_points,27.5,fanduel,2025-11-06T14:54:30Z,2025-11-06T14:55:38Z,-130.0,-102.0
Royce O'Neale,Los Angeles Clippers @ Phoenix Suns,2025-11-07T02:00:00Z,player_points,9.5,fanduel,2025-11-06T14:54:30Z,2025-11-06T14:55:38Z,100.0,-132.0
Derrick Jones,Los Angeles Clippers @ Phoenix Suns,2025-11-07T02:00:00Z,player_points,11.5,fanduel,2025-11-06T14:54:30Z,2025-11-06T14:55:38Z,-125.0,-106.0
John Collins,Los Angeles Clippers @ Phoenix Suns,2025-11-07T02:00:00Z,player_points,17.5,fanduel,2025-11-06T14:54:30Z,2025-11-06T14:55:38Z,-114.0,-114.0
Bradley Beal,Los Angeles Clippers @ Phoenix Suns,2025-11-07T02:00:00Z,player_points,14.5,fanduel,2025-11-06T14:54:30Z,2025-11-06T14:55:38Z,-120.0,-110.0
Brook Lopez,Los Angeles Clippers @ Phoenix Suns,2025-11-07T02:00:00Z,player_points,6.5,fanduel,2025-11-06T14:54:30Z,2025-11-06T14:55:38Z,-108.0,-122.0
Ryan Dunn,Los Angeles Clippers @ Phoenix Suns,2025-11-07T02:00:00Z,player_points_rebounds_assists,15.5,fanduel,2025-11-06T14:54:30Z,2025-11-06T14:55:38Z,-112.0,-118.0
Grayson Allen,Los Angeles Clippers @ Phoenix Suns,2025-11-07T02:00:00Z,player_points_rebounds_assists,22.5,fanduel,2025-11-06T14:54:30Z,2025-11-06T14:55:38Z,-114.0,-114.0
Devin Booker,Los Angeles Clippers @ Phoenix Suns,2025-11-07T02:00:00Z,player_points_rebounds_assists,39.5,fanduel,2025-11-06T14:54:30Z,2025-11-06T14:55:38Z,-122.0,-108.0
Jalen Green,Los Angeles Clippers @ Phoenix Suns,2025-11-07T02:00:00Z,player_points_rebounds_assists,18.5,fanduel,2025-11-06T14:54:30Z,2025-11-06T14:55:38Z,-130.0,-102.0
Ivica Zubac,Los Angeles Clippers @ Phoenix Suns,2025-11-07T02:00:00Z,player_points_rebounds_assists,31.5,fanduel,2025-11-06T14:54:30Z,2025-11-06T14:55:38Z,-110.0,-120.0
Royce O'Neale,Los Angeles Clippers @ Phoenix Suns,2025-11-07T02:00:00Z,player_points_rebounds_assists,17.5,fanduel,2025-11-06T14:54:30Z,2025-11-06T14:55:38Z,-104.0,-128.0
Derrick Jones,Los Angeles Clippers @ Phoenix Suns,2025-11-07T02:00:00Z,player_rebounds,3.5,fanduel,2025-11-06T14:54:30Z,2025-11-06T14:55:38Z,-125.0,-106.0
Devin Booker,Los Angeles Clippers @ Phoenix Suns,2025-11-07T02:00:00Z,player_rebounds,3.5,fanduel,2025-11-06T14:54:30Z,2025-11-06T14:55:38Z,-114.0,-114.0
Jalen Green,Los Angeles Clippers @ Phoenix Suns,2025-11-07T02:00:00Z,player_rebounds,2.5,fanduel,2025-11-06T14:54:30Z,2025-11-06T14:55:38Z,-182.0,136.0
Grayson Allen,Los Angeles Clippers @ Phoenix Suns,2025-11-07T02:00:00Z,player_rebounds,3.5,fanduel,2025-11-06T14:54:30Z,2025-11-06T14:55:38Z,104.0,-138.0
Kris Dunn,Los Angeles Clippers @ Phoenix Suns,2025-11-07T02:00:00Z,player_rebounds,3.5,fanduel,2025-11-06T14:54:30Z,2025-11-06T14:55:38Z,-110.0,-120.0
Mark Williams,Los Angeles Clippers @ Phoenix Suns,2025-11-07T02:00:00Z,player_rebounds,9.5,fanduel,2025-11-06T14:54:30Z,2025-11-06T14:55:38Z,106.0,-140.0
Royce O'Neale,Los Angeles Clippers @ Phoenix Suns,2025-11-07T02:00:00Z,player_rebounds,4.5,fanduel,2025-11-06T14:54:30Z,2025-11-06T14:55:38Z,-138.0,104.0
Ivica Zubac,Los Angeles Clippers @ Phoenix Suns,2025-11-07T02:00:00Z,player_rebounds,11.5,fanduel,2025-11-06T14:54:30Z,2025-11-06T14:55:38Z,102.0,-136.0
John Collins,Los Angeles Clippers @ Phoenix Suns,2025-11-07T02:00:00Z,player_rebounds,6.5,fanduel,2025-11-06T14:54:30Z,2025-11-06T14:55:38Z,-118.0,-112.0
Ryan Dunn,Los Angeles Clippers @ Phoenix Suns,2025-11-07T02:00:00Z,player_rebounds,4.5,fanduel,2025-11-06T14:54:30Z,2025-11-06T14:55:38Z,-138.0,104.0
Brook Lopez,Los Angeles Clippers @ Phoenix Suns,2025-11-07T02:00:00Z,player_rebounds,2.5,fanduel,2025-11-06T14:54:30Z,2025-11-06T14:55:38Z,-154.0,116.0
Kris Dunn,Los Angeles Clippers @ Phoenix Suns,2025-11-07T02:00:00Z,player_steals,1.5,fanduel,2025-11-06T14:54:30Z,2025-11-06T14:55:38Z,100.0,-132.0
Collin Gillespie,Los Angeles Clippers @ Phoenix Suns,2025-11-07T02:00:00Z,player_threes,2.5,fanduel,2025-11-06T14:54:30Z,2025-11-06T14:55:38Z,158.0,-215.0
Brook Lopez,Los Angeles Clippers @ Phoenix Suns,2025-11-07T02:00:00Z,player_threes,1.5,fanduel,2025-11-06T14:54:30Z,2025-11-06T14:55:38Z,124.0,-166.0
Chris Paul,Los Angeles Clippers @ Phoenix Suns,2025-11-07T02:00:00Z,player_threes,1.5,fanduel,2025-11-06T14:54:30Z,2025-11-06T14:55:38Z,116.0,-154.0
Bogdan Bogdanovic,Los Angeles Clippers @ Phoenix Suns,2025-11-07T02:00:00Z,player_threes,1.5,fanduel,2025-11-06T14:54:30Z,2025-11-06T14:55:38Z,-158.0,118.0
Derrick Jones,Los Angeles Clippers @ Phoenix Suns,2025-11-07T02:00:00Z,player_threes,1.5,fanduel,2025-11-06T14:54:30Z,2025-11-06T14:55:38Z,-158.0,118.0
Jalen Green,Los Angeles Clippers @ Phoenix Suns,2025-11-07T02:00:00Z,player_threes,1.5,fanduel,2025-11-06T14:54:30Z,2025-11-06T14:55:38Z,-174.0,130.0
John Collins,Los Angeles Clippers @ Phoenix Suns,2025-11-07T02:00:00Z,player_threes,1.5,fanduel,2025-11-06T14:54:30Z,2025-11-06T14:55:38Z,136.0,-182.0
Kris Dunn,Los Angeles Clippers @ Phoenix Suns,2025-11-07T02:00:00Z,player_threes,1.5,fanduel,2025-11-06T14:54:30Z,2025-11-06T14:55:38Z,146.0,-198.0
Royce O'Neale,Los Angeles Clippers @ Phoenix Suns,2025-11-07T02:00:00Z,player_threes,2.5,fanduel,2025-11-06T14:54:30Z,2025-11-06T14:55:38Z,124.0,-166.0
Devin Booker,Los Angeles Clippers @ Phoenix Suns,2025-11-07T02:00:00Z,player_threes,2.5,fanduel,2025-11-06T14:54:30Z,2025-11-06T14:55:38Z,132.0,-178.0
Bradley Beal,Los Angeles Clippers @ Phoenix Suns,2025-11-07T02:00:00Z,player_threes,1.5,fanduel,2025-11-06T14:54:30Z,2025-11-06T14:55:38Z,-152.0,114.0
Bradley Beal,Los Angeles Clippers @ Phoenix Suns,2025-11-07T02:00:00Z,player_assists,2.5,bovada,2025-11-06T14:54:41Z,2025-11-06T14:55:57Z,110.0,-145.0
Chris Paul,Los Angeles Clippers @ Phoenix Suns,2025-11-07T02:00:00Z,player_assists,5.5,bovada,2025-11-06T14:54:41Z,2025-11-06T14:55:57Z,200.0,-275.0
Collin Gillespie,Los Angeles Clippers @ Phoenix Suns,2025-11-07T02:00:00Z,player_assists,3.5,bovada,2025-11-06T14:54:41Z,2025-11-06T14:55:57Z,130.0,-170.0
Devin Booker,Los Angeles Clippers @ Phoenix Suns,2025-11-07T02:00:00Z,player_assists,6.5,bovada,2025-11-06T14:54:41Z,2025-11-06T14:55:57Z,155.0,-210.0
Grayson Allen,Los Angeles Clippers @ Phoenix Suns,2025-11-07T02:00:00Z,player_assists,3.5,bovada,2025-11-06T14:54:41Z,2025-11-06T14:55:57Z,150.0,-200.0
Ivica Zubac,Los Angeles Clippers @ Phoenix Suns,2025-11-07T02:00:00Z,player_assists,2.5,bovada,2025-11-06T14:54:41Z,2025-11-06T14:55:57Z,205.0,-280.0
Jalen Green,Los Angeles Clippers @ Phoenix Suns,2025-11-07T02:00:00Z,player_assists,2.5,bovada,2025-11-06T14:54:41Z,2025-11-06T14:55:57Z,205.0,-280.0
Royce O'Neale,Los Angeles Clippers @ Phoenix Suns,2025-11-07T02:00:00Z,player_assists,2.5,bovada,2025-11-06T14:54:41Z,2025-11-06T14:55:57Z,175.0,-240.0
Ivica Zubac,Los Angeles Clippers @ Phoenix Suns,2025-11-07T02:00:00Z,player_blocks,0.5,bovada,2025-11-06T14:54:41Z,2025-11-06T14:55:57Z,165.0,-220.0
Mark Williams,Los Angeles Clippers @ Phoenix Suns,2025-11-07T02:00:00Z,player_blocks,0.5,bovada,2025-11-06T14:54:41Z,2025-11-06T14:55:57Z,190.0,-260.0
Ivica Zubac,Los Angeles Clippers @ Phoenix Suns,2025-11-07T02:00:00Z,player_double_double,,bovada,2025-11-06T14:54:41Z,2025-11-06T14:55:57Z,,
Mark Williams,Los Angeles Clippers @ Phoenix Suns,2025-11-07T02:00:00Z,player_double_double,,bovada,2025-11-06T14:54:41Z,2025-11-06T14:55:57Z,,
Devin Booker,Los Angeles Clippers @ Phoenix Suns,2025-11-07T02:00:00Z,player_double_double,,bovada,2025-11-06T14:54:41Z,2025-11-06T14:55:57Z,,
John Collins,Los Angeles Clippers @ Phoenix Suns,2025-11-07T02:00:00Z,player_double_double,,bovada,2025-11-06T14:54:41Z,2025-11-06T14:55:57Z,,
Chris Paul,Los Angeles Clippers @ Phoenix Suns,2025-11-07T02:00:00Z,player_double_double,,bovada,2025-11-06T14:54:41Z,2025-11-06T14:55:57Z,,
Ryan Dunn,Los Angeles Clippers @ Phoenix Suns,2025-11-07T02:00:00Z,player_double_double,,bovada,2025-11-06T14:54:41Z,2025-11-06T14:55:57Z,,
Royce O'Neale,Los Angeles Clippers @ Phoenix Suns,2025-11-07T02:00:00Z,player_double_double,,bovada,2025-11-06T14:54:41Z,2025-11-06T14:55:57Z,,
Grayson Allen,Los Angeles Clippers @ Phoenix Suns,2025-11-07T02:00:00Z,player_double_double,,bovada,2025-11-06T14:54:41Z,2025-11-06T14:55:57Z,,
Collin Gillespie,Los Angeles Clippers @ Phoenix Suns,2025-11-07T02:00:00Z,player_double_double,,bovada,2025-11-06T14:54:41Z,2025-11-06T14:55:57Z,,
Bogdan Bogdanovic,Los Angeles Clippers @ Phoenix Suns,2025-11-07T02:00:00Z,player_points,8.5,bovada,2025-11-06T14:54:41Z,2025-11-06T14:55:57Z,170.0,-230.0
Bradley Beal,Los Angeles Clippers @ Phoenix Suns,2025-11-07T02:00:00Z,player_points,11.5,bovada,2025-11-06T14:54:41Z,2025-11-06T14:55:57Z,170.0,-230.0
Brook Lopez,Los Angeles Clippers @ Phoenix Suns,2025-11-07T02:00:00Z,player_points,4.5,bovada,2025-11-06T14:54:41Z,2025-11-06T14:55:57Z,165.0,-220.0
Chris Paul,Los Angeles Clippers @ Phoenix Suns,2025-11-07T02:00:00Z,player_points,4.5,bovada,2025-11-06T14:54:41Z,2025-11-06T14:55:57Z,170.0,-230.0
Collin Gillespie,Los Angeles Clippers @ Phoenix Suns,2025-11-07T02:00:00Z,player_points,6.5,bovada,2025-11-06T14:54:41Z,2025-11-06T14:55:57Z,200.0,-275.0
Derrick Jones,Los Angeles Clippers @ Phoenix Suns,2025-11-07T02:00:00Z,player_points,9.5,bovada,2025-11-06T14:54:41Z,2025-11-06T14:55:57Z,210.0,-290.0
Devin Booker,Los Angeles Clippers @ Phoenix Suns,2025-11-07T02:00:00Z,player_points,23.5,bovada,2025-11-06T14:54:41Z,2025-11-06T14:55:57Z,200.0,-275.0
Grayson Allen,Los Angeles Clippers @ Phoenix Suns,2025-11-07T02:00:00Z,player_points,11.5,bovada,2025-11-06T14:54:41Z,2025-11-06T14:55:57Z,210.0,-290.0
Ivica Zubac,Los Angeles Clippers @ Phoenix Suns,2025-11-07T02:00:00Z,player_points,13.5,bovada,2025-11-06T14:54:41Z,2025-11-06T14:55:57Z,205.0,-280.0
Jalen Green,Los Angeles Clippers @ Phoenix Suns,2025-11-07T02:00:00Z,player_points,10.5,bovada,2025-11-06T14:54:41Z,2025-11-06T14:55:57Z,200.0,-275.0
John Collins,Los Angeles Clippers @ Phoenix Suns,2025-11-07T02:00:00Z,player_points,14.5,bovada,2025-11-06T14:54:41Z,2025-11-06T14:55:57Z,210.0,-290.0
Kris Dunn,Los Angeles Clippers @ Phoenix Suns,2025-11-07T02:00:00Z,player_points,6.5,bovada,2025-11-06T14:54:41Z,2025-11-06T14:55:57Z,160.0,-215.0
Mark Williams,Los Angeles Clippers @ Phoenix Suns,2025-11-07T02:00:00Z,player_points,10.5,bovada,2025-11-06T14:54:41Z,2025-11-06T14:55:57Z,170.0,-230.0
Royce O'Neale,Los Angeles Clippers @ Phoenix Suns,2025-11-07T02:00:00Z,player_points,6.5,bovada,2025-11-06T14:54:41Z,2025-11-06T14:55:57Z,185.0,-250.0
Ryan Dunn,Los Angeles Clippers @ Phoenix Suns,2025-11-07T02:00:00Z,player_points,6.5,bovada,2025-11-06T14:54:41Z,2025-11-06T14:55:57Z,180.0,-245.0
Devin Booker,Los Angeles Clippers @ Phoenix Suns,2025-11-07T02:00:00Z,player_points_rebounds_assists,37.5,bovada,2025-11-06T14:54:41Z,2025-11-06T14:55:57Z,115.0,-150.0
Grayson Allen,Los Angeles Clippers @ Phoenix Suns,2025-11-07T02:00:00Z,player_points_rebounds_assists,20.5,bovada,2025-11-06T14:54:41Z,2025-11-06T14:55:57Z,130.0,-170.0
Ivica Zubac,Los Angeles Clippers @ Phoenix Suns,2025-11-07T02:00:00Z,player_points_rebounds_assists,28.5,bovada,2025-11-06T14:54:41Z,2025-11-06T14:55:57Z,110.0,-145.0
Jalen Green,Los Angeles Clippers @ Phoenix Suns,2025-11-07T02:00:00Z,player_points_rebounds_assists,16.5,bovada,2025-11-06T14:54:41Z,2025-11-06T14:55:57Z,130.0,-170.0
Royce O'Neale,Los Angeles Clippers @ Phoenix Suns,2025-11-07T02:00:00Z,player_points_rebounds_assists,14.5,bovada,2025-11-06T14:54:41Z,2025-11-06T14:55:57Z,130.0,-170.0
Ryan Dunn,Los Angeles Clippers @ Phoenix Suns,2025-11-07T02:00:00Z,player_points_rebounds_assists,13.5,bovada,2025-11-06T14:54:41Z,2025-11-06T14:55:57Z,140.0,-185.0
Brook Lopez,Los Angeles Clippers @ Phoenix Suns,2025-11-07T02:00:00Z,player_rebounds,2.5,bovada,2025-11-06T14:54:41Z,2025-11-06T14:55:57Z,145.0,-190.0
Derrick Jones,Los Angeles Clippers @ Phoenix Suns,2025-11-07T02:00:00Z,player_rebounds,3.5,bovada,2025-11-06T14:54:41Z,2025-11-06T14:55:57Z,150.0,-200.0
Devin Booker,Los Angeles Clippers @ Phoenix Suns,2025-11-07T02:00:00Z,player_rebounds,2.5,bovada,2025-11-06T14:54:41Z,2025-11-06T14:55:57Z,170.0,-230.0
Grayson Allen,Los Angeles Clippers @ Phoenix Suns,2025-11-07T02:00:00Z,player_rebounds,2.5,bovada,2025-11-06T14:54:41Z,2025-11-06T14:55:57Z,110.0,-145.0
Ivica Zubac,Los Angeles Clippers @ Phoenix Suns,2025-11-07T02:00:00Z,player_rebounds,9.5,bovada,2025-11-06T14:54:41Z,2025-11-06T14:55:57Z,155.0,-210.0
Jalen Green,Los Angeles Clippers @ Phoenix Suns,2025-11-07T02:00:00Z,player_rebounds,2.5,bovada,2025-11-06T14:54:41Z,2025-11-06T14:55:57Z,135.0,-180.0
John Collins,Los Angeles Clippers @ Phoenix Suns,2025-11-07T02:00:00Z,player_rebounds,5.5,bovada,2025-11-06T14:54:41Z,2025-11-06T14:55:57Z,145.0,-190.0
Kris Dunn,Los Angeles Clippers @ Phoenix Suns,2025-11-07T02:00:00Z,player_rebounds,2.5,bovada,2025-11-06T14:54:41Z,2025-11-06T14:55:57Z,180.0,-245.0
Mark Williams,Los Angeles Clippers @ Phoenix Suns,2025-11-07T02:00:00Z,player_rebounds,7.5,bovada,2025-11-06T14:54:41Z,2025-11-06T14:55:57Z,175.0,-240.0
Royce O'Neale,Los Angeles Clippers @ Phoenix Suns,2025-11-07T02:00:00Z,player_rebounds,4.5,bovada,2025-11-06T14:54:41Z,2025-11-06T14:55:57Z,130.0,-170.0
Ryan Dunn,Los Angeles Clippers @ Phoenix Suns,2025-11-07T02:00:00Z,player_rebounds,4.5,bovada,2025-11-06T14:54:41Z,2025-11-06T14:55:57Z,130.0,-170.0
Devin Booker,Los Angeles Clippers @ Phoenix Suns,2025-11-07T02:00:00Z,player_steals,0.5,bovada,2025-11-06T14:54:41Z,2025-11-06T14:55:57Z,-170.0,130.0
Ivica Zubac,Los Angeles Clippers @ Phoenix Suns,2025-11-07T02:00:00Z,player_steals,0.5,bovada,2025-11-06T14:54:41Z,2025-11-06T14:55:57Z,-145.0,110.0
Jalen Green,Los Angeles Clippers @ Phoenix Suns,2025-11-07T02:00:00Z,player_steals,0.5,bovada,2025-11-06T14:54:41Z,2025-11-06T14:55:57Z,-130.0,100.0
Kris Dunn,Los Angeles Clippers @ Phoenix Suns,2025-11-07T02:00:00Z,player_steals,1.5,bovada,2025-11-06T14:54:41Z,2025-11-06T14:55:57Z,105.0,-135.0
Ryan Dunn,Los Angeles Clippers @ Phoenix Suns,2025-11-07T02:00:00Z,player_steals,1.5,bovada,2025-11-06T14:54:41Z,2025-11-06T14:55:57Z,140.0,-185.0
Bogdan Bogdanovic,Los Angeles Clippers @ Phoenix Suns,2025-11-07T02:00:00Z,player_threes,1.5,bovada,2025-11-06T14:54:41Z,2025-11-06T14:55:57Z,190.0,-260.0
Bradley Beal,Los Angeles Clippers @ Phoenix Suns,2025-11-07T02:00:00Z,player_threes,1.5,bovada,2025-11-06T14:54:41Z,2025-11-06T14:55:57Z,210.0,-290.0
Brook Lopez,Los Angeles Clippers @ Phoenix Suns,2025-11-07T02:00:00Z,player_threes,1.5,bovada,2025-11-06T14:54:41Z,2025-11-06T14:55:57Z,130.0,-170.0
Chris Paul,Los Angeles Clippers @ Phoenix Suns,2025-11-07T02:00:00Z,player_threes,1.5,bovada,2025-11-06T14:54:41Z,2025-11-06T14:55:57Z,110.0,-145.0
Collin Gillespie,Los Angeles Clippers @ Phoenix Suns,2025-11-07T02:00:00Z,player_threes,1.5,bovada,2025-11-06T14:54:41Z,2025-11-06T14:55:57Z,165.0,-220.0
Derrick Jones,Los Angeles Clippers @ Phoenix Suns,2025-11-07T02:00:00Z,player_threes,1.5,bovada,2025-11-06T14:54:41Z,2025-11-06T14:55:57Z,190.0,-260.0
Devin Booker,Los Angeles Clippers @ Phoenix Suns,2025-11-07T02:00:00Z,player_threes,1.5,bovada,2025-11-06T14:54:41Z,2025-11-06T14:55:57Z,130.0,-170.0
Jalen Green,Los Angeles Clippers @ Phoenix Suns,2025-11-07T02:00:00Z,player_threes,1.5,bovada,2025-11-06T14:54:41Z,2025-11-06T14:55:57Z,175.0,-240.0
John Collins,Los Angeles Clippers @ Phoenix Suns,2025-11-07T02:00:00Z,player_threes,1.5,bovada,2025-11-06T14:54:41Z,2025-11-06T14:55:57Z,130.0,-170.0
Kris Dunn,Los Angeles Clippers @ Phoenix Suns,2025-11-07T02:00:00Z,player_threes,1.5,bovada,2025-11-06T14:54:41Z,2025-11-06T14:55:57Z,150.0,-200.0
Royce O'Neale,Los Angeles Clippers @ Phoenix Suns,2025-11-07T02:00:00Z,player_threes,1.5,bovada,2025-11-06T14:54:41Z,2025-11-06T14:55:57Z,130.0,-170.0
Mark Williams,Los Angeles Clippers @ Phoenix Suns,2025-11-07T02:00:00Z,player_assists,1.5,betmgm,2025-11-06T14:54:38Z,2025-11-06T14:56:05Z,-115.0,-118.0
Ivica Zubac,Los Angeles Clippers @ Phoenix Suns,2025-11-07T02:00:00Z,player_assists,2.5,betmgm,2025-11-06T14:54:38Z,2025-11-06T14:56:05Z,-118.0,-110.0
Bradley Beal,Los Angeles Clippers @ Phoenix Suns,2025-11-07T02:00:00Z,player_assists,3.5,betmgm,2025-11-06T14:54:38Z,2025-11-06T14:56:05Z,100.0,-135.0
Brook Lopez,Los Angeles Clippers @ Phoenix Suns,2025-11-07T02:00:00Z,player_assists,0.5,betmgm,2025-11-06T14:54:38Z,2025-11-06T14:56:05Z,-110.0,-118.0
Derrick Jones,Los Angeles Clippers @ Phoenix Suns,2025-11-07T02:00:00Z,player_assists,1.5,betmgm,2025-11-06T14:54:38Z,2025-11-06T14:56:05Z,125.0,-165.0
Ryan Dunn,Los Angeles Clippers @ Phoenix Suns,2025-11-07T02:00:00Z,player_assists,1.5,betmgm,2025-11-06T14:54:38Z,2025-11-06T14:56:05Z,130.0,-175.0
Royce O'Neale,Los Angeles Clippers @ Phoenix Suns,2025-11-07T02:00:00Z,player_assists,2.5,betmgm,2025-11-06T14:54:38Z,2025-11-06T14:56:05Z,-130.0,100.0
Collin Gillespie,Los Angeles Clippers @ Phoenix Suns,2025-11-07T02:00:00Z,player_assists,3.5,betmgm,2025-11-06T14:54:38Z,2025-11-06T14:56:05Z,-140.0,105.0
Grayson Allen,Los Angeles Clippers @ Phoenix Suns,2025-11-07T02:00:00Z,player_assists,3.5,betmgm,2025-11-06T14:54:38Z,2025-11-06T14:56:05Z,-145.0,105.0
Devin Booker,Los Angeles Clippers @ Phoenix Suns,2025-11-07T02:00:00Z,player_assists,7.5,betmgm,2025-11-06T14:54:38Z,2025-11-06T14:56:05Z,-110.0,-120.0
John Collins,Los Angeles Clippers @ Phoenix Suns,2025-11-07T02:00:00Z,player_assists,1.5,betmgm,2025-11-06T14:54:38Z,2025-11-06T14:56:05Z,-130.0,100.0
Jalen Green,Los Angeles Clippers @ Phoenix Suns,2025-11-07T02:00:00Z,player_assists,2.5,betmgm,2025-11-06T14:54:38Z,2025-11-06T14:56:05Z,-150.0,110.0
Oso Ighodaro,Los Angeles Clippers @ Phoenix Suns,2025-11-07T02:00:00Z,player_assists,0.5,betmgm,2025-11-06T14:54:38Z,2025-11-06T14:56:05Z,-285.0,200.0
Chris Paul,Los Angeles Clippers @ Phoenix Suns,2025-11-07T02:00:00Z,player_assists,6.5,betmgm,2025-11-06T14:54:38Z,2025-11-06T14:56:05Z,105.0,-145.0
Bogdan Bogdanovic,Los Angeles Clippers @ Phoenix Suns,2025-11-07T02:00:00Z,player_assists,3.5,betmgm,2025-11-06T14:54:38Z,2025-11-06T14:56:05Z,110.0,-150.0
Kris Dunn,Los Angeles Clippers @ Phoenix Suns,2025-11-07T02:00:00Z,player_assists,2.5,betmgm,2025-11-06T14:54:38Z,2025-11-06T14:56:05Z,-165.0,125.0
Nicolas Batum,Los Angeles Clippers @ Phoenix Suns,2025-11-07T02:00:00Z,player_assists,1.5,betmgm,2025-11-06T14:54:38Z,2025-11-06T14:56:05Z,-140.0,105.0
Mark Williams,Los Angeles Clippers @ Phoenix Suns,2025-11-07T02:00:00Z,player_blocks,0.5,betmgm,2025-11-06T14:54:38Z,2025-11-06T14:56:05Z,-235.0,165.0
Ivica Zubac,Los Angeles Clippers @ Phoenix Suns,2025-11-07T02:00:00Z,player_blocks,0.5,betmgm,2025-11-06T14:54:38Z,2025-11-06T14:56:05Z,-200.0,140.0
Bradley Beal,Los Angeles Clippers @ Phoenix Suns,2025-11-07T02:00:00Z,player_blocks,0.5,betmgm,2025-11-06T14:54:38Z,2025-11-06T14:56:05Z,275.0,-450.0
Derrick Jones,Los Angeles Clippers @ Phoenix Suns,2025-11-07T02:00:00Z,player_blocks,0.5,betmgm,2025-11-06T14:54:38Z,2025-11-06T14:56:05Z,-125.0,-110.0
Ryan Dunn,Los Angeles Clippers @ Phoenix Suns,2025-11-07T02:00:00Z,player_blocks,0.5,betmgm,2025-11-06T14:54:38Z,2025-11-06T14:56:05Z,-115.0,-120.0
Grayson Allen,Los Angeles Clippers @ Phoenix Suns,2025-11-07T02:00:00Z,player_blocks,0.5,betmgm,2025-11-06T14:54:38Z,2025-11-06T14:56:05Z,260.0,-400.0
Devin Booker,Los Angeles Clippers @ Phoenix Suns,2025-11-07T02:00:00Z,player_blocks,0.5,betmgm,2025-11-06T14:54:38Z,2025-11-06T14:56:05Z,325.0,-550.0
Jalen Green,Los Angeles Clippers @ Phoenix Suns,2025-11-07T02:00:00Z,player_blocks,0.5,betmgm,2025-11-06T14:54:38Z,2025-11-06T14:56:05Z,400.0,-750.0
Chris Paul,Los Angeles Clippers @ Phoenix Suns,2025-11-07T02:00:00Z,player_blocks,0.5,betmgm,2025-11-06T14:54:38Z,2025-11-06T14:56:05Z,400.0,-700.0
Nicolas Batum,Los Angeles Clippers @ Phoenix Suns,2025-11-07T02:00:00Z,player_blocks,0.5,betmgm,2025-11-06T14:54:38Z,2025-11-06T14:56:05Z,140.0,-200.0
Mark Williams,Los Angeles Clippers @ Phoenix Suns,2025-11-07T02:00:00Z,player_double_double,,betmgm,2025-11-06T14:54:38Z,2025-11-06T14:56:05Z,,
Ivica Zubac,Los Angeles Clippers @ Phoenix Suns,2025-11-07T02:00:00Z,player_double_double,,betmgm,2025-11-06T14:54:38Z,2025-11-06T14:56:05Z,,
Ryan Dunn,Los Angeles Clippers @ Phoenix Suns,2025-11-07T02:00:00Z,player_double_double,,betmgm,2025-11-06T14:54:38Z,2025-11-06T14:56:05Z,,
Grayson Allen,Los Angeles Clippers @ Phoenix Suns,2025-11-07T02:00:00Z,player_double_double,,betmgm,2025-11-06T14:54:38Z,2025-11-06T14:56:05Z,,
Devin Booker,Los Angeles Clippers @ Phoenix Suns,2025-11-07T02:00:00Z,player_double_double,,betmgm,2025-11-06T14:54:38Z,2025-11-06T14:56:05Z,,
Chris Paul,Los Angeles Clippers @ Phoenix Suns,2025-11-07T02:00:00Z,player_double_double,,betmgm,2025-11-06T14:54:38Z,2025-11-06T14:56:05Z,,
Derrick Jones,Los Angeles Clippers @ Phoenix Suns,2025-11-07T02:00:00Z,player_double_double,,betmgm,2025-11-06T14:54:38Z,2025-11-06T14:56:05Z,,
Oso Ighodaro,Los Angeles Clippers @ Phoenix Suns,2025-11-07T02:00:00Z,player_points,4.5,betmgm,2025-11-06T14:54:38Z,2025-11-06T14:56:05Z,-110.0,-120.0
Mark Williams,Los Angeles Clippers @ Phoenix Suns,2025-11-07T02:00:00Z,player_points,13.5,betmgm,2025-11-06T14:54:38Z,2025-11-06T14:56:05Z,-120.0,-110.0
Ivica Zubac,Los Angeles Clippers @ Phoenix Suns,2025-11-07T02:00:00Z,player_points,17.5,betmgm,2025-11-06T14:54:38Z,2025-11-06T14:56:05Z,-115.0,-118.0
Brook Lopez,Los Angeles Clippers @ Phoenix Suns,2025-11-07T02:00:00Z,player_points,7.5,betmgm,2025-11-06T14:54:38Z,2025-11-06T14:56:05Z,-105.0,-125.0
Derrick Jones,Los Angeles Clippers @ Phoenix Suns,2025-11-07T02:00:00Z,player_points,11.5,betmgm,2025-11-06T14:54:38Z,2025-11-06T14:56:05Z,-125.0,-105.0
Ryan Dunn,Los Angeles Clippers @ Phoenix Suns,2025-11-07T02:00:00Z,player_points,8.5,betmgm,2025-11-06T14:54:38Z,2025-11-06T14:56:05Z,-115.0,-115.0
Royce O'Neale,Los Angeles Clippers @ Phoenix Suns,2025-11-07T02:00:00Z,player_points,8.5,betmgm,2025-11-06T14:54:38Z,2025-11-06T14:56:05Z,-130.0,-105.0
Collin Gillespie,Los Angeles Clippers @ Phoenix Suns,2025-11-07T02:00:00Z,player_points,9.5,betmgm,2025-11-06T14:54:38Z,2025-11-06T14:56:05Z,-115.0,-115.0
Grayson Allen,Los Angeles Clippers @ Phoenix Suns,2025-11-07T02:00:00Z,player_points,15.5,betmgm,2025-11-06T14:54:38Z,2025-11-06T14:56:05Z,-110.0,-120.0
Jalen Green,Los Angeles Clippers @ Phoenix Suns,2025-11-07T02:00:00Z,player_points,12.5,betmgm,2025-11-06T14:54:38Z,2025-11-06T14:56:05Z,-140.0,105.0
Bradley Beal,Los Angeles Clippers @ Phoenix Suns,2025-11-07T02:00:00Z,player_points,14.5,betmgm,2025-11-06T14:54:38Z,2025-11-06T14:56:05Z,-110.0,-118.0
Chris Paul,Los Angeles Clippers @ Phoenix Suns,2025-11-07T02:00:00Z,player_points,6.5,betmgm,2025-11-06T14:54:38Z,2025-11-06T14:56:05Z,-125.0,-105.0
Devin Booker,Los Angeles Clippers @ Phoenix Suns,2025-11-07T02:00:00Z,player_points,27.5,betmgm,2025-11-06T14:54:38Z,2025-11-06T14:56:05Z,-125.0,-105.0
Bogdan Bogdanovic,Los Angeles Clippers @ Phoenix Suns,2025-11-07T02:00:00Z,player_points,10.5,betmgm,2025-11-06T14:54:38Z,2025-11-06T14:56:05Z,-120.0,-110.0
Nicolas Batum,Los Angeles Clippers @ Phoenix Suns,2025-11-07T02:00:00Z,player_points,5.5,betmgm,2025-11-06T14:54:38Z,2025-11-06T14:56:05Z,-145.0,110.0
Kris Dunn,Los Angeles Clippers @ Phoenix Suns,2025-11-07T02:00:00Z,player_points,8.5,betmgm,2025-11-06T14:54:38Z,2025-11-06T14:56:05Z,100.0,-135.0
John Collins,Los Angeles Clippers @ Phoenix Suns,2025-11-07T02:00:00Z,player_points,16.5,betmgm,2025-11-06T14:54:38Z,2025-11-06T14:56:05Z,-130.0,-105.0
Mark Williams,Los Angeles Clippers @ Phoenix Suns,2025-11-07T02:00:00Z,player_points_rebounds_assists,24.5,betmgm,2025-11-06T14:54:38Z,2025-11-06T14:56:05Z,-115.0,-115.0
Brook Lopez,Los Angeles Clippers @ Phoenix Suns,2025-11-07T02:00:00Z,player_points_rebounds_assists,11.5,betmgm,2025-11-06T14:54:38Z,2025-11-06T14:56:05Z,105.0,-140.0
Derrick Jones,Los Angeles Clippers @ Phoenix Suns,2025-11-07T02:00:00Z,player_points_rebounds_assists,16.5,betmgm,2025-11-06T14:54:38Z,2025-11-06T14:56:05Z,-120.0,-110.0
Ryan Dunn,Los Angeles Clippers @ Phoenix Suns,2025-11-07T02:00:00Z,player_points_rebounds_assists,14.5,betmgm,2025-11-06T14:54:38Z,2025-11-06T14:56:05Z,-130.0,-105.0
Royce O'Neale,Los Angeles Clippers @ Phoenix Suns,2025-11-07T02:00:00Z,player_points_rebounds_assists,16.5,betmgm,2025-11-06T14:54:38Z,2025-11-06T14:56:05Z,-135.0,100.0
Collin Gillespie,Los Angeles Clippers @ Phoenix Suns,2025-11-07T02:00:00Z,player_points_rebounds_assists,16.5,betmgm,2025-11-06T14:54:38Z,2025-11-06T14:56:05Z,-125.0,-105.0
Grayson Allen,Los Angeles Clippers @ Phoenix Suns,2025-11-07T02:00:00Z,player_points_rebounds_assists,23.5,betmgm,2025-11-06T14:54:38Z,2025-11-06T14:56:05Z,-105.0,-130.0
Devin Booker,Los Angeles Clippers @ Phoenix Suns,2025-11-07T02:00:00Z,player_points_rebounds_assists,39.5,betmgm,2025-11-06T14:54:38Z,2025-11-06T14:56:05Z,-105.0,-125.0
Jalen Green,Los Angeles Clippers @ Phoenix Suns,2025-11-07T02:00:00Z,player_points_rebounds_assists,18.5,betmgm,2025-11-06T14:54:38Z,2025-11-06T14:56:05Z,-115.0,-115.0
Oso Ighodaro,Los Angeles Clippers @ Phoenix Suns,2025-11-07T02:00:00Z,player_points_rebounds_assists,9.5,betmgm,2025-11-06T14:54:38Z,2025-11-06T14:56:05Z,100.0,-135.0
John Collins,Los Angeles Clippers @ Phoenix Suns,2025-11-07T02:00:00Z,player_points_rebounds_assists,25.5,betmgm,2025-11-06T14:54:38Z,2025-11-06T14:56:05Z,-105.0,-130.0
Ivica Zubac,Los Angeles Clippers @ Phoenix Suns,2025-11-07T02:00:00Z,player_points_rebounds_assists,32.5,betmgm,2025-11-06T14:54:38Z,2025-11-06T14:56:05Z,100.0,-135.0
Bradley Beal,Los Angeles Clippers @ Phoenix Suns,2025-11-07T02:00:00Z,player_points_rebounds_assists,20.5,betmgm,2025-11-06T14:54:38Z,2025-11-06T14:56:05Z,-105.0,-125.0
Chris Paul,Los Angeles Clippers @ Phoenix Suns,2025-11-07T02:00:00Z,player_points_rebounds_assists,15.5,betmgm,2025-11-06T14:54:38Z,2025-11-06T14:56:05Z,-130.0,-105.0
Bogdan Bogdanovic,Los Angeles Clippers @ Phoenix Suns,2025-11-07T02:00:00Z,player_points_rebounds_assists,17.5,betmgm,2025-11-06T14:54:38Z,2025-11-06T14:56:05Z,-105.0,-130.0
Kris Dunn,Los Angeles Clippers @ Phoenix Suns,2025-11-07T02:00:00Z,player_points_rebounds_assists,14.5,betmgm,2025-11-06T14:54:38Z,2025-11-06T14:56:05Z,-125.0,-105.0
Nicolas Batum,Los Angeles Clippers @ Phoenix Suns,2025-11-07T02:00:00Z,player_points_rebounds_assists,10.5,betmgm,2025-11-06T14:54:38Z,2025-11-06T14:56:05Z,-125.0,-105.0
Oso Ighodaro,Los Angeles Clippers @ Phoenix Suns,2025-11-07T02:00:00Z,player_rebounds,3.5,betmgm,2025-11-06T14:54:38Z,2025-11-06T14:56:05Z,100.0,-135.0
Ivica Zubac,Los Angeles Clippers @ Phoenix Suns,2025-11-07T02:00:00Z,player_rebounds,11.5,betmgm,2025-11-06T14:54:38Z,2025-11-06T14:56:05Z,-105.0,-125.0
Bradley Beal,Los Angeles Clippers @ Phoenix Suns,2025-11-07T02:00:00Z,player_rebounds,1.5,betmgm,2025-11-06T14:54:38Z,2025-11-06T14:56:05Z,-155.0,115.0
Brook Lopez,Los Angeles Clippers @ Phoenix Suns,2025-11-07T02:00:00Z,player_rebounds,2.5,betmgm,2025-11-06T14:54:38Z,2025-11-06T14:56:05Z,-155.0,115.0
Derrick Jones,Los Angeles Clippers @ Phoenix Suns,2025-11-07T02:00:00Z,player_rebounds,3.5,betmgm,2025-11-06T14:54:38Z,2025-11-06T14:56:05Z,-110.0,-120.0
Ryan Dunn,Los Angeles Clippers @ Phoenix Suns,2025-11-07T02:00:00Z,player_rebounds,4.5,betmgm,2025-11-06T14:54:38Z,2025-11-06T14:56:05Z,-155.0,115.0
Royce O'Neale,Los Angeles Clippers @ Phoenix Suns,2025-11-07T02:00:00Z,player_rebounds,4.5,betmgm,2025-11-06T14:54:38Z,2025-11-06T14:56:05Z,-125.0,-105.0
Collin Gillespie,Los Angeles Clippers @ Phoenix Suns,2025-11-07T02:00:00Z,player_rebounds,3.5,betmgm,2025-11-06T14:54:38Z,2025-11-06T14:56:05Z,115.0,-150.0
Grayson Allen,Los Angeles Clippers @ Phoenix Suns,2025-11-07T02:00:00Z,player_rebounds,3.5,betmgm,2025-11-06T14:54:38Z,2025-11-06T14:56:05Z,-115.0,-118.0
Devin Booker,Los Angeles Clippers @ Phoenix Suns,2025-11-07T02:00:00Z,player_rebounds,3.5,betmgm,2025-11-06T14:54:38Z,2025-11-06T14:56:05Z,-120.0,-110.0
John Collins,Los Angeles Clippers @ Phoenix Suns,2025-11-07T02:00:00Z,player_rebounds,6.5,betmgm,2025-11-06T14:54:38Z,2025-11-06T14:56:05Z,-125.0,-105.0
Jalen Green,Los Angeles Clippers @ Phoenix Suns,2025-11-07T02:00:00Z,player_rebounds,2.5,betmgm,2025-11-06T14:54:38Z,2025-11-06T14:56:05Z,-160.0,120.0
Chris Paul,Los Angeles Clippers @ Phoenix Suns,2025-11-07T02:00:00Z,player_rebounds,2.5,betmgm,2025-11-06T14:54:38Z,2025-11-06T14:56:05Z,110.0,-145.0
Mark Williams,Los Angeles Clippers @ Phoenix Suns,2025-11-07T02:00:00Z,player_rebounds,8.5,betmgm,2025-11-06T14:54:38Z,2025-11-06T14:56:05Z,-150.0,110.0
Bogdan Bogdanovic,Los Angeles Clippers @ Phoenix Suns,2025-11-07T02:00:00Z,player_rebounds,2.5,betmgm,2025-11-06T14:54:38Z,2025-11-06T14:56:05Z,-135.0,100.0
Kris Dunn,Los Angeles Clippers @ Phoenix Suns,2025-11-07T02:00:00Z,player_rebounds,3.5,betmgm,2025-11-06T14:54:38Z,2025-11-06T14:56:05Z,-105.0,-130.0
Nicolas Batum,Los Angeles Clippers @ Phoenix Suns,2025-11-07T02:00:00Z,player_rebounds,3.5,betmgm,2025-11-06T14:54:38Z,2025-11-06T14:56:05Z,110.0,-145.0
Bradley Beal,Los Angeles Clippers @ Phoenix Suns,2025-11-07T02:00:00Z,player_threes,1.5,betmgm,2025-11-06T14:54:38Z,2025-11-06T14:56:05Z,-135.0,100.0
Brook Lopez,Los Angeles Clippers @ Phoenix Suns,2025-11-07T02:00:00Z,player_threes,1.5,betmgm,2025-11-06T14:54:38Z,2025-11-06T14:56:05Z,115.0,-155.0
Derrick Jones,Los Angeles Clippers @ Phoenix Suns,2025-11-07T02:00:00Z,player_threes,1.5,betmgm,2025-11-06T14:54:38Z,2025-11-06T14:56:05Z,-155.0,115.0
Ryan Dunn,Los Angeles Clippers @ Phoenix Suns,2025-11-07T02:00:00Z,player_threes,1.5,betmgm,2025-11-06T14:54:38Z,2025-11-06T14:56:05Z,145.0,-200.0
Royce O'Neale,Los Angeles Clippers @ Phoenix Suns,2025-11-07T02:00:00Z,player_threes,2.5,betmgm,2025-11-06T14:54:38Z,2025-11-06T14:56:05Z,105.0,-140.0
Collin Gillespie,Los Angeles Clippers @ Phoenix Suns,2025-11-07T02:00:00Z,player_threes,2.5,betmgm,2025-11-06T14:54:38Z,2025-11-06T14:56:05Z,140.0,-190.0
Grayson Allen,Los Angeles Clippers @ Phoenix Suns,2025-11-07T02:00:00Z,player_threes,3.5,betmgm,2025-11-06T14:54:38Z,2025-11-06T14:56:05Z,120.0,-160.0
Devin Booker,Los Angeles Clippers @ Phoenix Suns,2025-11-07T02:00:00Z,player_threes,2.5,betmgm,2025-11-06T14:54:38Z,2025-11-06T14:56:05Z,140.0,-185.0
John Collins,Los Angeles Clippers @ Phoenix Suns,2025-11-07T02:00:00Z,player_threes,1.5,betmgm,2025-11-06T14:54:38Z,2025-11-06T14:56:05Z,145.0,-200.0
Jalen Green,Los Angeles Clippers @ Phoenix Suns,2025-11-07T02:00:00Z,player_threes,1.5,betmgm,2025-11-06T14:54:38Z,2025-11-06T14:56:05Z,-155.0,115.0
Chris Paul,Los Angeles Clippers @ Phoenix Suns,2025-11-07T02:00:00Z,player_threes,1.5,betmgm,2025-11-06T14:54:38Z,2025-11-06T14:56:05Z,105.0,-140.0
Bogdan Bogdanovic,Los Angeles Clippers @ Phoenix Suns,2025-11-07T02:00:00Z,player_threes,1.5,betmgm,2025-11-06T14:54:38Z,2025-11-06T14:56:05Z,-155.0,115.0
Nicolas Batum,Los Angeles Clippers @ Phoenix Suns,2025-11-07T02:00:00Z,player_threes,1.5,betmgm,2025-11-06T14:54:38Z,2025-11-06T14:56:05Z,-140.0,105.0
Kris Dunn,Los Angeles Clippers @ Phoenix Suns,2025-11-07T02:00:00Z,player_threes,1.5,betmgm,2025-11-06T14:54:38Z,2025-11-06T14:56:05Z,165.0,-225.0
Devin Booker,Los Angeles Clippers @ Phoenix Suns,2025-11-07T02:00:00Z,player_assists,7.5,betrivers,2025-11-06T14:55:29Z,2025-11-06T14:55:26Z,-130.0,-103.0
Ivica Zubac,Los Angeles Clippers @ Phoenix Suns,2025-11-07T02:00:00Z,player_assists,2.5,betrivers,2025-11-06T14:55:29Z,2025-11-06T14:55:26Z,-113.0,-118.0
Jalen Green,Los Angeles Clippers @ Phoenix Suns,2025-11-07T02:00:00Z,player_assists,2.5,betrivers,2025-11-06T14:55:29Z,2025-11-06T14:55:26Z,-117.0,-114.0
Grayson Allen,Los Angeles Clippers @ Phoenix Suns,2025-11-07T02:00:00Z,player_assists,3.5,betrivers,2025-11-06T14:55:29Z,2025-11-06T14:55:26Z,-143.0,108.0
Bradley Beal,Los Angeles Clippers @ Phoenix Suns,2025-11-07T02:00:00Z,player_assists,3.5,betrivers,2025-11-06T14:55:29Z,2025-11-06T14:55:26Z,112.0,-150.0
Chris Paul,Los Angeles Clippers @ Phoenix Suns,2025-11-07T02:00:00Z,player_assists,5.5,betrivers,2025-11-06T14:55:29Z,2025-11-06T14:55:26Z,-141.0,107.0
Chris Paul,Los Angeles Clippers @ Phoenix Suns,2025-11-07T02:00:00Z,player_points,7.5,betrivers,2025-11-06T14:55:29Z,2025-11-06T14:55:26Z,-167.0,120.0
Kris Dunn,Los Angeles Clippers @ Phoenix Suns,2025-11-07T02:00:00Z,player_points,9.5,betrivers,2025-11-06T14:55:29Z,2025-11-06T14:55:26Z,-155.0,114.0
Devin Booker,Los Angeles Clippers @ Phoenix Suns,2025-11-07T02:00:00Z,player_points,26.5,betrivers,2025-11-06T14:55:29Z,2025-11-06T14:55:26Z,108.0,-148.0
Mark Williams,Los Angeles Clippers @ Phoenix Suns,2025-11-07T02:00:00Z,player_points,13.5,betrivers,2025-11-06T14:55:29Z,2025-11-06T14:55:26Z,-132.0,100.0
Jalen Green,Los Angeles Clippers @ Phoenix Suns,2025-11-07T02:00:00Z,player_points,12.5,betrivers,2025-11-06T14:55:29Z,2025-11-06T14:55:26Z,-167.0,120.0
Derrick Jones,Los Angeles Clippers @ Phoenix Suns,2025-11-07T02:00:00Z,player_points,10.5,betrivers,2025-11-06T14:55:29Z,2025-11-06T14:55:26Z,107.0,-143.0
Bradley Beal,Los Angeles Clippers @ Phoenix Suns,2025-11-07T02:00:00Z,player_points,14.5,betrivers,2025-11-06T14:55:29Z,2025-11-06T14:55:26Z,112.0,-155.0
Royce O'Neale,Los Angeles Clippers @ Phoenix Suns,2025-11-07T02:00:00Z,player_points,10.5,betrivers,2025-11-06T14:55:29Z,2025-11-06T14:55:26Z,-106.0,-125.0
Grayson Allen,Los Angeles Clippers @ Phoenix Suns,2025-11-07T02:00:00Z,player_points,14.5,betrivers,2025-11-06T14:55:29Z,2025-11-06T14:55:26Z,-150.0,110.0
Ivica Zubac,Los Angeles Clippers @ Phoenix Suns,2025-11-07T02:00:00Z,player_points,17.5,betrivers,2025-11-06T14:55:29Z,2025-11-06T14:55:26Z,115.0,-159.0
Devin Booker,Los Angeles Clippers @ Phoenix Suns,2025-11-07T02:00:00Z,player_points_rebounds_assists,40.5,betrivers,2025-11-06T14:55:29Z,2025-11-06T14:55:26Z,104.0,-137.0
Jalen Green,Los Angeles Clippers @ Phoenix Suns,2025-11-07T02:00:00Z,player_points_rebounds_assists,17.5,betrivers,2025-11-06T14:55:29Z,2025-11-06T14:55:26Z,117.0,-162.0
Ivica Zubac,Los Angeles Clippers @ Phoenix Suns,2025-11-07T02:00:00Z,player_points_rebounds_assists,32.5,betrivers,2025-11-06T14:55:29Z,2025-11-06T14:55:26Z,116.0,-159.0
Grayson Allen,Los Angeles Clippers @ Phoenix Suns,2025-11-07T02:00:00Z,player_points_rebounds_assists,23.5,betrivers,2025-11-06T14:55:29Z,2025-11-06T14:55:26Z,-159.0,116.0
Kris Dunn,Los Angeles Clippers @ Phoenix Suns,2025-11-07T02:00:00Z,player_rebounds,3.5,betrivers,2025-11-06T14:55:29Z,2025-11-06T14:55:26Z,-110.0,-121.0
Devin Booker,Los Angeles Clippers @ Phoenix Suns,2025-11-07T02:00:00Z,player_rebounds,3.5,betrivers,2025-11-06T14:55:29Z,2025-11-06T14:55:26Z,-103.0,-130.0
Royce O'Neale,Los Angeles Clippers @ Phoenix Suns,2025-11-07T02:00:00Z,player_rebounds,4.5,betrivers,2025-11-06T14:55:29Z,2025-11-06T14:55:26Z,-137.0,104.0
Jalen Green,Los Angeles Clippers @ Phoenix Suns,2025-11-07T02:00:00Z,player_rebounds,3.5,betrivers,2025-11-06T14:55:29Z,2025-11-06T14:55:26Z,132.0,-177.0
Mark Williams,Los Angeles Clippers @ Phoenix Suns,2025-11-07T02:00:00Z,player_rebounds,9.5,betrivers,2025-11-06T14:55:29Z,2025-11-06T14:55:26Z,102.0,-136.0
Derrick Jones,Los Angeles Clippers @ Phoenix Suns,2025-11-07T02:00:00Z,player_rebounds,3.5,betrivers,2025-11-06T14:55:29Z,2025-11-06T14:55:26Z,-130.0,-103.0
Grayson Allen,Los Angeles Clippers @ Phoenix Suns,2025-11-07T02:00:00Z,player_rebounds,3.5,betrivers,2025-11-06T14:55:29Z,2025-11-06T14:55:26Z,107.0,-141.0
Ivica Zubac,Los Angeles Clippers @ Phoenix Suns,2025-11-07T02:00:00Z,player_rebounds,10.5,betrivers,2025-11-06T14:55:29Z,2025-11-06T14:55:26Z,-134.0,102.0
Bradley Beal,Los Angeles Clippers @ Phoenix Suns,2025-11-07T02:00:00Z,player_threes,1.5,betrivers,2025-11-06T14:55:29Z,2025-11-06T14:55:26Z,-152.0,114.0
Royce O'Neale,Los Angeles Clippers @ Phoenix Suns,2025-11-07T02:00:00Z,player_threes,2.5,betrivers,2025-11-06T14:55:29Z,2025-11-06T14:55:26Z,116.0,-155.0
Jalen Green,Los Angeles Clippers @ Phoenix Suns,2025-11-07T02:00:00Z,player_threes,1.5,betrivers,2025-11-06T14:55:29Z,2025-11-06T14:55:26Z,-167.0,125.0
Devin Booker,Los Angeles Clippers @ Phoenix Suns,2025-11-07T02:00:00Z,player_threes,2.5,betrivers,2025-11-06T14:55:29Z,2025-11-06T14:55:26Z,145.0,-195.0
Chris Paul,Los Angeles Clippers @ Phoenix Suns,2025-11-07T02:00:00Z,player_threes,1.5,betrivers,2025-11-06T14:55:29Z,2025-11-06T14:55:26Z,116.0,-155.0
Kris Dunn,Los Angeles Clippers @ Phoenix Suns,2025-11-07T02:00:00Z,player_threes,1.5,betrivers,2025-11-06T14:55:29Z,2025-11-06T14:55:26Z,128.0,-175.0
