nfl_game_id,odds_api_event_id,home_team,away_team,gameday,gametime,game_type,week
2025_01_DAL_PHI,f1bc532dff946d15cb85654b5c4b246e,PHI,DAL,2025-09-04,20:20,REG,1
2025_01_KC_LAC,9535d3e3ee9d9fc83ea2b500ad0b587c,LAC,KC,2025-09-05,20:00,REG,1
2025_01_TB_ATL,1e09eb3fe1385796c1a32000de48ac64,ATL,TB,2025-09-07,13:00,REG,1
2025_01_CIN_CLE,e2d3b0596efcebc1c19dab92009f5e26,CLE,CIN,2025-09-07,13:00,REG,1
2025_01_MIA_IND,b02a72c768a6c6dee87aa74f78e84176,IND,MIA,2025-09-07,13:00,REG,1
2025_01_CAR_JAX,394256a6c3d0f5ecd1208fffaae6a72f,JAX,CAR,2025-09-07,13:00,REG,1
2025_01_LV_NE,0b2455795dfcd692dd607503e4f20d04,NE,LV,2025-09-07,13:00,REG,1
2025_01_ARI_NO,557d13ef8f4c1d21044f3a478cda6d0b,NO,ARI,2025-09-07,13:00,REG,1
2025_01_PIT_NYJ,5ed483bb614b18955f8b43f177746371,NYJ,PIT,2025-09-07,13:00,REG,1
2025_01_NYG_WAS,4cce00ca468c67eca17a9a061f778fb2,WAS,NYG,2025-09-07,13:00,REG,1
2025_01_TEN_DEN,68397f3aa9eb847a421a49f990a11928,DEN,TEN,2025-09-07,16:05,REG,1
2025_01_SF_SEA,9f1ad249959aacae89e5e74e43429a4a,SEA,SF,2025-09-07,16:05,REG,1
2025_01_DET_GB,8e0e2d9237098222f9ca7554b11b12bb,GB,DET,2025-09-07,16:25,REG,1
2025_01_HOU_LA,dc0e3db61983a138098f28226788d2d3,LA,HOU,2025-09-07,16:25,REG,1
2025_01_BAL_BUF,dee0a41ed5e8201a96d457899adbe918,BUF,BAL,2025-09-07,20:20,REG,1
2025_01_MIN_CHI,c6d7807cee33d5e81c671527b9c8b3f1,CHI,MIN,2025-09-08,20:15,REG,1
2025_02_WAS_GB,0c6e5d9821ce0d3e82f3e792879776a6,GB,WAS,2025-09-11,20:15,REG,2
2025_02_CLE_BAL,553edb8bf2452482b37dde58e832a6fb,BAL,CLE,2025-09-14,13:00,REG,2
2025_02_JAX_CIN,ec75e45d75691f810f347e0c5ff25d6e,CIN,JAX,2025-09-14,13:00,REG,2
2025_02_NYG_DAL,05a5b084f4e19535b2d3f91ef5c00169,DAL,NYG,2025-09-14,13:00,REG,2
2025_02_CHI_DET,1ee9ea2c8256bc6be5dd92e60f6c17de,DET,CHI,2025-09-14,13:00,REG,2
2025_02_NE_MIA,575c1b169aab675ec72372ccb0f4c55f,MIA,NE,2025-09-14,13:00,REG,2
2025_02_SF_NO,866d7405986fb4d14897cdb6c0aa5926,NO,SF,2025-09-14,13:00,REG,2
2025_02_BUF_NYJ,cd0fd9335b5182d3bfed35ab8d5ab6fb,NYJ,BUF,2025-09-14,13:00,REG,2
2025_02_SEA_PIT,82f9fd7001598d5cf9c1bdd57c66cae4,PIT,SEA,2025-09-14,13:00,REG,2
2025_02_LA_TEN,0e6f68b30237afc04d1517a193213a65,TEN,LA,2025-09-14,13:00,REG,2
2025_02_CAR_ARI,7e2ad5ef04493526707e0868f7b70c47,ARI,CAR,2025-09-14,16:05,REG,2
2025_02_DEN_IND,e217b38ef8bc6e98d3512cb42b90782e,IND,DEN,2025-09-14,16:05,REG,2
2025_02_PHI_KC,bbec8d71145954cff67915c9b006bb6e,KC,PHI,2025-09-14,16:25,REG,2
2025_02_ATL_MIN,37d09ce5d357536d0e58dd4ba0ab4106,MIN,ATL,2025-09-14,20:20,REG,2
2025_02_TB_HOU,7d9a04f411031528d9c1d2df7b9a0453,HOU,TB,2025-09-15,19:00,REG,2
2025_02_LAC_LV,bebae12f59f19bd877df7ac3cab05263,LV,LAC,2025-09-15,22:00,REG,2
2025_03_MIA_BUF,aca5234c57e31b1931e51d2d0d6046f5,BUF,MIA,2025-09-18,20:15,REG,3
2025_03_ATL_CAR,5737e4dbf6879c5061bb23033a4d8a55,CAR,ATL,2025-09-21,13:00,REG,3
2025_03_GB_CLE,581955d1b79fe87a3a61a4885cd7ea67,CLE,GB,2025-09-21,13:00,REG,3
2025_03_HOU_JAX,97de7672b61dbddbce982711c121e76d,JAX,HOU,2025-09-21,13:00,REG,3
2025_03_CIN_MIN,eefb7f130c8fc2c129e296fe5c6ba3e3,MIN,CIN,2025-09-21,13:00,REG,3
2025_03_PIT_NE,c4c42918a645b1a4773f47d7eaa5cfcf,NE,PIT,2025-09-21,13:00,REG,3
2025_03_LA_PHI,4c4ae4a2d54fc3f71c450187e9391ddc,PHI,LA,2025-09-21,13:00,REG,3
2025_03_NYJ_TB,02522f48a7b7e7524881c1b1638cd94d,TB,NYJ,2025-09-21,13:00,REG,3
2025_03_IND_TEN,bb506016737825f4d0b1f9862f95c246,TEN,IND,2025-09-21,13:00,REG,3
2025_03_LV_WAS,03a5eed2c8ef5d1c8a48866ea4b0d63a,WAS,LV,2025-09-21,13:00,REG,3
2025_03_DEN_LAC,0ee3f5a0078c21cfdffd1b97002e7da5,LAC,DEN,2025-09-21,16:05,REG,3
2025_03_NO_SEA,311c411c2d53e36a902763dc7a2ef678,SEA,NO,2025-09-21,16:05,REG,3
2025_03_DAL_CHI,186868cc79ce1f5d22075b67ebbc7b64,CHI,DAL,2025-09-21,16:25,REG,3
2025_03_ARI_SF,20b50dac292089c063b21e1410f172ef,SF,ARI,2025-09-21,16:25,REG,3
2025_03_KC_NYG,ee840f13db8bd150fcdd8f6670fa7041,NYG,KC,2025-09-21,20:20,REG,3
2025_03_DET_BAL,6e67ddae4bb01d1c2d3f461ee62d2666,BAL,DET,2025-09-22,20:15,REG,3
2025_04_SEA_ARI,4a08b89f07a4a395620f6df5c1d239f4,ARI,SEA,2025-09-25,20:15,REG,4
2025_04_MIN_PIT,4dd631102a977fd398f7ea594ed208f2,PIT,MIN,2025-09-28,09:30,REG,4
2025_04_WAS_ATL,b7934d72587b62de0f563ac9acbaa770,ATL,WAS,2025-09-28,13:00,REG,4
2025_04_NO_BUF,d16a43752aaac66e9ff8768d8590b662,BUF,NO,2025-09-28,13:00,REG,4
2025_04_CLE_DET,bcb1f89cf378a586097c50585e53acce,DET,CLE,2025-09-28,13:00,REG,4
2025_04_TEN_HOU,85c9b76cd6bd575b611cb4e8feb7a0b0,HOU,TEN,2025-09-28,13:00,REG,4
2025_04_CAR_NE,f8fe40924827231233dc10f6999d8ff7,NE,CAR,2025-09-28,13:00,REG,4
2025_04_LAC_NYG,d921b1e86b0a30ad91000ffc360d302d,NYG,LAC,2025-09-28,13:00,REG,4
2025_04_PHI_TB,894976986c24d52cf1d45f0e6bb0e90c,TB,PHI,2025-09-28,13:00,REG,4
2025_04_IND_LA,d90e0de2d5fa2d57e8812f31775ad0ba,LA,IND,2025-09-28,16:05,REG,4
2025_04_JAX_SF,09f55b4a19a83eb951a9400a11123477,SF,JAX,2025-09-28,16:05,REG,4
2025_04_BAL_KC,051233db287b02fd3e7574955879ece2,KC,BAL,2025-09-28,16:25,REG,4
2025_04_CHI_LV,af6fbb0a2e996613bc393115276c60e2,LV,CHI,2025-09-28,16:25,REG,4
2025_04_GB_DAL,de432abcc3bd8d42a582ae9f71388dcd,DAL,GB,2025-09-28,20:20,REG,4
2025_04_NYJ_MIA,bc76fb8d846588ed46297aaab4e83de9,MIA,NYJ,2025-09-29,19:15,REG,4
2025_04_CIN_DEN,8dcb2a6bf542ccb7e6bc58f83c8fc2ac,DEN,CIN,2025-09-29,20:15,REG,4
2025_05_SF_LA,c4b72eabb3d557e73022ec730d8e3944,LA,SF,2025-10-02,20:15,REG,5
2025_05_MIN_CLE,6e206c7bc9379b07d27298a393305384,CLE,MIN,2025-10-05,09:30,REG,5
2025_05_HOU_BAL,6eb8eeff6a052455649ddd2a50e0a188,BAL,HOU,2025-10-05,13:00,REG,5
2025_05_MIA_CAR,ff8222149317a63ffe50fcda777d14c0,CAR,MIA,2025-10-05,13:00,REG,5
2025_05_LV_IND,1e3d3526039030b96471845ade5992cf,IND,LV,2025-10-05,13:00,REG,5
2025_05_NYG_NO,1fe136913ef0e77717c0f0668163637f,NO,NYG,2025-10-05,13:00,REG,5
2025_05_DAL_NYJ,df7e32f3c6cfaaa66de560906faabe32,NYJ,DAL,2025-10-05,13:00,REG,5
2025_05_DEN_PHI,bc4f9a719baf61261befad75f4bdb539,PHI,DEN,2025-10-05,13:00,REG,5
2025_05_TEN_ARI,8fa3fd86eaa7b432469d43b84904e1dc,ARI,TEN,2025-10-05,16:05,REG,5
2025_05_TB_SEA,6f5a22a3ca33478094cef1e9212ba0fc,SEA,TB,2025-10-05,16:05,REG,5
2025_05_DET_CIN,e9de9c4390a28a90f437760050b23531,CIN,DET,2025-10-05,16:25,REG,5
2025_05_WAS_LAC,79c4e9f40e2647dc2a7b377cf61c48cd,LAC,WAS,2025-10-05,16:25,REG,5
2025_05_NE_BUF,ba826e757d625a676452b8d3d6971bb0,BUF,NE,2025-10-05,20:20,REG,5
2025_05_KC_JAX,1910db6879dddf37e4f86f0bcf1c9547,JAX,KC,2025-10-06,20:15,REG,5
2025_06_PHI_NYG,e10fe83ee6178a598e7fa84ea0913366,NYG,PHI,2025-10-09,20:15,REG,6
2025_06_DEN_NYJ,e34812ee7fbf13bd75e4298bccfbdd10,NYJ,DEN,2025-10-12,09:30,REG,6
2025_06_LA_BAL,b235bc78609644cb28492cc1d6ad69fd,BAL,LA,2025-10-12,13:00,REG,6
2025_06_DAL_CAR,dd3a14fa1529e79bd338a7bfd71d5b3a,CAR,DAL,2025-10-12,13:00,REG,6
2025_06_ARI_IND,dfa87b0532de1389297103c2e3195347,IND,ARI,2025-10-12,13:00,REG,6
2025_06_SEA_JAX,e5dd1fed586cfc0ec2d7c06f2a02c37a,JAX,SEA,2025-10-12,13:00,REG,6
2025_06_LAC_MIA,a7211a87bbd5fb2ee473eb9c93ee2e68,MIA,LAC,2025-10-12,13:00,REG,6
2025_06_NE_NO,f2c642e1f95555424b9a9a4f03733b42,NO,NE,2025-10-12,13:00,REG,6
2025_06_CLE_PIT,a11bbccb332241029ebaeb519b93b776,PIT,CLE,2025-10-12,13:00,REG,6
2025_06_TEN_LV,4963bff460a5f26cab46a8e5ea6db148,LV,TEN,2025-10-12,16:05,REG,6
2025_06_CIN_GB,0c85b0939650e29689bb2651b33522eb,GB,CIN,2025-10-12,16:25,REG,6
2025_06_SF_TB,9e705d669039f2ca8364f408b7792a8a,TB,SF,2025-10-12,16:25,REG,6
2025_06_DET_KC,82e432d5d8bc0b5a6cbe0c324de90de3,KC,DET,2025-10-12,20:20,REG,6
2025_06_BUF_ATL,33e0adf378d2856ffe5f8452e7d5512d,ATL,BUF,2025-10-13,19:15,REG,6
2025_06_CHI_WAS,38366aa83a3eb6cef71a1134c4fceb2c,WAS,CHI,2025-10-13,20:15,REG,6
2025_07_PIT_CIN,6076f9eab496770efc0ab7095b27c122,CIN,PIT,2025-10-16,20:15,REG,7
2025_07_LA_JAX,79de65f1b97c9145ebdcb019eb486500,JAX,LA,2025-10-19,09:30,REG,7
2025_07_NO_CHI,8f06a4b503cc7309cb0df4a8b67f9930,CHI,NO,2025-10-19,13:00,REG,7
2025_07_MIA_CLE,f0336c9a3749716250afba387d157377,CLE,MIA,2025-10-19,13:00,REG,7
2025_07_LV_KC,3127c0dd6ed51a44354af51791bc3e5a,KC,LV,2025-10-19,13:00,REG,7
2025_07_PHI_MIN,6a8d2daf7f75100d02656bc0217737e8,MIN,PHI,2025-10-19,13:00,REG,7
2025_07_CAR_NYJ,ba4e8bfa1f4eeaa74c7b09f409361c0d,NYJ,CAR,2025-10-19,13:00,REG,7
2025_07_NE_TEN,f7fa9341eeffb08f7e6e769398cd32e2,TEN,NE,2025-10-19,13:00,REG,7
2025_07_NYG_DEN,3be866344dfa050e602a6e69170b3cbe,DEN,NYG,2025-10-19,16:05,REG,7
2025_07_IND_LAC,a0ad5501e9d1d2ee9f61d9f293374f17,LAC,IND,2025-10-19,16:05,REG,7
2025_07_GB_ARI,1036171316ac51350b388c99e000cfc1,ARI,GB,2025-10-19,16:25,REG,7
2025_07_WAS_DAL,ff0c1ce30d562926ce40fc9bbaa2b7b1,DAL,WAS,2025-10-19,16:25,REG,7
2025_07_ATL_SF,7b2ded52498efcf97a08ef10ee99b0f3,SF,ATL,2025-10-19,20:20,REG,7
2025_07_TB_DET,b808059d3ccc754ace4a3d23b58e47e8,DET,TB,2025-10-20,19:00,REG,7
2025_07_HOU_SEA,7ca953ab786f70b22cabbe4946d330fa,SEA,HOU,2025-10-20,22:00,REG,7
2025_08_MIN_LAC,6439b16f4a038f1c351dc3f1aef27471,LAC,MIN,2025-10-23,20:15,REG,8
2025_08_MIA_ATL,ac02b1b59aa0623845378a02bc530c68,ATL,MIA,2025-10-26,13:00,REG,8
2025_08_CHI_BAL,a061e80d1f50eab193b34d19f8e59f62,BAL,CHI,2025-10-26,13:00,REG,8
2025_08_BUF_CAR,53d4369464c66630f03a5d128cd39b08,CAR,BUF,2025-10-26,13:00,REG,8
2025_08_NYJ_CIN,9c1f73e48ca9750f6e7d5d64874057c2,CIN,NYJ,2025-10-26,13:00,REG,8
2025_08_SF_HOU,abc4104a9ac597ce37d703613256fd6c,HOU,SF,2025-10-26,13:00,REG,8
2025_08_CLE_NE,3536a3e857050d2dd6e2019ceb668f67,NE,CLE,2025-10-26,13:00,REG,8
2025_08_NYG_PHI,a8ebe01e05675c109b53a97f653f8653,PHI,NYG,2025-10-26,13:00,REG,8
2025_08_TB_NO,a8dd9bb0681692540d067bd0e9e66989,NO,TB,2025-10-26,16:05,REG,8
2025_08_DAL_DEN,40c2ebd9ddd5ce8ff5b1ada730bb1785,DEN,DAL,2025-10-26,16:25,REG,8
2025_08_TEN_IND,88187a33b007c088d75c6cd14c83086c,IND,TEN,2025-10-26,16:25,REG,8
2025_08_GB_PIT,fb900eef07307ebf5c1930341ecd852a,PIT,GB,2025-10-26,20:20,REG,8
2025_08_WAS_KC,7e3361e84d5223a8d210a887b249f247,KC,WAS,2025-10-27,20:15,REG,8
2025_09_BAL_MIA,677dbbb6ad96fc5f5b36bb20b43139dd,MIA,BAL,2025-10-30,20:15,REG,9
2025_09_CHI_CIN,016f76d8237e8d4eb62b9c2ef68381bb,CIN,CHI,2025-11-02,13:00,REG,9
2025_09_MIN_DET,cf95657d78ab3e515203df1d19c3b0c2,DET,MIN,2025-11-02,13:00,REG,9
2025_09_CAR_GB,6031b513e188fc19a2311499566c9258,GB,CAR,2025-11-02,13:00,REG,9
2025_09_DEN_HOU,72e2ce6652bbb3901f60b38bec05bf5f,HOU,DEN,2025-11-02,13:00,REG,9
2025_09_ATL_NE,6dd3b8a705ed0db85d59fa19b9062cc8,NE,ATL,2025-11-02,13:00,REG,9
2025_09_SF_NYG,a788e7cebff4b5fe10034710090e4529,NYG,SF,2025-11-02,13:00,REG,9
2025_09_IND_PIT,2340a6e0794d5688996dcf8aaf634742,PIT,IND,2025-11-02,13:00,REG,9
2025_09_LAC_TEN,b60025aea576e2e89ef7bc7303f847ec,TEN,LAC,2025-11-02,13:00,REG,9
2025_09_NO_LA,b08df670a95f1809707b335dc75081c6,LA,NO,2025-11-02,16:05,REG,9
2025_09_JAX_LV,d0bf341e7959d69b55f1a8ff09065234,LV,JAX,2025-11-02,16:05,REG,9
2025_09_KC_BUF,61531628516decd1ee8116da5f6f9056,BUF,KC,2025-11-02,16:25,REG,9
2025_09_SEA_WAS,c2fd8a23091a954fb21ff6d3537db826,WAS,SEA,2025-11-02,20:20,REG,9
2025_09_ARI_DAL,f3dfb574e0a542375a480534525ee6cf,DAL,ARI,2025-11-03,20:15,REG,9
2025_10_LV_DEN,13bdffda97e8fb13179fe3f2f69d66f8,DEN,LV,2025-11-06,20:15,REG,10
2025_10_ATL_IND,42473c1ddf8f424069ff3f264dd8dca4,IND,ATL,2025-11-09,09:30,REG,10
2025_10_NO_CAR,21f47a328fb2ab65c01360a7a2bd9571,CAR,NO,2025-11-09,13:00,REG,10
2025_10_NYG_CHI,3b1a97366685a96e6e1940ae56cc4d31,CHI,NYG,2025-11-09,13:00,REG,10
2025_10_JAX_HOU,9dbf94f23521c7cae7fd89b2d33fc3bd,HOU,JAX,2025-11-09,13:00,REG,10
2025_10_BUF_MIA,3c10bc18680995136017c3bfd3152334,MIA,BUF,2025-11-09,13:00,REG,10
2025_10_BAL_MIN,9900b89c4776c5b47dd26ca4c755edf9,MIN,BAL,2025-11-09,13:00,REG,10
2025_10_CLE_NYJ,844b89333f293f055f8e0c147fb9fec5,NYJ,CLE,2025-11-09,13:00,REG,10
2025_10_NE_TB,39e7c1f6e36d5bc4d2613ebf7bb83c10,TB,NE,2025-11-09,13:00,REG,10
2025_10_ARI_SEA,740b843794cc89176c4ffe38b66d30d9,SEA,ARI,2025-11-09,16:05,REG,10
2025_10_LA_SF,2710103fe4fb0170ae03b4e34bde8132,SF,LA,2025-11-09,16:25,REG,10
2025_10_DET_WAS,93365f943b3aa23705bc9e1c7b47d7f8,WAS,DET,2025-11-09,16:25,REG,10
2025_10_PIT_LAC,349d53a4f89591312ea528e81b786474,LAC,PIT,2025-11-09,20:20,REG,10
2025_10_PHI_GB,438868ff90501a1fe9a0fbecbee9dc12,GB,PHI,2025-11-10,20:15,REG,10
2025_11_NYJ_NE,32ec2bd4ac9e4c40f9f5cbed7e67f837,NE,NYJ,2025-11-13,20:15,REG,11
2025_11_WAS_MIA,265f0188945bb81ec64751571eb724cb,MIA,WAS,2025-11-16,09:30,REG,11
2025_11_CAR_ATL,0ae85bbc3711ad0cb94475a40e2364f0,ATL,CAR,2025-11-16,13:00,REG,11
2025_11_TB_BUF,96377d2fb55e3cef733cecccdecaed5f,BUF,TB,2025-11-16,13:00,REG,11
2025_11_LAC_JAX,591fd7cff37201a14cbdfbd457592445,JAX,LAC,2025-11-16,13:00,REG,11
2025_11_CHI_MIN,229a5e9ce60dcb344a8cc3c97121154e,MIN,CHI,2025-11-16,13:00,REG,11
2025_11_GB_NYG,5c06e82838fcfade9adf1e89b8bd3081,NYG,GB,2025-11-16,13:00,REG,11
2025_11_CIN_PIT,7147476b5d96c0ee874b838de3910ee3,PIT,CIN,2025-11-16,13:00,REG,11
2025_11_HOU_TEN,fd2f29289d6437a7c07d4780c5f04936,TEN,HOU,2025-11-16,13:00,REG,11
2025_11_SF_ARI,91630b9c62640117918fa30d2a62d2db,ARI,SF,2025-11-16,16:05,REG,11
2025_11_SEA_LA,e926e654cedeb65fcfcc389a5158ef4e,LA,SEA,2025-11-16,16:05,REG,11
2025_11_BAL_CLE,cc60225b5a907bd9ba7c27c23131fc5c,CLE,BAL,2025-11-16,16:25,REG,11
2025_11_KC_DEN,96ce7785b0980b03282c7e10d4c58d4a,DEN,KC,2025-11-16,16:25,REG,11
2025_11_DET_PHI,6d209e0e637f3b116ec958e0634f2a02,PHI,DET,2025-11-16,20:20,REG,11
2025_11_DAL_LV,80d04ba917883a6438580ebae9fb0f22,LV,DAL,2025-11-17,20:15,REG,11
2025_12_BUF_HOU,cd2e0964817c30ad3f5144ea49b55f2b,HOU,BUF,2025-11-20,20:15,REG,12
2025_12_NYJ_BAL,7159d60c7a31c7d593167637723d7663,BAL,NYJ,2025-11-23,13:00,REG,12
2025_12_PIT_CHI,c8913b70b63ae247f23a4e1dec08c668,CHI,PIT,2025-11-23,13:00,REG,12
2025_12_NE_CIN,1a8f3d70399a5cad83c95196795ed77b,CIN,NE,2025-11-23,13:00,REG,12
2025_12_NYG_DET,535bbe97d4e56494b039ade88459c338,DET,NYG,2025-11-23,13:00,REG,12
2025_12_MIN_GB,91019a528f43cd28965fdc68a3f3ef85,GB,MIN,2025-11-23,13:00,REG,12
2025_12_IND_KC,8b39d8dc550ced94f9faa91878ebf6b6,KC,IND,2025-11-23,13:00,REG,12
2025_12_SEA_TEN,0ff4e68cf39cc57ca7cf1276e4a44d2f,TEN,SEA,2025-11-23,13:00,REG,12
2025_12_JAX_ARI,e32e0030899c06fdf2c74745ca27d85a,ARI,JAX,2025-11-23,16:05,REG,12
2025_12_CLE_LV,27f50ddbc4c3fbad10398c5187a28dc7,LV,CLE,2025-11-23,16:05,REG,12
2025_12_PHI_DAL,4553ba763cb3cfcfc33fd62672a2057f,DAL,PHI,2025-11-23,16:25,REG,12
2025_12_ATL_NO,8c2d6a56aa63f42227f18a18fc3d2146,NO,ATL,2025-11-23,16:25,REG,12
2025_12_TB_LA,9e7119f5a24471c39145663b84f100b2,LA,TB,2025-11-23,20:20,REG,12
2025_12_CAR_SF,90391be251d876bb41d36978a43c7ac2,SF,CAR,2025-11-24,20:15,REG,12
2025_13_GB_DET,fe2eb07797580740af78037ab498198e,DET,GB,2025-11-27,13:00,REG,13
2025_13_KC_DAL,de53b8a594fe830c5fd56484705cd756,DAL,KC,2025-11-27,16:30,REG,13
2025_13_CIN_BAL,883a79a306b312fad75ebf04b441b4da,BAL,CIN,2025-11-27,20:20,REG,13
2025_13_CHI_PHI,52f539d9d080618aa8830a0b03846a80,PHI,CHI,2025-11-28,15:00,REG,13
2025_13_LA_CAR,67e51d17848485bed8737bd7043a275a,CAR,LA,2025-11-30,13:00,REG,13
2025_13_SF_CLE,36fcf5ca155a5dcd2f7a87fd2a985b02,CLE,SF,2025-11-30,13:00,REG,13
2025_13_HOU_IND,fa46c661007f5f0cbbf6abf939ac9d51,IND,HOU,2025-11-30,13:00,REG,13
2025_13_NO_MIA,e3c9bfba57bbe784481d881ea3b4519d,MIA,NO,2025-11-30,13:00,REG,13
2025_13_ATL_NYJ,9da608f5bdae527b280abd61e47a110b,NYJ,ATL,2025-11-30,13:00,REG,13
2025_13_ARI_TB,c0d324e29ce58b36bdc77564f7aae56f,TB,ARI,2025-11-30,13:00,REG,13
2025_13_JAX_TEN,61e1e459b2ddafd43e8808d4f40c01d9,TEN,JAX,2025-11-30,13:00,REG,13
2025_13_MIN_SEA,6f956074c4df48e7b07a3286a6c6ed2a,SEA,MIN,2025-11-30,16:05,REG,13
2025_13_LV_LAC,76ac5a8d2c8679ae6ea8861114791bd8,LAC,LV,2025-11-30,16:25,REG,13
2025_13_BUF_PIT,365a766a3862bc47a5455dc3b097421e,PIT,BUF,2025-11-30,16:25,REG,13
2025_13_DEN_WAS,9c040de8f1dfc3ddee20e0d65c9402de,WAS,DEN,2025-11-30,20:20,REG,13
2025_13_NYG_NE,3e65786eddd4c7aee9e7f2504f6fdedc,NE,NYG,2025-12-01,20:15,REG,13
2025_14_DAL_DET,81db991c5b34169eeeff8d734d8836d9,DET,DAL,2025-12-04,20:15,REG,14
2025_14_SEA_ATL,f0bdd27bbed46dfc3d0657500c95a96c,ATL,SEA,2025-12-07,13:00,REG,14
2025_14_PIT_BAL,4fead7bd0592ec121cc3baf72e3e21e0,BAL,PIT,2025-12-07,13:00,REG,14
2025_14_CIN_BUF,c67c327076a98a3a1c4a5eb32e5a80c2,BUF,CIN,2025-12-07,13:00,REG,14
2025_14_TEN_CLE,f95be6b9bd8ce1208f766cbaae8a4822,CLE,TEN,2025-12-07,13:00,REG,14
2025_14_IND_JAX,4e289ac7d9b5663fd5a06881f2b1424d,JAX,IND,2025-12-07,13:00,REG,14
2025_14_WAS_MIN,58b16c4033587f5662ff365bce2dbb92,MIN,WAS,2025-12-07,13:00,REG,14
2025_14_MIA_NYJ,c86a0783216d21040c87fce3aadd3336,NYJ,MIA,2025-12-07,13:00,REG,14
2025_14_NO_TB,15555b4c7283dc6553e011dd6c8aea8d,TB,NO,2025-12-07,13:00,REG,14
2025_14_DEN_LV,d5fd126cbfea2ccd79962a17f0ef4463,LV,DEN,2025-12-07,16:05,REG,14
2025_14_LA_ARI,12bbffdcd65d53436b56c68a811ca610,ARI,LA,2025-12-07,16:25,REG,14
2025_14_CHI_GB,5b1211b476d0afa2b57133c9603583b6,GB,CHI,2025-12-07,16:25,REG,14
2025_14_HOU_KC,4727a6cfcd3d604dbfcb898c5a4d40a6,KC,HOU,2025-12-07,20:20,REG,14
2025_14_PHI_LAC,5d7b12c34454df4ff2c59a15ca58e63f,LAC,PHI,2025-12-08,20:15,REG,14
2025_15_ATL_TB,08bfd9cd8115339250817cc66a8b3cba,TB,ATL,2025-12-11,20:15,REG,15
2025_15_CLE_CHI,8261541e6b9b32537bd0821ef2c0a05d,CHI,CLE,2025-12-14,13:00,REG,15
2025_15_BAL_CIN,1aa1fb046f11dadb32dad77d5baf552e,CIN,BAL,2025-12-14,13:00,REG,15
2025_15_ARI_HOU,a360e4c43576d22057ff90d818928066,HOU,ARI,2025-12-14,13:00,REG,15
2025_15_NYJ_JAX,0f0601c020a478f5d9f81f06a141c2c8,JAX,NYJ,2025-12-14,13:00,REG,15
2025_15_LAC_KC,cd5151f8a1e7fcba4901929e77b94acd,KC,LAC,2025-12-14,13:00,REG,15
2025_15_BUF_NE,c127c7a2426ec655e18ca9c394068f6c,NE,BUF,2025-12-14,13:00,REG,15
2025_15_WAS_NYG,3aba4bb1fe41ecd45f934116fcc90c3f,NYG,WAS,2025-12-14,13:00,REG,15
2025_15_LV_PHI,813dab51d999b87c7968ac4890965f73,PHI,LV,2025-12-14,13:00,REG,15
2025_15_GB_DEN,2ec8a387d0c337aeffac3f956c292e87,DEN,GB,2025-12-14,16:25,REG,15
2025_15_DET_LA,bd299b70476643cff05f2be58e12301a,LA,DET,2025-12-14,16:25,REG,15
2025_15_CAR_NO,f3fd2782d4d03bd12a177fbbad17005b,NO,CAR,2025-12-14,16:25,REG,15
2025_15_IND_SEA,f7343baf47dcf23e672799d00788173d,SEA,IND,2025-12-14,16:25,REG,15
2025_15_TEN_SF,7ba03312d1012d9872de9999e496558f,SF,TEN,2025-12-14,16:25,REG,15
2025_15_MIN_DAL,3c74ebd1d005a7346c182daf6f7279dd,DAL,MIN,2025-12-14,20:20,REG,15
2025_15_MIA_PIT,ba5d065a7e9ea9afe54642036f2ec83a,PIT,MIA,2025-12-15,20:15,REG,15
2025_16_LA_SEA,ac7881cc5a498c5b72680498d3fa8f6e,SEA,LA,2025-12-18,20:15,REG,16
2025_16_PHI_WAS,18fe4528a0bc43d9cd64bd09c0d5019f,WAS,PHI,2025-12-20,17:00,REG,16
2025_16_GB_CHI,9f70d98bc6918dc8e21f329405b649fe,CHI,GB,2025-12-20,20:20,REG,16
2025_16_TB_CAR,d056f31082bdea4d018a26ba274b8430,CAR,TB,2025-12-21,13:00,REG,16
2025_16_BUF_CLE,2557976e0e66ab698539b543de125469,CLE,BUF,2025-12-21,13:00,REG,16
2025_16_LAC_DAL,aa9d0cf732b6adde4ad3ec04ca79825c,DAL,LAC,2025-12-21,13:00,REG,16
2025_16_CIN_MIA,945286798abb5081432aef109df29778,MIA,CIN,2025-12-21,13:00,REG,16
2025_16_NYJ_NO,aa5b25e85d1ad6540d7a5ae04b73ddfd,NO,NYJ,2025-12-21,13:00,REG,16
2025_16_MIN_NYG,3db6ba91d2a72ada8843d5a0517bff27,NYG,MIN,2025-12-21,13:00,REG,16
2025_16_KC_TEN,0cce34b9a49c4c6bdc1e65449e37a0f9,TEN,KC,2025-12-21,13:00,REG,16
2025_16_ATL_ARI,7d71a0d3cc2a04eb35f1a725104217b5,ARI,ATL,2025-12-21,16:05,REG,16
2025_16_JAX_DEN,93c002f0a42d1b57f3bbabdcfe24ab97,DEN,JAX,2025-12-21,16:05,REG,16
2025_16_PIT_DET,a03f89d3aaadf737deb09be24986d5bf,DET,PIT,2025-12-21,16:25,REG,16
2025_16_LV_HOU,47a54fb60f7b79179bc80e18a7c5de81,HOU,LV,2025-12-21,16:25,REG,16
2025_16_NE_BAL,a0476b027679a1670f21e8b75a860ab9,BAL,NE,2025-12-21,20:20,REG,16
2025_16_SF_IND,2dd4521ee298fa2c6f0ab009c182aae9,IND,SF,2025-12-22,20:15,REG,16
2025_17_DAL_WAS,de07002921b9b2b2e1ee2928e4270a3c,WAS,DAL,2025-12-25,13:00,REG,17
2025_17_DET_MIN,29da148b927afea00a7774b2a8ee68e7,MIN,DET,2025-12-25,16:30,REG,17
2025_17_DEN_KC,29164a99a917051c6e1778270033d362,KC,DEN,2025-12-25,20:15,REG,17
2025_17_HOU_LAC,832c36c4b6d5132e88cf11391797c194,LAC,HOU,2025-12-27,16:30,REG,17
2025_17_BAL_GB,85bead6a72a1952cdd737dcecb55446b,GB,BAL,2025-12-27,20:00,REG,17
2025_17_SEA_CAR,8e7a26b4026e4eca7394cc523fa10a64,CAR,SEA,2025-12-28,13:00,REG,17
2025_17_ARI_CIN,7aeff5d5bb88b218c7d72f267a90eb7f,CIN,ARI,2025-12-28,13:00,REG,17
2025_17_PIT_CLE,e6721ef0adb705a8abcbedc2ef6dfb3a,CLE,PIT,2025-12-28,13:00,REG,17
2025_17_JAX_IND,f960b282ac197513c9d80bd28baa7e38,IND,JAX,2025-12-28,13:00,REG,17
2025_17_TB_MIA,374166780155b8c14e867face95885ee,MIA,TB,2025-12-28,13:00,REG,17
2025_17_NE_NYJ,95bdb9f5b22f0491bfba1381637c5009,NYJ,NE,2025-12-28,13:00,REG,17
2025_17_NO_TEN,d75c88e4fb7650ab0577264980bdf98f,TEN,NO,2025-12-28,13:00,REG,17
2025_17_NYG_LV,dd4aec72c5175cb8cea67d5edc7b1990,LV,NYG,2025-12-28,16:05,REG,17
2025_17_PHI_BUF,596df6f5735277fee0cd78e61cd71060,BUF,PHI,2025-12-28,16:25,REG,17
2025_17_CHI_SF,b0dedebd28a82f8f38398033356e9015,SF,CHI,2025-12-28,20:20,REG,17
2025_17_LA_ATL,ea5fe5f603483c8d46f83081cf780397,ATL,LA,2025-12-29,20:15,REG,17
2025_18_CAR_TB,4fd1173e2f647cbbebf6713d39693089,TB,CAR,2026-01-03,16:30,REG,18
2025_18_SEA_SF,c624c615075899bb7be6a39e5eea3b2b,SF,SEA,2026-01-03,20:00,REG,18
2025_18_NO_ATL,7906052ca20e6daddf755c7fe3932887,ATL,NO,2026-01-04,13:00,REG,18
2025_18_CLE_CIN,dad5ec44b4df2b91138872aeb4454e1e,CIN,CLE,2026-01-04,13:00,REG,18
2025_18_IND_HOU,26b8cf55eeac1bb05b585132f7dcc0e3,HOU,IND,2026-01-04,13:00,REG,18
2025_18_TEN_JAX,623e9172767ca231241e2313bbee095e,JAX,TEN,2026-01-04,13:00,REG,18
2025_18_GB_MIN,41fc7f3165cc9dfdb47c25a9decd7c9b,MIN,GB,2026-01-04,13:00,REG,18
2025_18_DAL_NYG,d48a44e7b45f563282fd042c2104da9b,NYG,DAL,2026-01-04,13:00,REG,18
2025_18_NYJ_BUF,bd5134e8440a2b12cc8ac98ab4f18093,BUF,NYJ,2026-01-04,16:25,REG,18
2025_18_DET_CHI,1a5451b8f0d74f90937c52bec447dc40,CHI,DET,2026-01-04,16:25,REG,18
2025_18_LAC_DEN,30621f6a1072712bee795c15eafe9768,DEN,LAC,2026-01-04,16:25,REG,18
2025_18_ARI_LA,2f4cf01e2db22ed928eb8f0357a74007,LA,ARI,2026-01-04,16:25,REG,18
2025_18_KC_LV,de4ae000f7f94eecf9d827eabff2991b,LV,KC,2026-01-04,16:25,REG,18
2025_18_MIA_NE,d242576b25f56b3f598044c9abfb4df0,NE,MIA,2026-01-04,16:25,REG,18
2025_18_WAS_PHI,b6eb23d78a4e1b3bf9946be7cfac0e6b,PHI,WAS,2026-01-04,16:25,REG,18
2025_18_BAL_PIT,f609b38fe2bf0687644ad8603e28220b,PIT,BAL,2026-01-04,20:20,REG,18
2025_19_LA_CAR,c37a03009947c0191ab4e2de9664705a,CAR,LA,2026-01-10,16:30,WC,19
2025_19_GB_CHI,271335072b85daf0ceabb360ef75220e,CHI,GB,2026-01-10,20:00,WC,19
2025_19_BUF_JAX,f5701bd3d1340565779bc9ccf6d0b73b,JAX,BUF,2026-01-11,13:00,WC,19
2025_19_SF_PHI,467cba5a1b3809e6b990033dff600f48,PHI,SF,2026-01-11,16:30,WC,19
2025_19_LAC_NE,d48193fef08ca62ade864612a40e2a4e,NE,LAC,2026-01-11,20:00,WC,19
2025_19_HOU_PIT,932813a3782921beb4f7fecdf247865e,PIT,HOU,2026-01-12,20:00,WC,19
2025_20_BUF_DEN,ea794ebbcb7cbcaf7753c65d0f1a15c8,DEN,BUF,2026-01-17,16:30,DIV,20
2025_20_SF_SEA,9161553abe07f4eadf12b071f4f6e3ac,SEA,SF,2026-01-17,20:00,DIV,20
2025_20_HOU_NE,1e7cc7c3ef7d9f4e473cb43f39652897,NE,HOU,2026-01-18,15:00,DIV,20
2025_20_LA_CHI,3cb03f5ff8d371b94e8b55c7e58b7a34,CHI,LA,2026-01-18,18:30,DIV,20
2025_21_NE_DEN,f1d11f109fd93364e11f97623bddf652,DEN,NE,2026-01-25,15:00,CON,21
2025_21_LA_SEA,4bc6eb576f5079baecce8c56689c259a,SEA,LA,2026-01-25,18:30,CON,21
2025_22_SEA_NE,b64e3587d7a4cf01a568e7150a2a1aec,NE,SEA,2026-02-08,18:30,SB,22
