player,market,line,best_over_odds,best_over_book,best_over_implied,best_under_odds,best_under_book,best_under_implied,total_prob,expected_profit_pct,is_arb,over_stake,under_stake,over_return,under_return,guaranteed_profit,total_wager,recommendation,game,game_time,num_bookmakers
Bo Nix,player_pass_attempts,36.5,104.0,fanduel,0.49019607843137253,-111.0,draftkings,0.5260663507109005,1.016262429142273,-1.600219458668617,False,,,,,,,Don't bet - bookmaker has edge,Jacksonville Jaguars @ Denver Broncos,2025-12-21T21:05:00Z,4
Jared Goff,player_pass_completions,22.5,-108.0,fanduel,0.5192307692307693,101.0,draftkings,0.4975124378109453,1.0167432070417146,-1.646748847275814,False,,,,,,,Don't bet - bookmaker has edge,Pittsburgh Steelers @ Detroit Lions,2025-12-21T21:25:00Z,2
Jason Myers,player_field_goals,1.5,-134.0,draftkings,0.5726495726495726,125.0,betmgm,0.4444444444444444,1.017094017094017,-1.680672268907557,False,,,,,,,Don't bet - bookmaker has edge,Los Angeles Rams @ Seattle Seahawks,2025-12-19T01:15:00Z,2
Matthew Stafford,player_pass_attempts,33.5,-105.0,betmgm,0.5121951219512195,-102.0,fanduel,0.504950495049505,1.0171456170007245,-1.6856600189933513,False,,,,,,,Don't bet - bookmaker has edge,Los Angeles Rams @ Seattle Seahawks,2025-12-19T01:15:00Z,5
Kyren Williams,player_receptions,1.5,-120.0,betmgm,0.5454545454545454,111.0,draftkings,0.47393364928909953,1.019388194743645,-1.9019442096365191,False,,,,,,,Don't bet - bookmaker has edge,Los Angeles Rams @ Seattle Seahawks,2025-12-19T01:15:00Z,5
Jaxon Smith-Njigba,player_receptions,6.5,-109.0,draftkings,0.5215311004784688,100.0,betmgm,0.5,1.0215311004784688,-2.107728337236525,False,,,,,,,Don't bet - bookmaker has edge,Los Angeles Rams @ Seattle Seahawks,2025-12-19T01:15:00Z,5
Aaron Rodgers,player_pass_completions,20.5,-102.0,fanduel,0.504950495049505,-107.0,draftkings,0.5169082125603864,1.0218587076098915,-2.1391125257442467,False,,,,,,,Don't bet - bookmaker has edge,Pittsburgh Steelers @ Detroit Lions,2025-12-21T21:25:00Z,2
J.J. McCarthy,player_pass_attempts,27.5,-103.0,betrivers,0.5073891625615764,-106.0,draftkings,0.5145631067961165,1.0219522693576928,-2.148071883189806,False,,,,,,,Don't bet - bookmaker has edge,Minnesota Vikings @ New York Giants,2025-12-21T18:00:00Z,4
Puka Nacua,player_receptions,7.5,-121.0,draftkings,0.5475113122171946,110.0,betmgm,0.47619047619047616,1.0237017884076707,-2.3153020416754266,False,,,,,,,Don't bet - bookmaker has edge,Los Angeles Rams @ Seattle Seahawks,2025-12-19T01:15:00Z,5
Sam Darnold,player_pass_attempts,30.5,100.0,fanduel,0.5,-111.0,draftkings,0.5260663507109005,1.0260663507109005,-2.5404157043879882,False,,,,,,,Don't bet - bookmaker has edge,Los Angeles Rams @ Seattle Seahawks,2025-12-19T01:15:00Z,5
Matthew Stafford,player_pass_completions,21.5,-105.0,betmgm,0.5121951219512195,-106.0,draftkings,0.5145631067961165,1.026758228747336,-2.606088560885611,False,,,,,,,Don't bet - bookmaker has edge,Los Angeles Rams @ Seattle Seahawks,2025-12-19T01:15:00Z,5
Bryce Young,player_pass_attempts,30.5,-106.0,fanduel,0.5145631067961165,-105.0,draftkings,0.5121951219512195,1.026758228747336,-2.606088560885611,False,,,,,,,Don't bet - bookmaker has edge,Tampa Bay Buccaneers @ Carolina Panthers,2025-12-21T18:00:00Z,4
Sam Darnold,player_pass_tds,1.5,114.0,fanduel,0.4672897196261682,-128.0,draftkings,0.5614035087719298,1.028693228398098,-2.78928912974179,False,,,,,,,Don't bet - bookmaker has edge,Los Angeles Rams @ Seattle Seahawks,2025-12-19T01:15:00Z,5
Matthew Stafford,player_pass_tds,1.5,105.0,betrivers,0.4878048780487805,-118.0,betmgm,0.5412844036697247,1.0290892817185053,-2.826701456838454,False,,,,,,,Don't bet - bookmaker has edge,Los Angeles Rams @ Seattle Seahawks,2025-12-19T01:15:00Z,5
Cooper Kupp,player_receptions,2.5,-155.0,betmgm,0.6078431372549019,137.0,draftkings,0.4219409282700422,1.0297840655249442,-2.8922631959508283,False,,,,,,,Don't bet - bookmaker has edge,Los Angeles Rams @ Seattle Seahawks,2025-12-19T01:15:00Z,3
Dak Prescott,player_pass_attempts,35.5,106.0,fanduel,0.4854368932038835,-120.0,draftkings,0.5454545454545454,1.030891438658429,-2.996575342465746,False,,,,,,,Don't bet - bookmaker has edge,Los Angeles Chargers @ Dallas Cowboys,2025-12-21T18:00:00Z,4
Justin Herbert,player_pass_attempts,32.5,-103.0,betonlineag,0.5073891625615764,-110.0,draftkings,0.5238095238095238,1.0311986863711002,-3.0254777070063743,False,,,,,,,Don't bet - bookmaker has edge,Los Angeles Chargers @ Dallas Cowboys,2025-12-21T18:00:00Z,2
Jordan Love,player_pass_attempts,30.5,-103.0,draftkings,0.5073891625615764,-110.0,fanduel,0.5238095238095238,1.0311986863711002,-3.0254777070063743,False,,,,,,,Don't bet - bookmaker has edge,Green Bay Packers @ Chicago Bears,2025-12-21T01:20:00Z,4
Sam Darnold,player_pass_interceptions,0.5,-135.0,betmgm,0.574468085106383,118.0,fanduel,0.45871559633027525,1.0331836814366584,-3.211789155488398,False,,,,,,,Don't bet - bookmaker has edge,Los Angeles Rams @ Seattle Seahawks,2025-12-19T01:15:00Z,6
Sam Darnold,player_pass_completions,19.5,-112.0,fanduel,0.5283018867924528,-102.0,draftkings,0.504950495049505,1.0332523818419577,-3.218224552522142,False,,,,,,,Don't bet - bookmaker has edge,Los Angeles Rams @ Seattle Seahawks,2025-12-19T01:15:00Z,5
Caleb Williams,player_pass_completions,18.5,-112.0,draftkings,0.5283018867924528,-102.0,fanduel,0.504950495049505,1.0332523818419577,-3.218224552522142,False,,,,,,,Don't bet - bookmaker has edge,Green Bay Packers @ Chicago Bears,2025-12-21T01:20:00Z,4
Baker Mayfield,player_pass_completions,20.5,-110.0,betrivers,0.5238095238095238,-104.0,fanduel,0.5098039215686274,1.0336134453781511,-3.2520325203251876,False,,,,,,,Don't bet - bookmaker has edge,Tampa Bay Buccaneers @ Carolina Panthers,2025-12-21T18:00:00Z,4
AJ Barner,player_receptions,3.5,-115.0,betmgm,0.5348837209302325,100.0,fanduel,0.5,1.0348837209302326,-3.370786516853941,False,,,,,,,Don't bet - bookmaker has edge,Los Angeles Rams @ Seattle Seahawks,2025-12-19T01:15:00Z,5
Jacoby Brissett,player_pass_attempts,35.5,-106.0,fanduel,0.5145631067961165,-109.0,draftkings,0.5215311004784688,1.0360942072745853,-3.483680057388805,False,,,,,,,Don't bet - bookmaker has edge,Atlanta Falcons @ Arizona Cardinals,2025-12-21T21:05:00Z,4
Kenneth Walker III,player_receptions,1.5,-150.0,betmgm,0.6,129.0,betonlineag,0.4366812227074236,1.0366812227074236,-3.5383319292333626,False,,,,,,,Don't bet - bookmaker has edge,Los Angeles Rams @ Seattle Seahawks,2025-12-19T01:15:00Z,5
Brock Purdy,player_pass_completions,22.5,106.0,fanduel,0.4854368932038835,-123.0,draftkings,0.5515695067264574,1.037006399930341,-3.5685797052773083,False,,,,,,,Don't bet - bookmaker has edge,San Francisco 49ers @ Indianapolis Colts,2025-12-23T01:15:00Z,2
Jacoby Brissett,player_pass_tds,1.5,-120.0,fanduel,0.5454545454545454,103.0,draftkings,0.49261083743842365,1.0380653828929691,-3.6669542709232172,False,,,,,,,Don't bet - bookmaker has edge,Atlanta Falcons @ Arizona Cardinals,2025-12-21T21:05:00Z,4
Cooper Kupp,player_reception_longest,16.5,-110.0,bovada,0.5238095238095238,-106.0,fanduel,0.5145631067961165,1.0383726306056404,-3.695458593054335,False,,,,,,,Don't bet - bookmaker has edge,Los Angeles Rams @ Seattle Seahawks,2025-12-19T01:15:00Z,2
Baker Mayfield,player_pass_attempts,32.5,-110.0,draftkings,0.5238095238095238,-106.0,fanduel,0.5145631067961165,1.0383726306056404,-3.695458593054335,False,,,,,,,Don't bet - bookmaker has edge,Tampa Bay Buccaneers @ Carolina Panthers,2025-12-21T18:00:00Z,3
Matthew Stafford,player_rush_yds,0.5,178.0,fanduel,0.3597122302158273,-212.0,draftkings,0.6794871794871795,1.0391994097030068,-3.7720777491790147,False,,,,,,,Don't bet - bookmaker has edge,Los Angeles Rams @ Seattle Seahawks,2025-12-19T01:15:00Z,3
Dak Prescott,player_pass_interceptions,0.5,-134.0,betrivers,0.5726495726495726,114.0,fanduel,0.4672897196261682,1.039939292275741,-3.8405407481373444,False,,,,,,,Don't bet - bookmaker has edge,Los Angeles Chargers @ Dallas Cowboys,2025-12-21T18:00:00Z,4
Trevor Lawrence,player_pass_interceptions,0.5,-120.0,fanduel,0.5454545454545454,102.0,draftkings,0.49504950495049505,1.0405040504050405,-3.8927335640138394,False,,,,,,,Don't bet - bookmaker has edge,Jacksonville Jaguars @ Denver Broncos,2025-12-21T21:05:00Z,4
Bryce Young,player_pass_interceptions,0.5,-110.0,betonlineag,0.5238095238095238,-107.0,draftkings,0.5169082125603864,1.0407177363699103,-3.9124668435013277,False,,,,,,,Don't bet - bookmaker has edge,Tampa Bay Buccaneers @ Carolina Panthers,2025-12-21T18:00:00Z,4
Sam Darnold,player_rush_yds,4.5,-110.0,betmgm,0.5238095238095238,-107.0,draftkings,0.5169082125603864,1.0407177363699103,-3.9124668435013277,False,,,,,,,Don't bet - bookmaker has edge,Los Angeles Rams @ Seattle Seahawks,2025-12-19T01:15:00Z,3
Jordan Love,player_pass_interceptions,0.5,-106.0,fanduel,0.5145631067961165,-112.0,draftkings,0.5283018867924528,1.0428649935885694,-4.110310908132808,False,,,,,,,Don't bet - bookmaker has edge,Green Bay Packers @ Chicago Bears,2025-12-21T01:20:00Z,4
Kenneth Walker III,player_rush_attempts,12.5,106.0,fanduel,0.4854368932038835,-126.0,draftkings,0.5575221238938053,1.0429590170976888,-4.118955432902216,False,,,,,,,Don't bet - bookmaker has edge,Los Angeles Rams @ Seattle Seahawks,2025-12-19T01:15:00Z,4
Kirk Cousins,player_pass_completions,19.5,-118.0,fanduel,0.5412844036697247,-101.0,draftkings,0.5024875621890548,1.0437719658587796,-4.193633024313459,False,,,,,,,Don't bet - bookmaker has edge,Atlanta Falcons @ Arizona Cardinals,2025-12-21T21:05:00Z,4
Baker Mayfield,player_pass_tds,1.5,-117.0,betrivers,0.5391705069124424,-102.0,draftkings,0.504950495049505,1.0441210019619473,-4.225659849676633,False,,,,,,,Don't bet - bookmaker has edge,Tampa Bay Buccaneers @ Carolina Panthers,2025-12-21T18:00:00Z,4
Dak Prescott,player_pass_tds,1.5,-134.0,betrivers,0.5726495726495726,112.0,draftkings,0.4716981132075472,1.0443476858571197,-4.246448424953664,False,,,,,,,Don't bet - bookmaker has edge,Los Angeles Chargers @ Dallas Cowboys,2025-12-21T18:00:00Z,4
Kyren Williams,player_rush_attempts,13.5,-114.0,betrivers,0.5327102803738317,-105.0,draftkings,0.5121951219512195,1.0449054023250512,-4.297556719022689,False,,,,,,,Don't bet - bookmaker has edge,Los Angeles Rams @ Seattle Seahawks,2025-12-19T01:15:00Z,5
Josh Allen,player_pass_attempts,27.5,-113.0,betrivers,0.5305164319248826,-106.0,draftkings,0.5145631067961165,1.0450795387209992,-4.313503140265185,False,,,,,,,Don't bet - bookmaker has edge,Buffalo Bills @ Cleveland Browns,2025-12-21T18:00:00Z,4
Caleb Williams,player_pass_attempts,31.5,-111.0,betonlineag,0.5260663507109005,-108.0,draftkings,0.5192307692307693,1.0452971199416696,-4.333420524893183,False,,,,,,,Don't bet - bookmaker has edge,Green Bay Packers @ Chicago Bears,2025-12-21T01:20:00Z,3
Jordan Love,player_pass_tds,1.5,-109.0,draftkings,0.5215311004784688,-110.0,betonlineag,0.5238095238095238,1.0453406242879928,-4.337401918047091,False,,,,,,,Don't bet - bookmaker has edge,Green Bay Packers @ Chicago Bears,2025-12-21T01:20:00Z,4
Rashid Shaheed,player_receptions,2.5,-120.0,betrivers,0.5454545454545454,100.0,betmgm,0.5,1.0454545454545454,-4.347826086956519,False,,,,,,,Don't bet - bookmaker has edge,Los Angeles Rams @ Seattle Seahawks,2025-12-19T01:15:00Z,5
J.J. McCarthy,player_pass_interceptions,0.5,-130.0,betonlineag,0.5652173913043478,108.0,fanduel,0.4807692307692308,1.0459866220735785,-4.396482813748992,False,,,,,,,Don't bet - bookmaker has edge,Minnesota Vikings @ New York Giants,2025-12-21T18:00:00Z,4
Aaron Rodgers,player_pass_interceptions,0.5,112.0,draftkings,0.4716981132075472,-135.0,fanduel,0.574468085106383,1.04616619831393,-4.412893323100531,False,,,,,,,Don't bet - bookmaker has edge,Pittsburgh Steelers @ Detroit Lions,2025-12-21T21:25:00Z,2
J.J. McCarthy,player_pass_tds,1.5,102.0,fanduel,0.49504950495049505,-123.0,betonlineag,0.5515695067264574,1.0466190116769525,-4.454248504645153,False,,,,,,,Don't bet - bookmaker has edge,Minnesota Vikings @ New York Giants,2025-12-21T18:00:00Z,4
Shedeur Sanders,player_pass_tds,0.5,-196.0,betonlineag,0.6621621621621622,160.0,betrivers,0.38461538461538464,1.0467775467775469,-4.468718967229401,False,,,,,,,Don't bet - bookmaker has edge,Buffalo Bills @ Cleveland Browns,2025-12-21T18:00:00Z,4
Kenneth Walker III,player_reception_longest,7.5,-115.0,bovada,0.5348837209302325,-105.0,draftkings,0.5121951219512195,1.0470788428814521,-4.49620801733478,False,,,,,,,Don't bet - bookmaker has edge,Los Angeles Rams @ Seattle Seahawks,2025-12-19T01:15:00Z,3
Trevor Lawrence,player_pass_completions,19.5,-106.0,draftkings,0.5145631067961165,-114.0,fanduel,0.5327102803738317,1.0472733871699482,-4.513949055622934,False,,,,,,,Don't bet - bookmaker has edge,Jacksonville Jaguars @ Denver Broncos,2025-12-21T21:05:00Z,4
Kyren Williams,player_reception_yds,9.5,-106.0,draftkings,0.5145631067961165,-114.0,fanduel,0.5327102803738317,1.0472733871699482,-4.513949055622934,False,,,,,,,Don't bet - bookmaker has edge,Los Angeles Rams @ Seattle Seahawks,2025-12-19T01:15:00Z,4
Bo Nix,player_pass_tds,1.5,-132.0,fanduel,0.5689655172413793,109.0,betonlineag,0.4784688995215311,1.0474344167629104,-4.528628809955104,False,,,,,,,Don't bet - bookmaker has edge,Jacksonville Jaguars @ Denver Broncos,2025-12-21T21:05:00Z,4
J.J. McCarthy,player_pass_completions,16.5,100.0,betonlineag,0.5,-121.0,draftkings,0.5475113122171946,1.0475113122171946,-4.535637149028082,False,,,,,,,Don't bet - bookmaker has edge,Minnesota Vikings @ New York Giants,2025-12-21T18:00:00Z,4
Jaxson Dart,player_pass_completions,18.5,100.0,fanduel,0.5,-121.0,draftkings,0.5475113122171946,1.0475113122171946,-4.535637149028082,False,,,,,,,Don't bet - bookmaker has edge,Minnesota Vikings @ New York Giants,2025-12-21T18:00:00Z,3
Jacoby Brissett,player_pass_completions,23.5,-108.0,fanduel,0.5192307692307693,-112.0,draftkings,0.5283018867924528,1.047532656023222,-4.537582265327334,False,,,,,,,Don't bet - bookmaker has edge,Atlanta Falcons @ Arizona Cardinals,2025-12-21T21:05:00Z,4
Jaxon Smith-Njigba,player_reception_longest,27.5,-110.0,draftkings,0.5238095238095238,-110.0,fanduel,0.5238095238095238,1.0476190476190477,-4.545454545454552,False,,,,,,,Don't bet - bookmaker has edge,Los Angeles Rams @ Seattle Seahawks,2025-12-19T01:15:00Z,4
Kenneth Walker III,player_reception_yds,10.5,-110.0,betmgm,0.5238095238095238,-110.0,betrivers,0.5238095238095238,1.0476190476190477,-4.545454545454552,False,,,,,,,Don't bet - bookmaker has edge,Los Angeles Rams @ Seattle Seahawks,2025-12-19T01:15:00Z,2
Colby Parkinson,player_reception_longest,15.5,-110.0,draftkings,0.5238095238095238,-110.0,bovada,0.5238095238095238,1.0476190476190477,-4.545454545454552,False,,,,,,,Don't bet - bookmaker has edge,Los Angeles Rams @ Seattle Seahawks,2025-12-19T01:15:00Z,3
Jared Goff,player_pass_attempts,32.5,-120.0,fanduel,0.5454545454545454,-101.0,draftkings,0.5024875621890548,1.0479421076436002,-4.574881312041434,False,,,,,,,Don't bet - bookmaker has edge,Pittsburgh Steelers @ Detroit Lions,2025-12-21T21:25:00Z,2
Jaxson Dart,player_pass_attempts,29.5,100.0,fanduel,0.5,-122.0,betonlineag,0.5495495495495496,1.0495495495495497,-4.721030042918473,False,,,,,,,Don't bet - bookmaker has edge,Minnesota Vikings @ New York Giants,2025-12-21T18:00:00Z,2
Trevor Lawrence,player_pass_tds,1.5,133.0,betrivers,0.4291845493562232,-164.0,betonlineag,0.6212121212121212,1.0503966705683445,-4.7978703646381575,False,,,,,,,Don't bet - bookmaker has edge,Jacksonville Jaguars @ Denver Broncos,2025-12-21T21:05:00Z,4
Justin Herbert,player_pass_interceptions,0.5,-125.0,fanduel,0.5555555555555556,102.0,draftkings,0.49504950495049505,1.0506050605060506,-4.816753926701578,False,,,,,,,Don't bet - bookmaker has edge,Los Angeles Chargers @ Dallas Cowboys,2025-12-21T18:00:00Z,4
Jaxson Dart,player_pass_tds,1.5,182.0,fanduel,0.3546099290780142,-229.0,draftkings,0.6960486322188449,1.050658561296859,-4.821600771456113,False,,,,,,,Don't bet - bookmaker has edge,Minnesota Vikings @ New York Giants,2025-12-21T18:00:00Z,4
Josh Allen,player_pass_tds,1.5,110.0,fanduel,0.47619047619047616,-135.0,betonlineag,0.574468085106383,1.050658561296859,-4.821600771456113,False,,,,,,,Don't bet - bookmaker has edge,Buffalo Bills @ Cleveland Browns,2025-12-21T18:00:00Z,4
Josh Allen,player_pass_interceptions,0.5,125.0,betrivers,0.4444444444444444,-154.0,draftkings,0.6062992125984252,1.0507436570428696,-4.829308909242302,False,,,,,,,Don't bet - bookmaker has edge,Buffalo Bills @ Cleveland Browns,2025-12-21T18:00:00Z,4
Jaxson Dart,player_pass_interceptions,0.5,141.0,betonlineag,0.4149377593360996,-175.0,betrivers,0.6363636363636364,1.051301395699736,-4.879799067097235,False,,,,,,,Don't bet - bookmaker has edge,Minnesota Vikings @ New York Giants,2025-12-21T18:00:00Z,4
Brock Purdy,player_pass_tds,1.5,-166.0,fanduel,0.6240601503759399,134.0,draftkings,0.42735042735042733,1.0514105777263671,-4.889676670130183,False,,,,,,,Don't bet - bookmaker has edge,San Francisco 49ers @ Indianapolis Colts,2025-12-23T01:15:00Z,2
Cooper Kupp,player_reception_yds,33.5,-113.0,betrivers,0.5305164319248826,-109.0,draftkings,0.5215311004784688,1.0520475324033516,-4.9472605372165575,False,,,,,,,Don't bet - bookmaker has edge,Los Angeles Rams @ Seattle Seahawks,2025-12-19T01:15:00Z,4
Justin Herbert,player_pass_completions,21.5,-121.0,betrivers,0.5475113122171946,-102.0,draftkings,0.504950495049505,1.0524618072666996,-4.984675634258473,False,,,,,,,Don't bet - bookmaker has edge,Los Angeles Chargers @ Dallas Cowboys,2025-12-21T18:00:00Z,2
Shedeur Sanders,player_pass_interceptions,0.5,-208.0,draftkings,0.6753246753246753,165.0,fanduel,0.37735849056603776,1.0526831658907132,-5.004655493482324,False,,,,,,,Don't bet - bookmaker has edge,Buffalo Bills @ Cleveland Browns,2025-12-21T18:00:00Z,3
Justin Herbert,player_pass_tds,1.5,-171.0,draftkings,0.6309963099630996,137.0,betonlineag,0.4219409282700422,1.052937238233142,-5.027577742617595,False,,,,,,,Don't bet - bookmaker has edge,Los Angeles Chargers @ Dallas Cowboys,2025-12-21T18:00:00Z,4
Matthew Stafford,player_pass_interceptions,0.5,105.0,bovada,0.4878048780487805,-130.0,betmgm,0.5652173913043478,1.0530222693531281,-5.035246727089615,False,,,,,,,Don't bet - bookmaker has edge,Los Angeles Rams @ Seattle Seahawks,2025-12-19T01:15:00Z,6
Bryce Young,player_pass_tds,1.5,116.0,betrivers,0.46296296296296297,-144.0,draftkings,0.5901639344262295,1.0531268973891925,-5.04468146439897,False,,,,,,,Don't bet - bookmaker has edge,Tampa Bay Buccaneers @ Carolina Panthers,2025-12-21T18:00:00Z,4
Trevor Lawrence,player_pass_attempts,32.5,-119.0,betonlineag,0.54337899543379,-104.0,betrivers,0.5098039215686274,1.0531829170024174,-5.049732211170621,False,,,,,,,Don't bet - bookmaker has edge,Jacksonville Jaguars @ Denver Broncos,2025-12-21T21:05:00Z,3
Caleb Williams,player_pass_interceptions,0.5,115.0,draftkings,0.46511627906976744,-143.0,betonlineag,0.588477366255144,1.0535936453249115,-5.086747206830777,False,,,,,,,Don't bet - bookmaker has edge,Green Bay Packers @ Chicago Bears,2025-12-21T01:20:00Z,4
Lamar Jackson,player_pass_tds,1.5,-123.0,betonlineag,0.5515695067264574,-101.0,draftkings,0.5024875621890548,1.0540570689155122,-5.128476484781785,False,,,,,,,Don't bet - bookmaker has edge,New England Patriots @ Baltimore Ravens,2025-12-22T01:20:00Z,3
Brock Purdy,player_pass_attempts,33.5,-108.0,fanduel,0.5192307692307693,-115.0,draftkings,0.5348837209302325,1.0541144901610018,-5.133644463300802,False,,,,,,,Don't bet - bookmaker has edge,San Francisco 49ers @ Indianapolis Colts,2025-12-23T01:15:00Z,2
Shedeur Sanders,player_pass_attempts,30.5,-109.0,draftkings,0.5215311004784688,-114.0,fanduel,0.5327102803738317,1.0542413808523006,-5.145062775704101,False,,,,,,,Don't bet - bookmaker has edge,Buffalo Bills @ Cleveland Browns,2025-12-21T18:00:00Z,4
Bo Nix,player_pass_interceptions,0.5,-127.0,draftkings,0.5594713656387665,102.0,betrivers,0.49504950495049505,1.0545208705892617,-5.170203085577207,False,,,,,,,Don't bet - bookmaker has edge,Jacksonville Jaguars @ Denver Broncos,2025-12-21T21:05:00Z,4
Marcus Mariota,player_pass_tds,1.5,200.0,draftkings,0.3333333333333333,-260.0,draftkings,0.7222222222222222,1.0555555555555556,-5.263157894736848,False,,,,,,,Don't bet - bookmaker has edge,Philadelphia Eagles @ Washington Commanders,2025-12-20T22:00:00Z,2
Kirk Cousins,player_pass_attempts,31.5,-106.0,draftkings,0.5145631067961165,-118.0,fanduel,0.5412844036697247,1.0558475104658411,-5.289353804622898,False,,,,,,,Don't bet - bookmaker has edge,Atlanta Falcons @ Arizona Cardinals,2025-12-21T21:05:00Z,4
Kenneth Walker III,player_reception_yds,12.5,-118.0,draftkings,0.5412844036697247,-106.0,draftkings,0.5145631067961165,1.0558475104658411,-5.289353804622898,False,,,,,,,Don't bet - bookmaker has edge,Los Angeles Rams @ Seattle Seahawks,2025-12-19T01:15:00Z,1
Jalen Hurts,player_pass_tds,1.5,-133.0,betonlineag,0.5708154506437768,106.0,draftkings,0.4854368932038835,1.0562523438476603,-5.325653871947611,False,,,,,,,Don't bet - bookmaker has edge,Philadelphia Eagles @ Washington Commanders,2025-12-20T22:00:00Z,3
Zach Charbonnet,player_rush_yds,34.5,-116.0,draftkings,0.5370370370370371,-108.0,draftkings,0.5192307692307693,1.0562678062678064,-5.327039784221177,False,,,,,,,Don't bet - bookmaker has edge,Los Angeles Rams @ Seattle Seahawks,2025-12-19T01:15:00Z,1
Kenneth Walker III,player_rush_yds,46.5,-109.0,draftkings,0.5215311004784688,-115.0,draftkings,0.5348837209302325,1.0564148214087012,-5.340214872551064,False,,,,,,,Don't bet - bookmaker has edge,Los Angeles Rams @ Seattle Seahawks,2025-12-19T01:15:00Z,1
Blake Corum,player_rush_yds,40.5,-109.0,draftkings,0.5215311004784688,-115.0,draftkings,0.5348837209302325,1.0564148214087012,-5.340214872551064,False,,,,,,,Don't bet - bookmaker has edge,Los Angeles Rams @ Seattle Seahawks,2025-12-19T01:15:00Z,2
Caleb Williams,player_pass_tds,1.5,102.0,fanduel,0.49504950495049505,-128.0,draftkings,0.5614035087719298,1.0564530137224248,-5.34363696152581,False,,,,,,,Don't bet - bookmaker has edge,Green Bay Packers @ Chicago Bears,2025-12-21T01:20:00Z,4
Kirk Cousins,player_pass_tds,1.5,116.0,betrivers,0.46296296296296297,-146.0,draftkings,0.5934959349593496,1.0564588979223126,-5.344164172723387,False,,,,,,,Don't bet - bookmaker has edge,Atlanta Falcons @ Arizona Cardinals,2025-12-21T21:05:00Z,4
Kyren Williams,player_rush_yds,55.5,-114.0,draftkings,0.5327102803738317,-110.0,draftkings,0.5238095238095238,1.0565198041833557,-5.3496208930075895,False,,,,,,,Don't bet - bookmaker has edge,Los Angeles Rams @ Seattle Seahawks,2025-12-19T01:15:00Z,3
Rashid Shaheed,player_reception_yds,33.5,-110.0,draftkings,0.5238095238095238,-114.0,draftkings,0.5327102803738317,1.0565198041833557,-5.3496208930075895,False,,,,,,,Don't bet - bookmaker has edge,Los Angeles Rams @ Seattle Seahawks,2025-12-19T01:15:00Z,2
Dak Prescott,player_pass_completions,23.5,-102.0,fanduel,0.504950495049505,-123.0,draftkings,0.5515695067264574,1.0565200017759624,-5.349638594721807,False,,,,,,,Don't bet - bookmaker has edge,Los Angeles Chargers @ Dallas Cowboys,2025-12-21T18:00:00Z,3
Jaxon Smith-Njigba,player_reception_yds,90.5,-111.0,draftkings,0.5260663507109005,-113.0,draftkings,0.5305164319248826,1.056582782635783,-5.355262603714772,False,,,,,,,Don't bet - bookmaker has edge,Los Angeles Rams @ Seattle Seahawks,2025-12-19T01:15:00Z,1
Kirk Cousins,player_pass_yds,220.5,-111.0,draftkings,0.5260663507109005,-113.0,draftkings,0.5305164319248826,1.056582782635783,-5.355262603714772,False,,,,,,,Don't bet - bookmaker has edge,Atlanta Falcons @ Arizona Cardinals,2025-12-21T21:05:00Z,2
Jordan Love,player_pass_yds,231.5,-113.0,draftkings,0.5305164319248826,-111.0,draftkings,0.5260663507109005,1.056582782635783,-5.355262603714772,False,,,,,,,Don't bet - bookmaker has edge,Green Bay Packers @ Chicago Bears,2025-12-21T01:20:00Z,1
Bo Nix,player_pass_yds,240.5,-111.0,draftkings,0.5260663507109005,-113.0,draftkings,0.5305164319248826,1.056582782635783,-5.355262603714772,False,,,,,,,Don't bet - bookmaker has edge,Jacksonville Jaguars @ Denver Broncos,2025-12-21T21:05:00Z,1
Brock Purdy,player_pass_yds,245.5,-113.0,draftkings,0.5305164319248826,-111.0,draftkings,0.5260663507109005,1.056582782635783,-5.355262603714772,False,,,,,,,Don't bet - bookmaker has edge,San Francisco 49ers @ Indianapolis Colts,2025-12-23T01:15:00Z,1
Shedeur Sanders,player_pass_yds,178.5,-111.0,draftkings,0.5260663507109005,-113.0,draftkings,0.5305164319248826,1.056582782635783,-5.355262603714772,False,,,,,,,Don't bet - bookmaker has edge,Buffalo Bills @ Cleveland Browns,2025-12-21T18:00:00Z,1
Trevor Lawrence,player_pass_yds,222.5,-113.0,draftkings,0.5305164319248826,-111.0,draftkings,0.5260663507109005,1.056582782635783,-5.355262603714772,False,,,,,,,Don't bet - bookmaker has edge,Jacksonville Jaguars @ Denver Broncos,2025-12-21T21:05:00Z,1
Lamar Jackson,player_pass_yds,213.5,-111.0,draftkings,0.5260663507109005,-113.0,draftkings,0.5305164319248826,1.056582782635783,-5.355262603714772,False,,,,,,,Don't bet - bookmaker has edge,New England Patriots @ Baltimore Ravens,2025-12-22T01:20:00Z,1
Marcus Mariota,player_pass_yds,203.5,-113.0,draftkings,0.5305164319248826,-111.0,draftkings,0.5260663507109005,1.056582782635783,-5.355262603714772,False,,,,,,,Don't bet - bookmaker has edge,Philadelphia Eagles @ Washington Commanders,2025-12-20T22:00:00Z,1
Jalen Hurts,player_pass_yds,216.5,-111.0,draftkings,0.5260663507109005,-113.0,draftkings,0.5305164319248826,1.056582782635783,-5.355262603714772,False,,,,,,,Don't bet - bookmaker has edge,Philadelphia Eagles @ Washington Commanders,2025-12-20T22:00:00Z,1
Puka Nacua,player_reception_yds,94.5,-112.0,draftkings,0.5283018867924528,-112.0,draftkings,0.5283018867924528,1.0566037735849056,-5.35714285714286,False,,,,,,,Don't bet - bookmaker has edge,Los Angeles Rams @ Seattle Seahawks,2025-12-19T01:15:00Z,4
Sam Darnold,player_pass_yds,233.5,-112.0,draftkings,0.5283018867924528,-112.0,draftkings,0.5283018867924528,1.0566037735849056,-5.35714285714286,False,,,,,,,Don't bet - bookmaker has edge,Los Angeles Rams @ Seattle Seahawks,2025-12-19T01:15:00Z,1
Matthew Stafford,player_pass_yds,230.5,-112.0,draftkings,0.5283018867924528,-112.0,draftkings,0.5283018867924528,1.0566037735849056,-5.35714285714286,False,,,,,,,Don't bet - bookmaker has edge,Los Angeles Rams @ Seattle Seahawks,2025-12-19T01:15:00Z,1
Philip Rivers,player_pass_yds,150.5,-112.0,draftkings,0.5283018867924528,-112.0,draftkings,0.5283018867924528,1.0566037735849056,-5.35714285714286,False,,,,,,,Don't bet - bookmaker has edge,San Francisco 49ers @ Indianapolis Colts,2025-12-23T01:15:00Z,1
J.J. McCarthy,player_pass_yds,184.5,-112.0,draftkings,0.5283018867924528,-112.0,draftkings,0.5283018867924528,1.0566037735849056,-5.35714285714286,False,,,,,,,Don't bet - bookmaker has edge,Minnesota Vikings @ New York Giants,2025-12-21T18:00:00Z,1
Drake Maye,player_pass_yds,241.5,-112.0,draftkings,0.5283018867924528,-112.0,draftkings,0.5283018867924528,1.0566037735849056,-5.35714285714286,False,,,,,,,Don't bet - bookmaker has edge,New England Patriots @ Baltimore Ravens,2025-12-22T01:20:00Z,1
Jaxson Dart,player_pass_yds,197.5,-112.0,draftkings,0.5283018867924528,-112.0,draftkings,0.5283018867924528,1.0566037735849056,-5.35714285714286,False,,,,,,,Don't bet - bookmaker has edge,Minnesota Vikings @ New York Giants,2025-12-21T18:00:00Z,3
Justin Herbert,player_pass_yds,244.5,-112.0,draftkings,0.5283018867924528,-112.0,draftkings,0.5283018867924528,1.0566037735849056,-5.35714285714286,False,,,,,,,Don't bet - bookmaker has edge,Los Angeles Chargers @ Dallas Cowboys,2025-12-21T18:00:00Z,2
Josh Allen,player_pass_yds,218.5,-112.0,draftkings,0.5283018867924528,-112.0,draftkings,0.5283018867924528,1.0566037735849056,-5.35714285714286,False,,,,,,,Don't bet - bookmaker has edge,Buffalo Bills @ Cleveland Browns,2025-12-21T18:00:00Z,2
Jacoby Brissett,player_pass_yds,237.5,-112.0,draftkings,0.5283018867924528,-112.0,draftkings,0.5283018867924528,1.0566037735849056,-5.35714285714286,False,,,,,,,Don't bet - bookmaker has edge,Atlanta Falcons @ Arizona Cardinals,2025-12-21T21:05:00Z,2
Jared Goff,player_pass_yds,261.5,-112.0,draftkings,0.5283018867924528,-112.0,draftkings,0.5283018867924528,1.0566037735849056,-5.35714285714286,False,,,,,,,Don't bet - bookmaker has edge,Pittsburgh Steelers @ Detroit Lions,2025-12-21T21:25:00Z,1
Baker Mayfield,player_pass_yds,227.5,-112.0,draftkings,0.5283018867924528,-112.0,draftkings,0.5283018867924528,1.0566037735849056,-5.35714285714286,False,,,,,,,Don't bet - bookmaker has edge,Tampa Bay Buccaneers @ Carolina Panthers,2025-12-21T18:00:00Z,2
Aaron Rodgers,player_pass_yds,229.5,-112.0,draftkings,0.5283018867924528,-112.0,draftkings,0.5283018867924528,1.0566037735849056,-5.35714285714286,False,,,,,,,Don't bet - bookmaker has edge,Pittsburgh Steelers @ Detroit Lions,2025-12-21T21:25:00Z,1
Caleb Williams,player_pass_yds,211.5,-112.0,draftkings,0.5283018867924528,-112.0,draftkings,0.5283018867924528,1.0566037735849056,-5.35714285714286,False,,,,,,,Don't bet - bookmaker has edge,Green Bay Packers @ Chicago Bears,2025-12-21T01:20:00Z,2
Dak Prescott,player_pass_yds,249.5,-112.0,draftkings,0.5283018867924528,-112.0,draftkings,0.5283018867924528,1.0566037735849056,-5.35714285714286,False,,,,,,,Don't bet - bookmaker has edge,Los Angeles Chargers @ Dallas Cowboys,2025-12-21T18:00:00Z,2
Josh Allen,player_pass_completions,18.5,-122.0,fanduel,0.5495495495495496,-103.0,draftkings,0.5073891625615764,1.056938712111126,-5.387134699361784,False,,,,,,,Don't bet - bookmaker has edge,Buffalo Bills @ Cleveland Browns,2025-12-21T18:00:00Z,4
Jared Goff,player_pass_interceptions,0.5,130.0,draftkings,0.43478260869565216,-165.0,fanduel,0.6226415094339622,1.0574241181296145,-5.430566330488751,False,,,,,,,Don't bet - bookmaker has edge,Pittsburgh Steelers @ Detroit Lions,2025-12-21T21:25:00Z,2
Philip Rivers,player_pass_attempts,27.5,100.0,fanduel,0.5,-126.0,draftkings,0.5575221238938053,1.0575221238938053,-5.4393305439330515,False,,,,,,,Don't bet - bookmaker has edge,San Francisco 49ers @ Indianapolis Colts,2025-12-23T01:15:00Z,2
Zach Charbonnet,player_receptions,0.5,-105.0,betmgm,0.5121951219512195,-120.0,betmgm,0.5454545454545454,1.057649667405765,-5.45073375262054,False,,,,,,,Don't bet - bookmaker has edge,Los Angeles Rams @ Seattle Seahawks,2025-12-19T01:15:00Z,1
Sam Darnold,player_rush_longest,4.5,-105.0,betmgm,0.5121951219512195,-120.0,draftkings,0.5454545454545454,1.057649667405765,-5.45073375262054,False,,,,,,,Don't bet - bookmaker has edge,Los Angeles Rams @ Seattle Seahawks,2025-12-19T01:15:00Z,2
AJ Barner,player_reception_longest,14.5,-120.0,draftkings,0.5454545454545454,-105.0,betmgm,0.5121951219512195,1.057649667405765,-5.45073375262054,False,,,,,,,Don't bet - bookmaker has edge,Los Angeles Rams @ Seattle Seahawks,2025-12-19T01:15:00Z,3
Jason Myers,player_kicking_points,7.5,-105.0,betmgm,0.5121951219512195,-120.0,draftkings,0.5454545454545454,1.057649667405765,-5.45073375262054,False,,,,,,,Don't bet - bookmaker has edge,Los Angeles Rams @ Seattle Seahawks,2025-12-19T01:15:00Z,4
Jared Goff,player_pass_tds,2.5,168.0,draftkings,0.373134328358209,-217.0,draftkings,0.6845425867507886,1.0576769151089975,-5.45316951566951,False,,,,,,,Don't bet - bookmaker has edge,Pittsburgh Steelers @ Detroit Lions,2025-12-21T21:25:00Z,1
Baker Mayfield,player_pass_interceptions,0.5,-101.0,draftkings,0.5024875621890548,-125.0,betonlineag,0.5555555555555556,1.0580431177446104,-5.485893416927901,False,,,,,,,Don't bet - bookmaker has edge,Tampa Bay Buccaneers @ Carolina Panthers,2025-12-21T18:00:00Z,4
Philip Rivers,player_pass_completions,17.5,-107.0,draftkings,0.5169082125603864,-118.0,fanduel,0.5412844036697247,1.0581926162301112,-5.499246104875189,False,,,,,,,Don't bet - bookmaker has edge,San Francisco 49ers @ Indianapolis Colts,2025-12-23T01:15:00Z,2
Davis Allen,player_reception_longest,10.5,-115.0,bovada,0.5348837209302325,-110.0,draftkings,0.5238095238095238,1.0586932447397563,-5.543933054393301,False,,,,,,,Don't bet - bookmaker has edge,Los Angeles Rams @ Seattle Seahawks,2025-12-19T01:15:00Z,3
Puka Nacua,player_reception_longest,27.5,-115.0,draftkings,0.5348837209302325,-110.0,betmgm,0.5238095238095238,1.0586932447397563,-5.543933054393301,False,,,,,,,Don't bet - bookmaker has edge,Los Angeles Rams @ Seattle Seahawks,2025-12-19T01:15:00Z,3
Kenneth Walker III,player_rush_longest,12.5,-115.0,draftkings,0.5348837209302325,-110.0,betmgm,0.5238095238095238,1.0586932447397563,-5.543933054393301,False,,,,,,,Don't bet - bookmaker has edge,Los Angeles Rams @ Seattle Seahawks,2025-12-19T01:15:00Z,2
Bryce Young,player_pass_yds,207.5,-111.0,draftkings,0.5260663507109005,-114.0,draftkings,0.5327102803738317,1.0587766310847322,-5.551372155287815,False,,,,,,,Don't bet - bookmaker has edge,Tampa Bay Buccaneers @ Carolina Panthers,2025-12-21T18:00:00Z,2
AJ Barner,player_reception_yds,32.5,-114.0,draftkings,0.5327102803738317,-111.0,draftkings,0.5260663507109005,1.0587766310847322,-5.551372155287815,False,,,,,,,Don't bet - bookmaker has edge,Los Angeles Rams @ Seattle Seahawks,2025-12-19T01:15:00Z,1
Philip Rivers,player_pass_tds,0.5,-207.0,draftkings,0.6742671009771987,160.0,draftkings,0.38461538461538464,1.0588824855925834,-5.560814008518699,False,,,,,,,Don't bet - bookmaker has edge,San Francisco 49ers @ Indianapolis Colts,2025-12-23T01:15:00Z,2
Jordan Love,player_pass_completions,20.5,-103.0,draftkings,0.5073891625615764,-123.0,betonlineag,0.5515695067264574,1.058958669288034,-5.567608160540716,False,,,,,,,Don't bet - bookmaker has edge,Green Bay Packers @ Chicago Bears,2025-12-21T01:20:00Z,4
Shedeur Sanders,player_pass_completions,15.5,-132.0,draftkings,0.5689655172413793,104.0,draftkings,0.49019607843137253,1.0591615956727518,-5.585700606447485,False,,,,,,,Don't bet - bookmaker has edge,Buffalo Bills @ Cleveland Browns,2025-12-21T18:00:00Z,4
Justin Herbert,player_pass_attempts,33.5,-104.0,betrivers,0.5098039215686274,-122.0,fanduel,0.5495495495495496,1.0593534711181771,-5.602801400700363,False,,,,,,,Don't bet - bookmaker has edge,Los Angeles Chargers @ Dallas Cowboys,2025-12-21T18:00:00Z,2
Drake Maye,player_pass_tds,1.5,106.0,draftkings,0.4854368932038835,-135.0,betonlineag,0.574468085106383,1.0599049783102665,-5.651919703761454,False,,,,,,,Don't bet - bookmaker has edge,New England Patriots @ Baltimore Ravens,2025-12-22T01:20:00Z,3
Rashid Shaheed,player_reception_longest,17.5,-120.0,draftkings,0.5454545454545454,-106.0,fanduel,0.5145631067961165,1.060017652250662,-5.661948376353032,False,,,,,,,Don't bet - bookmaker has edge,Los Angeles Rams @ Seattle Seahawks,2025-12-19T01:15:00Z,3
Philip Rivers,player_pass_interceptions,0.5,-120.0,fanduel,0.5454545454545454,-106.0,fanduel,0.5145631067961165,1.060017652250662,-5.661948376353032,False,,,,,,,Don't bet - bookmaker has edge,San Francisco 49ers @ Indianapolis Colts,2025-12-23T01:15:00Z,1
Aaron Rodgers,player_pass_tds,1.5,102.0,draftkings,0.49504950495049505,-130.0,draftkings,0.5652173913043478,1.0602668962548427,-5.684125050751099,False,,,,,,,Don't bet - bookmaker has edge,Pittsburgh Steelers @ Detroit Lions,2025-12-21T21:25:00Z,2
Bo Nix,player_pass_completions,23.5,-102.0,draftkings,0.504950495049505,-125.0,draftkings,0.5555555555555556,1.0605060506050605,-5.705394190871371,False,,,,,,,Don't bet - bookmaker has edge,Jacksonville Jaguars @ Denver Broncos,2025-12-21T21:05:00Z,2
Jaxson Dart,player_pass_attempts,28.5,-117.0,draftkings,0.5391705069124424,-109.0,draftkings,0.5215311004784688,1.0607016073909112,-5.722778863343447,False,,,,,,,Don't bet - bookmaker has edge,Minnesota Vikings @ New York Giants,2025-12-21T18:00:00Z,2
Bryce Young,player_pass_completions,19.5,-110.0,draftkings,0.5238095238095238,-116.0,draftkings,0.5370370370370371,1.060846560846561,-5.735660847880308,False,,,,,,,Don't bet - bookmaker has edge,Tampa Bay Buccaneers @ Carolina Panthers,2025-12-21T18:00:00Z,4
Aaron Rodgers,player_pass_attempts,32.5,-103.0,draftkings,0.5073891625615764,-124.0,draftkings,0.5535714285714286,1.060960591133005,-5.7457922228670855,False,,,,,,,Don't bet - bookmaker has edge,Pittsburgh Steelers @ Detroit Lions,2025-12-21T21:25:00Z,1
Zach Charbonnet,player_rush_yds,35.5,-114.0,fanduel,0.5327102803738317,-112.0,betonlineag,0.5283018867924528,1.0610121671662847,-5.750373940501918,False,,,,,,,Don't bet - bookmaker has edge,Los Angeles Rams @ Seattle Seahawks,2025-12-19T01:15:00Z,3
AJ Barner,player_reception_yds,30.5,-114.0,fanduel,0.5327102803738317,-112.0,betrivers,0.5283018867924528,1.0610121671662847,-5.750373940501918,False,,,,,,,Don't bet - bookmaker has edge,Los Angeles Rams @ Seattle Seahawks,2025-12-19T01:15:00Z,3
Kenneth Walker III,player_rush_yds,45.5,-114.0,fanduel,0.5327102803738317,-112.0,betonlineag,0.5283018867924528,1.0610121671662847,-5.750373940501918,False,,,,,,,Don't bet - bookmaker has edge,Los Angeles Rams @ Seattle Seahawks,2025-12-19T01:15:00Z,4
Justin Herbert,player_pass_completions,22.5,110.0,fanduel,0.47619047619047616,-141.0,betonlineag,0.5850622406639004,1.0612527168543766,-5.77173710668405,False,,,,,,,Don't bet - bookmaker has edge,Los Angeles Chargers @ Dallas Cowboys,2025-12-21T18:00:00Z,2
Cam Ward,player_rush_longest,6.5,-135.0,draftkings,0.574468085106383,105.0,draftkings,0.4878048780487805,1.0622729631551635,-5.862237420615535,False,,,,,,,Don't bet - bookmaker has edge,Kansas City Chiefs @ Tennessee Titans,2025-12-21T18:00:00Z,1
Trevor Lawrence,player_pass_yds,223.5,-116.0,betonlineag,0.5370370370370371,-111.0,betonlineag,0.5260663507109005,1.0631033877479377,-5.935771485181229,False,,,,,,,Don't bet - bookmaker has edge,Jacksonville Jaguars @ Denver Broncos,2025-12-21T21:05:00Z,1
Blake Corum,player_rush_yds,38.5,-114.0,fanduel,0.5327102803738317,-113.0,betrivers,0.5305164319248826,1.0632267122987145,-5.94668207329152,False,,,,,,,Don't bet - bookmaker has edge,Los Angeles Rams @ Seattle Seahawks,2025-12-19T01:15:00Z,2
Jameson Williams,player_receptions,4.5,114.0,fanduel,0.4672897196261682,-148.0,fanduel,0.5967741935483871,1.0640639131745553,-6.020682816262923,False,,,,,,,Don't bet - bookmaker has edge,Pittsburgh Steelers @ Detroit Lions,2025-12-21T21:25:00Z,1
Trevor Lawrence,player_pass_attempts,33.5,104.0,fanduel,0.49019607843137253,-135.0,fanduel,0.574468085106383,1.0646641635377556,-6.073667711598752,False,,,,,,,Don't bet - bookmaker has edge,Jacksonville Jaguars @ Denver Broncos,2025-12-21T21:05:00Z,1
Bo Nix,player_pass_completions,22.5,-120.0,betonlineag,0.5454545454545454,-108.0,fanduel,0.5192307692307693,1.0646853146853146,-6.07553366174055,False,,,,,,,Don't bet - bookmaker has edge,Jacksonville Jaguars @ Denver Broncos,2025-12-21T21:05:00Z,2
Tua Tagovailoa,player_pass_interceptions,0.5,-154.0,fanduel,0.6062992125984252,118.0,fanduel,0.45871559633027525,1.0650148089287006,-6.104592009767362,False,,,,,,,Don't bet - bookmaker has edge,Cincinnati Bengals @ Miami Dolphins,2025-12-21T18:00:00Z,1
Joe Burrow,player_pass_attempts,36.5,-110.0,fanduel,0.5238095238095238,-118.0,fanduel,0.5412844036697247,1.0650939274792486,-6.111566858080398,False,,,,,,,Don't bet - bookmaker has edge,Cincinnati Bengals @ Miami Dolphins,2025-12-21T18:00:00Z,1
Bo Nix,player_pass_yds,236.5,-118.0,betonlineag,0.5412844036697247,-110.0,betonlineag,0.5238095238095238,1.0650939274792486,-6.111566858080398,False,,,,,,,Don't bet - bookmaker has edge,Jacksonville Jaguars @ Denver Broncos,2025-12-21T21:05:00Z,1
Aaron Rodgers,player_pass_attempts,31.5,-118.0,fanduel,0.5412844036697247,-110.0,fanduel,0.5238095238095238,1.0650939274792486,-6.111566858080398,False,,,,,,,Don't bet - bookmaker has edge,Pittsburgh Steelers @ Detroit Lions,2025-12-21T21:25:00Z,1
Kyren Williams,player_rush_yds,56.5,-110.0,betmgm,0.5238095238095238,-118.0,betmgm,0.5412844036697247,1.0650939274792486,-6.111566858080398,False,,,,,,,Don't bet - bookmaker has edge,Los Angeles Rams @ Seattle Seahawks,2025-12-19T01:15:00Z,1
Joe Burrow,player_pass_interceptions,0.5,-118.0,fanduel,0.5412844036697247,-110.0,fanduel,0.5238095238095238,1.0650939274792486,-6.111566858080398,False,,,,,,,Don't bet - bookmaker has edge,Cincinnati Bengals @ Miami Dolphins,2025-12-21T18:00:00Z,1
Cooper Kupp,player_reception_yds,30.5,-118.0,betmgm,0.5412844036697247,-110.0,betmgm,0.5238095238095238,1.0650939274792486,-6.111566858080398,False,,,,,,,Don't bet - bookmaker has edge,Los Angeles Rams @ Seattle Seahawks,2025-12-19T01:15:00Z,1
Blake Corum,player_rush_yds,39.5,-110.0,betonlineag,0.5238095238095238,-118.0,betonlineag,0.5412844036697247,1.0650939274792486,-6.111566858080398,False,,,,,,,Don't bet - bookmaker has edge,Los Angeles Rams @ Seattle Seahawks,2025-12-19T01:15:00Z,1
Zach Charbonnet,player_reception_longest,0.5,115.0,betmgm,0.46511627906976744,-150.0,betmgm,0.6,1.0651162790697675,-6.113537117903933,False,,,,,,,Don't bet - bookmaker has edge,Los Angeles Rams @ Seattle Seahawks,2025-12-19T01:15:00Z,1
Kyren Williams,player_reception_longest,7.5,100.0,draftkings,0.5,-130.0,draftkings,0.5652173913043478,1.0652173913043477,-6.122448979591821,False,,,,,,,Don't bet - bookmaker has edge,Los Angeles Rams @ Seattle Seahawks,2025-12-19T01:15:00Z,2
Aaron Jones,player_reception_longest,10.5,-130.0,draftkings,0.5652173913043478,100.0,draftkings,0.5,1.0652173913043477,-6.122448979591821,False,,,,,,,Don't bet - bookmaker has edge,Minnesota Vikings @ New York Giants,2025-12-21T18:00:00Z,1
Kyren Williams,player_rush_longest,12.5,100.0,draftkings,0.5,-130.0,draftkings,0.5652173913043478,1.0652173913043477,-6.122448979591821,False,,,,,,,Don't bet - bookmaker has edge,Los Angeles Rams @ Seattle Seahawks,2025-12-19T01:15:00Z,2
Cooper Kupp,player_receptions,3.5,136.0,fanduel,0.423728813559322,-179.0,betonlineag,0.6415770609318996,1.0653058744912216,-6.1302463503649545,False,,,,,,,Don't bet - bookmaker has edge,Los Angeles Rams @ Seattle Seahawks,2025-12-19T01:15:00Z,2
Tua Tagovailoa,player_pass_yds,218.5,-114.0,fanduel,0.5327102803738317,-114.0,fanduel,0.5327102803738317,1.0654205607476634,-6.140350877192969,False,,,,,,,Don't bet - bookmaker has edge,Cincinnati Bengals @ Miami Dolphins,2025-12-21T18:00:00Z,1
Trevor Lawrence,player_pass_yds,226.5,-114.0,fanduel,0.5327102803738317,-114.0,fanduel,0.5327102803738317,1.0654205607476634,-6.140350877192969,False,,,,,,,Don't bet - bookmaker has edge,Jacksonville Jaguars @ Denver Broncos,2025-12-21T21:05:00Z,1
Drake Maye,player_pass_yds,240.5,-114.0,fanduel,0.5327102803738317,-114.0,fanduel,0.5327102803738317,1.0654205607476634,-6.140350877192969,False,,,,,,,Don't bet - bookmaker has edge,New England Patriots @ Baltimore Ravens,2025-12-22T01:20:00Z,2
Shedeur Sanders,player_pass_yds,177.5,-114.0,fanduel,0.5327102803738317,-114.0,fanduel,0.5327102803738317,1.0654205607476634,-6.140350877192969,False,,,,,,,Don't bet - bookmaker has edge,Buffalo Bills @ Cleveland Browns,2025-12-21T18:00:00Z,3
Caleb Williams,player_pass_attempts,32.5,-114.0,fanduel,0.5327102803738317,-114.0,fanduel,0.5327102803738317,1.0654205607476634,-6.140350877192969,False,,,,,,,Don't bet - bookmaker has edge,Green Bay Packers @ Chicago Bears,2025-12-21T01:20:00Z,1
Jared Goff,player_pass_yds,264.5,-114.0,fanduel,0.5327102803738317,-114.0,fanduel,0.5327102803738317,1.0654205607476634,-6.140350877192969,False,,,,,,,Don't bet - bookmaker has edge,Pittsburgh Steelers @ Detroit Lions,2025-12-21T21:25:00Z,1
Brock Purdy,player_pass_yds,242.5,-114.0,fanduel,0.5327102803738317,-114.0,fanduel,0.5327102803738317,1.0654205607476634,-6.140350877192969,False,,,,,,,Don't bet - bookmaker has edge,San Francisco 49ers @ Indianapolis Colts,2025-12-23T01:15:00Z,1
Marcus Mariota,player_pass_yds,208.5,-114.0,fanduel,0.5327102803738317,-114.0,fanduel,0.5327102803738317,1.0654205607476634,-6.140350877192969,False,,,,,,,Don't bet - bookmaker has edge,Philadelphia Eagles @ Washington Commanders,2025-12-20T22:00:00Z,1
Kirk Cousins,player_pass_yds,223.5,-114.0,fanduel,0.5327102803738317,-114.0,fanduel,0.5327102803738317,1.0654205607476634,-6.140350877192969,False,,,,,,,Don't bet - bookmaker has edge,Atlanta Falcons @ Arizona Cardinals,2025-12-21T21:05:00Z,2
Jordan Love,player_pass_yds,235.5,-114.0,fanduel,0.5327102803738317,-114.0,fanduel,0.5327102803738317,1.0654205607476634,-6.140350877192969,False,,,,,,,Don't bet - bookmaker has edge,Green Bay Packers @ Chicago Bears,2025-12-21T01:20:00Z,2
Joe Burrow,player_pass_yds,258.5,-114.0,fanduel,0.5327102803738317,-114.0,fanduel,0.5327102803738317,1.0654205607476634,-6.140350877192969,False,,,,,,,Don't bet - bookmaker has edge,Cincinnati Bengals @ Miami Dolphins,2025-12-21T18:00:00Z,1
Lamar Jackson,player_pass_yds,212.5,-114.0,fanduel,0.5327102803738317,-114.0,fanduel,0.5327102803738317,1.0654205607476634,-6.140350877192969,False,,,,,,,Don't bet - bookmaker has edge,New England Patriots @ Baltimore Ravens,2025-12-22T01:20:00Z,2
Matthew Stafford,player_pass_yds,228.5,-114.0,fanduel,0.5327102803738317,-114.0,fanduel,0.5327102803738317,1.0654205607476634,-6.140350877192969,False,,,,,,,Don't bet - bookmaker has edge,Los Angeles Rams @ Seattle Seahawks,2025-12-19T01:15:00Z,2
Aaron Rodgers,player_pass_yds,225.5,-114.0,fanduel,0.5327102803738317,-114.0,fanduel,0.5327102803738317,1.0654205607476634,-6.140350877192969,False,,,,,,,Don't bet - bookmaker has edge,Pittsburgh Steelers @ Detroit Lions,2025-12-21T21:25:00Z,1
Baker Mayfield,player_pass_yds,228.5,-114.0,fanduel,0.5327102803738317,-114.0,fanduel,0.5327102803738317,1.0654205607476634,-6.140350877192969,False,,,,,,,Don't bet - bookmaker has edge,Tampa Bay Buccaneers @ Carolina Panthers,2025-12-21T18:00:00Z,2
Bryce Young,player_pass_yds,204.5,-114.0,fanduel,0.5327102803738317,-114.0,fanduel,0.5327102803738317,1.0654205607476634,-6.140350877192969,False,,,,,,,Don't bet - bookmaker has edge,Tampa Bay Buccaneers @ Carolina Panthers,2025-12-21T18:00:00Z,1
Bo Nix,player_pass_yds,229.5,-114.0,fanduel,0.5327102803738317,-114.0,fanduel,0.5327102803738317,1.0654205607476634,-6.140350877192969,False,,,,,,,Don't bet - bookmaker has edge,Jacksonville Jaguars @ Denver Broncos,2025-12-21T21:05:00Z,1
Jalen Hurts,player_pass_yds,219.5,-114.0,fanduel,0.5327102803738317,-114.0,fanduel,0.5327102803738317,1.0654205607476634,-6.140350877192969,False,,,,,,,Don't bet - bookmaker has edge,Philadelphia Eagles @ Washington Commanders,2025-12-20T22:00:00Z,2
Jacoby Brissett,player_pass_yds,238.5,-114.0,fanduel,0.5327102803738317,-114.0,fanduel,0.5327102803738317,1.0654205607476634,-6.140350877192969,False,,,,,,,Don't bet - bookmaker has edge,Atlanta Falcons @ Arizona Cardinals,2025-12-21T21:05:00Z,1
Dak Prescott,player_pass_yds,246.5,-114.0,fanduel,0.5327102803738317,-114.0,fanduel,0.5327102803738317,1.0654205607476634,-6.140350877192969,False,,,,,,,Don't bet - bookmaker has edge,Los Angeles Chargers @ Dallas Cowboys,2025-12-21T18:00:00Z,1
Jahmyr Gibbs,player_rush_yds,72.5,-114.0,fanduel,0.5327102803738317,-114.0,fanduel,0.5327102803738317,1.0654205607476634,-6.140350877192969,False,,,,,,,Don't bet - bookmaker has edge,Pittsburgh Steelers @ Detroit Lions,2025-12-21T21:25:00Z,1
J.J. McCarthy,player_pass_yds,185.5,-114.0,fanduel,0.5327102803738317,-114.0,fanduel,0.5327102803738317,1.0654205607476634,-6.140350877192969,False,,,,,,,Don't bet - bookmaker has edge,Minnesota Vikings @ New York Giants,2025-12-21T18:00:00Z,2
Caleb Williams,player_pass_yds,212.5,-114.0,fanduel,0.5327102803738317,-114.0,fanduel,0.5327102803738317,1.0654205607476634,-6.140350877192969,False,,,,,,,Don't bet - bookmaker has edge,Green Bay Packers @ Chicago Bears,2025-12-21T01:20:00Z,1
Kenneth Walker III,player_reception_yds,11.5,-114.0,fanduel,0.5327102803738317,-114.0,fanduel,0.5327102803738317,1.0654205607476634,-6.140350877192969,False,,,,,,,Don't bet - bookmaker has edge,Los Angeles Rams @ Seattle Seahawks,2025-12-19T01:15:00Z,2
Jaxon Smith-Njigba,player_reception_yds,91.5,-114.0,fanduel,0.5327102803738317,-114.0,fanduel,0.5327102803738317,1.0654205607476634,-6.140350877192969,False,,,,,,,Don't bet - bookmaker has edge,Los Angeles Rams @ Seattle Seahawks,2025-12-19T01:15:00Z,2
Amon-Ra St. Brown,player_receptions,6.5,-114.0,fanduel,0.5327102803738317,-114.0,fanduel,0.5327102803738317,1.0654205607476634,-6.140350877192969,False,,,,,,,Don't bet - bookmaker has edge,Pittsburgh Steelers @ Detroit Lions,2025-12-21T21:25:00Z,1
Tua Tagovailoa,player_pass_attempts,30.5,-114.0,fanduel,0.5327102803738317,-114.0,fanduel,0.5327102803738317,1.0654205607476634,-6.140350877192969,False,,,,,,,Don't bet - bookmaker has edge,Cincinnati Bengals @ Miami Dolphins,2025-12-21T18:00:00Z,1
Rashid Shaheed,player_reception_yds,35.5,-114.0,betonlineag,0.5327102803738317,-114.0,betonlineag,0.5327102803738317,1.0654205607476634,-6.140350877192969,False,,,,,,,Don't bet - bookmaker has edge,Los Angeles Rams @ Seattle Seahawks,2025-12-19T01:15:00Z,1
Jameson Williams,player_reception_yds,67.5,-114.0,fanduel,0.5327102803738317,-114.0,fanduel,0.5327102803738317,1.0654205607476634,-6.140350877192969,False,,,,,,,Don't bet - bookmaker has edge,Pittsburgh Steelers @ Detroit Lions,2025-12-21T21:25:00Z,1
Amon-Ra St. Brown,player_reception_yds,74.5,-114.0,fanduel,0.5327102803738317,-114.0,fanduel,0.5327102803738317,1.0654205607476634,-6.140350877192969,False,,,,,,,Don't bet - bookmaker has edge,Pittsburgh Steelers @ Detroit Lions,2025-12-21T21:25:00Z,1
Justin Herbert,player_pass_yds,247.5,-114.0,fanduel,0.5327102803738317,-114.0,fanduel,0.5327102803738317,1.0654205607476634,-6.140350877192969,False,,,,,,,Don't bet - bookmaker has edge,Los Angeles Chargers @ Dallas Cowboys,2025-12-21T18:00:00Z,1
Josh Allen,player_pass_yds,219.5,-114.0,fanduel,0.5327102803738317,-114.0,fanduel,0.5327102803738317,1.0654205607476634,-6.140350877192969,False,,,,,,,Don't bet - bookmaker has edge,Buffalo Bills @ Cleveland Browns,2025-12-21T18:00:00Z,1
Philip Rivers,player_pass_yds,147.5,-114.0,fanduel,0.5327102803738317,-114.0,fanduel,0.5327102803738317,1.0654205607476634,-6.140350877192969,False,,,,,,,Don't bet - bookmaker has edge,San Francisco 49ers @ Indianapolis Colts,2025-12-23T01:15:00Z,1
Sam Darnold,player_pass_yds,231.5,-114.0,fanduel,0.5327102803738317,-114.0,fanduel,0.5327102803738317,1.0654205607476634,-6.140350877192969,False,,,,,,,Don't bet - bookmaker has edge,Los Angeles Rams @ Seattle Seahawks,2025-12-19T01:15:00Z,4
Brock Purdy,player_pass_interceptions,0.5,-152.0,fanduel,0.6031746031746031,116.0,fanduel,0.46296296296296297,1.066137566137566,-6.203473945409421,False,,,,,,,Don't bet - bookmaker has edge,San Francisco 49ers @ Indianapolis Colts,2025-12-23T01:15:00Z,1
Sam Darnold,player_rush_yds,3.5,-122.0,fanduel,0.5495495495495496,-107.0,betrivers,0.5169082125603864,1.066457762109936,-6.2316356513222315,False,,,,,,,Don't bet - bookmaker has edge,Los Angeles Rams @ Seattle Seahawks,2025-12-19T01:15:00Z,2
Shedeur Sanders,player_pass_interceptions,1.5,180.0,betrivers,0.35714285714285715,-245.0,betrivers,0.7101449275362319,1.0672877846790891,-6.304558680892347,False,,,,,,,Don't bet - bookmaker has edge,Buffalo Bills @ Cleveland Browns,2025-12-21T18:00:00Z,1
Isaiah Likely,player_reception_longest,14.5,-105.0,draftkings,0.5121951219512195,-125.0,draftkings,0.5555555555555556,1.067750677506775,-6.345177664974622,False,,,,,,,Don't bet - bookmaker has edge,New England Patriots @ Baltimore Ravens,2025-12-22T01:20:00Z,1
Saquon Barkley,player_reception_longest,10.5,-105.0,draftkings,0.5121951219512195,-125.0,draftkings,0.5555555555555556,1.067750677506775,-6.345177664974622,False,,,,,,,Don't bet - bookmaker has edge,Philadelphia Eagles @ Washington Commanders,2025-12-20T22:00:00Z,1
Hunter Henry,player_reception_longest,16.5,-125.0,draftkings,0.5555555555555556,-105.0,draftkings,0.5121951219512195,1.067750677506775,-6.345177664974622,False,,,,,,,Don't bet - bookmaker has edge,New England Patriots @ Baltimore Ravens,2025-12-22T01:20:00Z,1
Theo Johnson,player_reception_longest,16.5,-125.0,draftkings,0.5555555555555556,-105.0,draftkings,0.5121951219512195,1.067750677506775,-6.345177664974622,False,,,,,,,Don't bet - bookmaker has edge,Minnesota Vikings @ New York Giants,2025-12-21T18:00:00Z,1
Oronde Gadsden II,player_reception_longest,17.5,-105.0,draftkings,0.5121951219512195,-125.0,draftkings,0.5555555555555556,1.067750677506775,-6.345177664974622,False,,,,,,,Don't bet - bookmaker has edge,Los Angeles Chargers @ Dallas Cowboys,2025-12-21T18:00:00Z,1
De'Von Achane,player_reception_longest,13.5,-125.0,draftkings,0.5555555555555556,-105.0,draftkings,0.5121951219512195,1.067750677506775,-6.345177664974622,False,,,,,,,Don't bet - bookmaker has edge,Cincinnati Bengals @ Miami Dolphins,2025-12-21T18:00:00Z,1
Bucky Irving,player_rush_longest,15.5,-125.0,draftkings,0.5555555555555556,-105.0,draftkings,0.5121951219512195,1.067750677506775,-6.345177664974622,False,,,,,,,Don't bet - bookmaker has edge,Tampa Bay Buccaneers @ Carolina Panthers,2025-12-21T18:00:00Z,1
Lamar Jackson,player_rush_longest,12.5,-125.0,draftkings,0.5555555555555556,-105.0,draftkings,0.5121951219512195,1.067750677506775,-6.345177664974622,False,,,,,,,Don't bet - bookmaker has edge,New England Patriots @ Baltimore Ravens,2025-12-22T01:20:00Z,1
Jordan Love,player_rush_longest,7.5,-105.0,draftkings,0.5121951219512195,-125.0,draftkings,0.5555555555555556,1.067750677506775,-6.345177664974622,False,,,,,,,Don't bet - bookmaker has edge,Green Bay Packers @ Chicago Bears,2025-12-21T01:20:00Z,1
Zach Charbonnet,player_rush_longest,10.5,-125.0,draftkings,0.5555555555555556,-105.0,draftkings,0.5121951219512195,1.067750677506775,-6.345177664974622,False,,,,,,,Don't bet - bookmaker has edge,Los Angeles Rams @ Seattle Seahawks,2025-12-19T01:15:00Z,2
Saquon Barkley,player_rush_longest,16.5,-105.0,draftkings,0.5121951219512195,-125.0,draftkings,0.5555555555555556,1.067750677506775,-6.345177664974622,False,,,,,,,Don't bet - bookmaker has edge,Philadelphia Eagles @ Washington Commanders,2025-12-20T22:00:00Z,1
Blake Corum,player_rush_attempts,9.5,-105.0,betmgm,0.5121951219512195,-125.0,betmgm,0.5555555555555556,1.067750677506775,-6.345177664974622,False,,,,,,,Don't bet - bookmaker has edge,Los Angeles Rams @ Seattle Seahawks,2025-12-19T01:15:00Z,1
Colby Parkinson,player_receptions,3.5,-105.0,betmgm,0.5121951219512195,-125.0,betmgm,0.5555555555555556,1.067750677506775,-6.345177664974622,False,,,,,,,Don't bet - bookmaker has edge,Los Angeles Rams @ Seattle Seahawks,2025-12-19T01:15:00Z,1
Jake Ferguson,player_reception_longest,15.5,-105.0,draftkings,0.5121951219512195,-125.0,draftkings,0.5555555555555556,1.067750677506775,-6.345177664974622,False,,,,,,,Don't bet - bookmaker has edge,Los Angeles Chargers @ Dallas Cowboys,2025-12-21T18:00:00Z,1
DeMario Douglas,player_reception_longest,12.5,-125.0,draftkings,0.5555555555555556,-105.0,draftkings,0.5121951219512195,1.067750677506775,-6.345177664974622,False,,,,,,,Don't bet - bookmaker has edge,New England Patriots @ Baltimore Ravens,2025-12-22T01:20:00Z,1
Cooper Kupp,player_reception_longest,15.5,-125.0,draftkings,0.5555555555555556,-105.0,draftkings,0.5121951219512195,1.067750677506775,-6.345177664974622,False,,,,,,,Don't bet - bookmaker has edge,Los Angeles Rams @ Seattle Seahawks,2025-12-19T01:15:00Z,2
Jaxson Dart,player_rush_longest,12.5,-125.0,draftkings,0.5555555555555556,-105.0,draftkings,0.5121951219512195,1.067750677506775,-6.345177664974622,False,,,,,,,Don't bet - bookmaker has edge,Minnesota Vikings @ New York Giants,2025-12-21T18:00:00Z,1
Puka Nacua,player_reception_longest,26.5,-122.0,fanduel,0.5495495495495496,-108.0,fanduel,0.5192307692307693,1.0687803187803189,-6.435402820554392,False,,,,,,,Don't bet - bookmaker has edge,Los Angeles Rams @ Seattle Seahawks,2025-12-19T01:15:00Z,1
Amon-Ra St. Brown,player_reception_longest,22.5,-122.0,fanduel,0.5495495495495496,-108.0,fanduel,0.5192307692307693,1.0687803187803189,-6.435402820554392,False,,,,,,,Don't bet - bookmaker has edge,Pittsburgh Steelers @ Detroit Lions,2025-12-21T21:25:00Z,1
Tua Tagovailoa,player_pass_completions,20.5,-132.0,fanduel,0.5689655172413793,100.0,fanduel,0.5,1.0689655172413794,-6.451612903225823,False,,,,,,,Don't bet - bookmaker has edge,Cincinnati Bengals @ Miami Dolphins,2025-12-21T18:00:00Z,1
Bucky Irving,player_reception_longest,11.5,-120.0,draftkings,0.5454545454545454,-110.0,draftkings,0.5238095238095238,1.0692640692640691,-6.477732793522262,False,,,,,,,Don't bet - bookmaker has edge,Tampa Bay Buccaneers @ Carolina Panthers,2025-12-21T18:00:00Z,1
Josh Jacobs,player_rush_longest,13.5,-120.0,draftkings,0.5454545454545454,-110.0,draftkings,0.5238095238095238,1.0692640692640691,-6.477732793522262,False,,,,,,,Don't bet - bookmaker has edge,Green Bay Packers @ Chicago Bears,2025-12-21T01:20:00Z,1
Marcus Mariota,player_rush_longest,12.5,-110.0,draftkings,0.5238095238095238,-120.0,draftkings,0.5454545454545454,1.0692640692640691,-6.477732793522262,False,,,,,,,Don't bet - bookmaker has edge,Philadelphia Eagles @ Washington Commanders,2025-12-20T22:00:00Z,1
Jalen Hurts,player_rush_longest,11.5,-120.0,draftkings,0.5454545454545454,-110.0,draftkings,0.5238095238095238,1.0692640692640691,-6.477732793522262,False,,,,,,,Don't bet - bookmaker has edge,Philadelphia Eagles @ Washington Commanders,2025-12-20T22:00:00Z,1
Kyren Williams,player_reception_yds,8.5,-120.0,betmgm,0.5454545454545454,-110.0,betmgm,0.5238095238095238,1.0692640692640691,-6.477732793522262,False,,,,,,,Don't bet - bookmaker has edge,Los Angeles Rams @ Seattle Seahawks,2025-12-19T01:15:00Z,1
Brenton Strange,player_reception_longest,16.5,-110.0,draftkings,0.5238095238095238,-120.0,draftkings,0.5454545454545454,1.0692640692640691,-6.477732793522262,False,,,,,,,Don't bet - bookmaker has edge,Jacksonville Jaguars @ Denver Broncos,2025-12-21T21:05:00Z,1
Dallas Goedert,player_reception_longest,16.5,-110.0,draftkings,0.5238095238095238,-120.0,draftkings,0.5454545454545454,1.0692640692640691,-6.477732793522262,False,,,,,,,Don't bet - bookmaker has edge,Philadelphia Eagles @ Washington Commanders,2025-12-20T22:00:00Z,1
Darius Slayton,player_reception_longest,18.5,-120.0,draftkings,0.5454545454545454,-110.0,draftkings,0.5238095238095238,1.0692640692640691,-6.477732793522262,False,,,,,,,Don't bet - bookmaker has edge,Minnesota Vikings @ New York Giants,2025-12-21T18:00:00Z,1
James Cook,player_rush_longest,15.5,-110.0,draftkings,0.5238095238095238,-120.0,draftkings,0.5454545454545454,1.0692640692640691,-6.477732793522262,False,,,,,,,Don't bet - bookmaker has edge,Buffalo Bills @ Cleveland Browns,2025-12-21T18:00:00Z,1
J.J. McCarthy,player_rush_longest,11.5,-110.0,draftkings,0.5238095238095238,-120.0,draftkings,0.5454545454545454,1.0692640692640691,-6.477732793522262,False,,,,,,,Don't bet - bookmaker has edge,Minnesota Vikings @ New York Giants,2025-12-21T18:00:00Z,1
Bryce Young,player_rush_longest,7.5,-120.0,draftkings,0.5454545454545454,-110.0,draftkings,0.5238095238095238,1.0692640692640691,-6.477732793522262,False,,,,,,,Don't bet - bookmaker has edge,Tampa Bay Buccaneers @ Carolina Panthers,2025-12-21T18:00:00Z,1
Aaron Jones,player_rush_longest,13.5,-110.0,draftkings,0.5238095238095238,-120.0,draftkings,0.5454545454545454,1.0692640692640691,-6.477732793522262,False,,,,,,,Don't bet - bookmaker has edge,Minnesota Vikings @ New York Giants,2025-12-21T18:00:00Z,1
Zach Charbonnet,player_rush_yds,33.5,-120.0,betmgm,0.5454545454545454,-110.0,betmgm,0.5238095238095238,1.0692640692640691,-6.477732793522262,False,,,,,,,Don't bet - bookmaker has edge,Los Angeles Rams @ Seattle Seahawks,2025-12-19T01:15:00Z,1
Josh Jacobs,player_reception_longest,8.5,-120.0,draftkings,0.5454545454545454,-110.0,draftkings,0.5238095238095238,1.0692640692640691,-6.477732793522262,False,,,,,,,Don't bet - bookmaker has edge,Green Bay Packers @ Chicago Bears,2025-12-21T01:20:00Z,1
Kayshon Boutte,player_reception_longest,18.5,-120.0,draftkings,0.5454545454545454,-110.0,draftkings,0.5238095238095238,1.0692640692640691,-6.477732793522262,False,,,,,,,Don't bet - bookmaker has edge,New England Patriots @ Baltimore Ravens,2025-12-22T01:20:00Z,1
DeVonta Smith,player_reception_longest,22.5,-110.0,draftkings,0.5238095238095238,-120.0,draftkings,0.5454545454545454,1.0692640692640691,-6.477732793522262,False,,,,,,,Don't bet - bookmaker has edge,Philadelphia Eagles @ Washington Commanders,2025-12-20T22:00:00Z,1
Jakobi Meyers,player_reception_longest,20.5,-120.0,draftkings,0.5454545454545454,-110.0,draftkings,0.5238095238095238,1.0692640692640691,-6.477732793522262,False,,,,,,,Don't bet - bookmaker has edge,Jacksonville Jaguars @ Denver Broncos,2025-12-21T21:05:00Z,1
Trevor Lawrence,player_rush_longest,10.5,-110.0,draftkings,0.5238095238095238,-120.0,draftkings,0.5454545454545454,1.0692640692640691,-6.477732793522262,False,,,,,,,Don't bet - bookmaker has edge,Jacksonville Jaguars @ Denver Broncos,2025-12-21T21:05:00Z,1
Rhamondre Stevenson,player_rush_longest,10.5,-120.0,draftkings,0.5454545454545454,-110.0,draftkings,0.5238095238095238,1.0692640692640691,-6.477732793522262,False,,,,,,,Don't bet - bookmaker has edge,New England Patriots @ Baltimore Ravens,2025-12-22T01:20:00Z,1
Tony Pollard,player_rush_longest,12.5,-120.0,draftkings,0.5454545454545454,-110.0,draftkings,0.5238095238095238,1.0692640692640691,-6.477732793522262,False,,,,,,,Don't bet - bookmaker has edge,Kansas City Chiefs @ Tennessee Titans,2025-12-21T18:00:00Z,1
Omarion Hampton,player_rush_longest,12.5,-120.0,draftkings,0.5454545454545454,-110.0,draftkings,0.5238095238095238,1.0692640692640691,-6.477732793522262,False,,,,,,,Don't bet - bookmaker has edge,Los Angeles Chargers @ Dallas Cowboys,2025-12-21T18:00:00Z,1
Caleb Williams,player_rush_longest,9.5,-120.0,draftkings,0.5454545454545454,-110.0,draftkings,0.5238095238095238,1.0692640692640691,-6.477732793522262,False,,,,,,,Don't bet - bookmaker has edge,Green Bay Packers @ Chicago Bears,2025-12-21T01:20:00Z,1
De'Von Achane,player_rush_longest,17.5,-120.0,draftkings,0.5454545454545454,-110.0,draftkings,0.5238095238095238,1.0692640692640691,-6.477732793522262,False,,,,,,,Don't bet - bookmaker has edge,Cincinnati Bengals @ Miami Dolphins,2025-12-21T18:00:00Z,1
Josh Allen,player_rush_longest,14.5,-110.0,draftkings,0.5238095238095238,-120.0,draftkings,0.5454545454545454,1.0692640692640691,-6.477732793522262,False,,,,,,,Don't bet - bookmaker has edge,Buffalo Bills @ Cleveland Browns,2025-12-21T18:00:00Z,1
Kimani Vidal,player_rush_longest,11.5,-120.0,draftkings,0.5454545454545454,-110.0,draftkings,0.5238095238095238,1.0692640692640691,-6.477732793522262,False,,,,,,,Don't bet - bookmaker has edge,Los Angeles Chargers @ Dallas Cowboys,2025-12-21T18:00:00Z,1
Keenan Allen,player_reception_longest,15.5,-120.0,draftkings,0.5454545454545454,-110.0,draftkings,0.5238095238095238,1.0692640692640691,-6.477732793522262,False,,,,,,,Don't bet - bookmaker has edge,Los Angeles Chargers @ Dallas Cowboys,2025-12-21T18:00:00Z,1
Courtland Sutton,player_reception_longest,21.5,-120.0,draftkings,0.5454545454545454,-110.0,draftkings,0.5238095238095238,1.0692640692640691,-6.477732793522262,False,,,,,,,Don't bet - bookmaker has edge,Jacksonville Jaguars @ Denver Broncos,2025-12-21T21:05:00Z,1
Chigoziem Okonkwo,player_reception_longest,13.5,-120.0,draftkings,0.5454545454545454,-110.0,draftkings,0.5238095238095238,1.0692640692640691,-6.477732793522262,False,,,,,,,Don't bet - bookmaker has edge,Kansas City Chiefs @ Tennessee Titans,2025-12-21T18:00:00Z,1
Stefon Diggs,player_reception_longest,18.5,-110.0,draftkings,0.5238095238095238,-120.0,draftkings,0.5454545454545454,1.0692640692640691,-6.477732793522262,False,,,,,,,Don't bet - bookmaker has edge,New England Patriots @ Baltimore Ravens,2025-12-22T01:20:00Z,1
Ryan Flournoy,player_reception_longest,15.5,-110.0,draftkings,0.5238095238095238,-120.0,draftkings,0.5454545454545454,1.0692640692640691,-6.477732793522262,False,,,,,,,Don't bet - bookmaker has edge,Los Angeles Chargers @ Dallas Cowboys,2025-12-21T18:00:00Z,1
Parker Washington,player_reception_longest,13.5,-120.0,draftkings,0.5454545454545454,-110.0,draftkings,0.5238095238095238,1.0692640692640691,-6.477732793522262,False,,,,,,,Don't bet - bookmaker has edge,Jacksonville Jaguars @ Denver Broncos,2025-12-21T21:05:00Z,1
Ladd McConkey,player_reception_longest,19.5,-120.0,draftkings,0.5454545454545454,-110.0,draftkings,0.5238095238095238,1.0692640692640691,-6.477732793522262,False,,,,,,,Don't bet - bookmaker has edge,Los Angeles Chargers @ Dallas Cowboys,2025-12-21T18:00:00Z,1
Jordan Addison,player_reception_longest,19.5,-120.0,draftkings,0.5454545454545454,-110.0,draftkings,0.5238095238095238,1.0692640692640691,-6.477732793522262,False,,,,,,,Don't bet - bookmaker has edge,Minnesota Vikings @ New York Giants,2025-12-21T18:00:00Z,1
George Pickens,player_reception_longest,22.5,-120.0,draftkings,0.5454545454545454,-110.0,draftkings,0.5238095238095238,1.0692640692640691,-6.477732793522262,False,,,,,,,Don't bet - bookmaker has edge,Los Angeles Chargers @ Dallas Cowboys,2025-12-21T18:00:00Z,1
Evan Engram,player_reception_longest,13.5,-110.0,draftkings,0.5238095238095238,-120.0,draftkings,0.5454545454545454,1.0692640692640691,-6.477732793522262,False,,,,,,,Don't bet - bookmaker has edge,Jacksonville Jaguars @ Denver Broncos,2025-12-21T21:05:00Z,1
Jameson Williams,player_reception_longest,27.5,-112.0,fanduel,0.5283018867924528,-118.0,fanduel,0.5412844036697247,1.0695862904621776,-6.505907104709497,False,,,,,,,Don't bet - bookmaker has edge,Pittsburgh Steelers @ Detroit Lions,2025-12-21T21:25:00Z,1
Jahmyr Gibbs,player_rush_attempts,14.5,-118.0,fanduel,0.5412844036697247,-112.0,fanduel,0.5283018867924528,1.0695862904621776,-6.505907104709497,False,,,,,,,Don't bet - bookmaker has edge,Pittsburgh Steelers @ Detroit Lions,2025-12-21T21:25:00Z,1
Tua Tagovailoa,player_pass_tds,1.5,-146.0,fanduel,0.5934959349593496,110.0,fanduel,0.47619047619047616,1.0696864111498257,-6.514657980456018,False,,,,,,,Don't bet - bookmaker has edge,Cincinnati Bengals @ Miami Dolphins,2025-12-21T18:00:00Z,1
Tetairoa McMillan,player_reception_longest,21.5,-115.0,draftkings,0.5348837209302325,-115.0,draftkings,0.5348837209302325,1.069767441860465,-6.521739130434778,False,,,,,,,Don't bet - bookmaker has edge,Tampa Bay Buccaneers @ Carolina Panthers,2025-12-21T18:00:00Z,1
Zay Flowers,player_reception_longest,23.5,-115.0,draftkings,0.5348837209302325,-115.0,draftkings,0.5348837209302325,1.069767441860465,-6.521739130434778,False,,,,,,,Don't bet - bookmaker has edge,New England Patriots @ Baltimore Ravens,2025-12-22T01:20:00Z,1
Elic Ayomanor,player_reception_longest,14.5,-115.0,draftkings,0.5348837209302325,-115.0,draftkings,0.5348837209302325,1.069767441860465,-6.521739130434778,False,,,,,,,Don't bet - bookmaker has edge,Kansas City Chiefs @ Tennessee Titans,2025-12-21T18:00:00Z,1
AJ Barner,player_reception_yds,31.5,-115.0,betmgm,0.5348837209302325,-115.0,betmgm,0.5348837209302325,1.069767441860465,-6.521739130434778,False,,,,,,,Don't bet - bookmaker has edge,Los Angeles Rams @ Seattle Seahawks,2025-12-19T01:15:00Z,1
Justin Jefferson,player_reception_longest,22.5,-115.0,draftkings,0.5348837209302325,-115.0,draftkings,0.5348837209302325,1.069767441860465,-6.521739130434778,False,,,,,,,Don't bet - bookmaker has edge,Minnesota Vikings @ New York Giants,2025-12-21T18:00:00Z,1
Kimani Vidal,player_reception_longest,9.5,-115.0,draftkings,0.5348837209302325,-115.0,draftkings,0.5348837209302325,1.069767441860465,-6.521739130434778,False,,,,,,,Don't bet - bookmaker has edge,Los Angeles Chargers @ Dallas Cowboys,2025-12-21T18:00:00Z,1
Matthew Stafford,player_pass_yds,224.5,-115.0,betrivers,0.5348837209302325,-115.0,betrivers,0.5348837209302325,1.069767441860465,-6.521739130434778,False,,,,,,,Don't bet - bookmaker has edge,Los Angeles Rams @ Seattle Seahawks,2025-12-19T01:15:00Z,1
AJ Brown,player_reception_longest,24.5,-115.0,draftkings,0.5348837209302325,-115.0,draftkings,0.5348837209302325,1.069767441860465,-6.521739130434778,False,,,,,,,Don't bet - bookmaker has edge,Philadelphia Eagles @ Washington Commanders,2025-12-20T22:00:00Z,1
Tyrone Tracy Jr.,player_rush_longest,11.5,-115.0,draftkings,0.5348837209302325,-115.0,draftkings,0.5348837209302325,1.069767441860465,-6.521739130434778,False,,,,,,,Don't bet - bookmaker has edge,Minnesota Vikings @ New York Giants,2025-12-21T18:00:00Z,1
Matthew Stafford,player_pass_yds,233.5,-115.0,betmgm,0.5348837209302325,-115.0,betmgm,0.5348837209302325,1.069767441860465,-6.521739130434778,False,,,,,,,Don't bet - bookmaker has edge,Los Angeles Rams @ Seattle Seahawks,2025-12-19T01:15:00Z,1
Wan'Dale Robinson,player_reception_longest,20.5,-115.0,draftkings,0.5348837209302325,-115.0,draftkings,0.5348837209302325,1.069767441860465,-6.521739130434778,False,,,,,,,Don't bet - bookmaker has edge,Minnesota Vikings @ New York Giants,2025-12-21T18:00:00Z,1
Tyrone Tracy Jr.,player_reception_longest,9.5,-115.0,draftkings,0.5348837209302325,-115.0,draftkings,0.5348837209302325,1.069767441860465,-6.521739130434778,False,,,,,,,Don't bet - bookmaker has edge,Minnesota Vikings @ New York Giants,2025-12-21T18:00:00Z,1
T.J. Hockenson,player_reception_longest,14.5,-115.0,draftkings,0.5348837209302325,-115.0,draftkings,0.5348837209302325,1.069767441860465,-6.521739130434778,False,,,,,,,Don't bet - bookmaker has edge,Minnesota Vikings @ New York Giants,2025-12-21T18:00:00Z,1
Terry McLaurin,player_reception_longest,23.5,-115.0,draftkings,0.5348837209302325,-115.0,draftkings,0.5348837209302325,1.069767441860465,-6.521739130434778,False,,,,,,,Don't bet - bookmaker has edge,Philadelphia Eagles @ Washington Commanders,2025-12-20T22:00:00Z,1
Rhamondre Stevenson,player_reception_longest,8.5,-115.0,draftkings,0.5348837209302325,-115.0,draftkings,0.5348837209302325,1.069767441860465,-6.521739130434778,False,,,,,,,Don't bet - bookmaker has edge,New England Patriots @ Baltimore Ravens,2025-12-22T01:20:00Z,1
Malik Washington,player_reception_longest,14.5,-115.0,draftkings,0.5348837209302325,-115.0,draftkings,0.5348837209302325,1.069767441860465,-6.521739130434778,False,,,,,,,Don't bet - bookmaker has edge,Cincinnati Bengals @ Miami Dolphins,2025-12-21T18:00:00Z,1
Omarion Hampton,player_reception_longest,8.5,-115.0,draftkings,0.5348837209302325,-115.0,draftkings,0.5348837209302325,1.069767441860465,-6.521739130434778,False,,,,,,,Don't bet - bookmaker has edge,Los Angeles Chargers @ Dallas Cowboys,2025-12-21T18:00:00Z,1
Mack Hollins,player_reception_longest,18.5,-115.0,draftkings,0.5348837209302325,-115.0,draftkings,0.5348837209302325,1.069767441860465,-6.521739130434778,False,,,,,,,Don't bet - bookmaker has edge,New England Patriots @ Baltimore Ravens,2025-12-22T01:20:00Z,1
Rashid Shaheed,player_reception_longest,18.5,-115.0,bovada,0.5348837209302325,-115.0,bovada,0.5348837209302325,1.069767441860465,-6.521739130434778,False,,,,,,,Don't bet - bookmaker has edge,Los Angeles Rams @ Seattle Seahawks,2025-12-19T01:15:00Z,1
Jaylen Waddle,player_reception_longest,22.5,-115.0,draftkings,0.5348837209302325,-115.0,draftkings,0.5348837209302325,1.069767441860465,-6.521739130434778,False,,,,,,,Don't bet - bookmaker has edge,Cincinnati Bengals @ Miami Dolphins,2025-12-21T18:00:00Z,1
Chimere Dike,player_reception_longest,15.5,-115.0,draftkings,0.5348837209302325,-115.0,draftkings,0.5348837209302325,1.069767441860465,-6.521739130434778,False,,,,,,,Don't bet - bookmaker has edge,Kansas City Chiefs @ Tennessee Titans,2025-12-21T18:00:00Z,1
Brian Thomas Jr,player_reception_longest,22.5,-115.0,draftkings,0.5348837209302325,-115.0,draftkings,0.5348837209302325,1.069767441860465,-6.521739130434778,False,,,,,,,Don't bet - bookmaker has edge,Jacksonville Jaguars @ Denver Broncos,2025-12-21T21:05:00Z,1
Derrick Henry,player_rush_longest,19.5,-115.0,draftkings,0.5348837209302325,-115.0,draftkings,0.5348837209302325,1.069767441860465,-6.521739130434778,False,,,,,,,Don't bet - bookmaker has edge,New England Patriots @ Baltimore Ravens,2025-12-22T01:20:00Z,1
CeeDee Lamb,player_reception_longest,24.5,-115.0,draftkings,0.5348837209302325,-115.0,draftkings,0.5348837209302325,1.069767441860465,-6.521739130434778,False,,,,,,,Don't bet - bookmaker has edge,Los Angeles Chargers @ Dallas Cowboys,2025-12-21T18:00:00Z,1
Zach Charbonnet,player_rush_attempts,9.5,-115.0,betmgm,0.5348837209302325,-115.0,betmgm,0.5348837209302325,1.069767441860465,-6.521739130434778,False,,,,,,,Don't bet - bookmaker has edge,Los Angeles Rams @ Seattle Seahawks,2025-12-19T01:15:00Z,1
Bo Nix,player_rush_longest,10.5,-115.0,draftkings,0.5348837209302325,-115.0,draftkings,0.5348837209302325,1.069767441860465,-6.521739130434778,False,,,,,,,Don't bet - bookmaker has edge,Jacksonville Jaguars @ Denver Broncos,2025-12-21T21:05:00Z,1
Drake Maye,player_rush_longest,11.5,-115.0,draftkings,0.5348837209302325,-115.0,draftkings,0.5348837209302325,1.069767441860465,-6.521739130434778,False,,,,,,,Don't bet - bookmaker has edge,New England Patriots @ Baltimore Ravens,2025-12-22T01:20:00Z,1
Rashid Shaheed,player_reception_yds,34.5,-115.0,betmgm,0.5348837209302325,-115.0,betmgm,0.5348837209302325,1.069767441860465,-6.521739130434778,False,,,,,,,Don't bet - bookmaker has edge,Los Angeles Rams @ Seattle Seahawks,2025-12-19T01:15:00Z,1
Davis Allen,player_reception_yds,15.5,-115.0,betmgm,0.5348837209302325,-115.0,betmgm,0.5348837209302325,1.069767441860465,-6.521739130434778,False,,,,,,,Don't bet - bookmaker has edge,Los Angeles Rams @ Seattle Seahawks,2025-12-19T01:15:00Z,1
Jaxon Smith-Njigba,player_reception_yds,89.5,-115.0,betrivers,0.5348837209302325,-115.0,betrivers,0.5348837209302325,1.069767441860465,-6.521739130434778,False,,,,,,,Don't bet - bookmaker has edge,Los Angeles Rams @ Seattle Seahawks,2025-12-19T01:15:00Z,2
Joe Burrow,player_pass_completions,24.5,-106.0,fanduel,0.5145631067961165,-125.0,fanduel,0.5555555555555556,1.070118662351672,-6.552419354838712,False,,,,,,,Don't bet - bookmaker has edge,Cincinnati Bengals @ Miami Dolphins,2025-12-21T18:00:00Z,1
Jared Goff,player_pass_tds,1.5,-215.0,fanduel,0.6825396825396826,158.0,fanduel,0.3875968992248062,1.0701365817644888,-6.553984132459467,False,,,,,,,Don't bet - bookmaker has edge,Pittsburgh Steelers @ Detroit Lions,2025-12-21T21:25:00Z,1
AJ Barner,player_reception_longest,13.5,-130.0,fanduel,0.5652173913043478,-102.0,fanduel,0.504950495049505,1.0701678863538526,-6.556717618664509,False,,,,,,,Don't bet - bookmaker has edge,Los Angeles Rams @ Seattle Seahawks,2025-12-19T01:15:00Z,1
Baker Mayfield,player_pass_attempts,31.5,-129.0,betrivers,0.5633187772925764,-103.0,betrivers,0.5073891625615764,1.0707079398541528,-6.603849399284767,False,,,,,,,Don't bet - bookmaker has edge,Tampa Bay Buccaneers @ Carolina Panthers,2025-12-21T18:00:00Z,1
Joe Burrow,player_pass_tds,1.5,-198.0,fanduel,0.6644295302013423,146.0,fanduel,0.4065040650406504,1.0709335952419927,-6.623528812350332,False,,,,,,,Don't bet - bookmaker has edge,Cincinnati Bengals @ Miami Dolphins,2025-12-21T18:00:00Z,1
Sam Darnold,player_rush_attempts,1.5,-175.0,betmgm,0.6363636363636364,130.0,betmgm,0.43478260869565216,1.0711462450592886,-6.6420664206642055,False,,,,,,,Don't bet - bookmaker has edge,Los Angeles Rams @ Seattle Seahawks,2025-12-19T01:15:00Z,1
Rashid Shaheed,player_reception_yds,32.5,-118.0,betrivers,0.5412844036697247,-113.0,betrivers,0.5305164319248826,1.0718008355946074,-6.699083748593471,False,,,,,,,Don't bet - bookmaker has edge,Los Angeles Rams @ Seattle Seahawks,2025-12-19T01:15:00Z,1
Jacoby Brissett,player_pass_yds,240.5,-114.0,betrivers,0.5327102803738317,-117.0,betrivers,0.5391705069124424,1.0718807872862741,-6.706043072966883,False,,,,,,,Don't bet - bookmaker has edge,Atlanta Falcons @ Arizona Cardinals,2025-12-21T21:05:00Z,1
Trevor Lawrence,player_pass_yds,221.5,-114.0,betrivers,0.5327102803738317,-117.0,betrivers,0.5391705069124424,1.0718807872862741,-6.706043072966883,False,,,,,,,Don't bet - bookmaker has edge,Jacksonville Jaguars @ Denver Broncos,2025-12-21T21:05:00Z,1
Justin Herbert,player_pass_yds,245.5,-114.0,betrivers,0.5327102803738317,-117.0,betrivers,0.5391705069124424,1.0718807872862741,-6.706043072966883,False,,,,,,,Don't bet - bookmaker has edge,Los Angeles Chargers @ Dallas Cowboys,2025-12-21T18:00:00Z,1
Jordan Love,player_pass_yds,230.5,-117.0,betrivers,0.5391705069124424,-114.0,betrivers,0.5327102803738317,1.0718807872862741,-6.706043072966883,False,,,,,,,Don't bet - bookmaker has edge,Green Bay Packers @ Chicago Bears,2025-12-21T01:20:00Z,1
Josh Allen,player_pass_yds,217.5,-117.0,betrivers,0.5391705069124424,-114.0,betrivers,0.5327102803738317,1.0718807872862741,-6.706043072966883,False,,,,,,,Don't bet - bookmaker has edge,Buffalo Bills @ Cleveland Browns,2025-12-21T18:00:00Z,1
J.J. McCarthy,player_pass_yds,187.5,-117.0,betrivers,0.5391705069124424,-114.0,betrivers,0.5327102803738317,1.0718807872862741,-6.706043072966883,False,,,,,,,Don't bet - bookmaker has edge,Minnesota Vikings @ New York Giants,2025-12-21T18:00:00Z,1
Bo Nix,player_pass_yds,233.5,-117.0,betrivers,0.5391705069124424,-114.0,betrivers,0.5327102803738317,1.0718807872862741,-6.706043072966883,False,,,,,,,Don't bet - bookmaker has edge,Jacksonville Jaguars @ Denver Broncos,2025-12-21T21:05:00Z,1
Bryce Young,player_pass_yds,209.5,-114.0,betrivers,0.5327102803738317,-117.0,betrivers,0.5391705069124424,1.0718807872862741,-6.706043072966883,False,,,,,,,Don't bet - bookmaker has edge,Tampa Bay Buccaneers @ Carolina Panthers,2025-12-21T18:00:00Z,1
Jaxson Dart,player_pass_yds,195.5,-114.0,betrivers,0.5327102803738317,-117.0,betrivers,0.5391705069124424,1.0718807872862741,-6.706043072966883,False,,,,,,,Don't bet - bookmaker has edge,Minnesota Vikings @ New York Giants,2025-12-21T18:00:00Z,1
Dak Prescott,player_pass_yds,245.5,-114.0,betrivers,0.5327102803738317,-117.0,betrivers,0.5391705069124424,1.0718807872862741,-6.706043072966883,False,,,,,,,Don't bet - bookmaker has edge,Los Angeles Chargers @ Dallas Cowboys,2025-12-21T18:00:00Z,1
Caleb Williams,player_pass_yds,213.5,-114.0,betrivers,0.5327102803738317,-117.0,betrivers,0.5391705069124424,1.0718807872862741,-6.706043072966883,False,,,,,,,Don't bet - bookmaker has edge,Green Bay Packers @ Chicago Bears,2025-12-21T01:20:00Z,1
Kyren Williams,player_rush_yds,54.5,-117.0,betrivers,0.5391705069124424,-114.0,betrivers,0.5327102803738317,1.0718807872862741,-6.706043072966883,False,,,,,,,Don't bet - bookmaker has edge,Los Angeles Rams @ Seattle Seahawks,2025-12-19T01:15:00Z,1
Puka Nacua,player_reception_yds,95.5,-114.0,betrivers,0.5327102803738317,-117.0,betrivers,0.5391705069124424,1.0718807872862741,-6.706043072966883,False,,,,,,,Don't bet - bookmaker has edge,Los Angeles Rams @ Seattle Seahawks,2025-12-19T01:15:00Z,1
Zach Charbonnet,player_reception_yds,0.5,115.0,betmgm,0.46511627906976744,-155.0,betmgm,0.6078431372549019,1.0729594163246694,-6.7998300042498965,False,,,,,,,Don't bet - bookmaker has edge,Los Angeles Rams @ Seattle Seahawks,2025-12-19T01:15:00Z,1
Davis Allen,player_receptions,1.5,-185.0,betmgm,0.6491228070175439,135.0,betmgm,0.425531914893617,1.0746547219111608,-6.9468565474122945,False,,,,,,,Don't bet - bookmaker has edge,Los Angeles Rams @ Seattle Seahawks,2025-12-19T01:15:00Z,1
Matthew Stafford,player_rush_attempts,1.5,135.0,betmgm,0.425531914893617,-185.0,betmgm,0.6491228070175439,1.0746547219111608,-6.9468565474122945,False,,,,,,,Don't bet - bookmaker has edge,Los Angeles Rams @ Seattle Seahawks,2025-12-19T01:15:00Z,1
Colby Parkinson,player_reception_yds,32.5,-115.0,betmgm,0.5348837209302325,-118.0,betmgm,0.5412844036697247,1.0761681245999573,-7.077716098334652,False,,,,,,,Don't bet - bookmaker has edge,Los Angeles Rams @ Seattle Seahawks,2025-12-19T01:15:00Z,1
