sport,bookmaker,team,odds
NFL,fanduel,Los Angeles Rams,360
NFL,fanduel,Seattle Seahawks,700
NFL,fanduel,Denver Broncos,850
NFL,fanduel,Buffalo Bills,850
NFL,fanduel,Philadelphia Eagles,900
NFL,fanduel,Green Bay Packers,1100
NFL,fanduel,New England Patriots,1200
NFL,fanduel,Houston Texans,1300
NFL,fanduel,San Francisco 49ers,2000
NFL,fanduel,Jacksonville Jaguars,2200
NFL,fanduel,Baltimore Ravens,2200
NFL,fanduel,Detroit Lions,2500
NFL,fanduel,Los Angeles Chargers,2700
NFL,fanduel,Chicago Bears,2700
NFL,fanduel,Tampa Bay Buccaneers,4000
NFL,fanduel,Pittsburgh Steelers,6000
NFL,fanduel,Carolina Panthers,20000
NFL,fanduel,Indianapolis Colts,40000
NFL,fanduel,Dallas Cowboys,100000
NFL,betonlineag,Los Angeles Rams,340
NFL,betonlineag,Seattle Seahawks,700
NFL,betonlineag,Denver Broncos,750
NFL,betonlineag,Buffalo Bills,800
NFL,betonlineag,Philadelphia Eagles,1100
NFL,betonlineag,Green Bay Packers,1200
NFL,betonlineag,Houston Texans,1200
NFL,betonlineag,New England Patriots,1200
NFL,betonlineag,Jacksonville Jaguars,1800
NFL,betonlineag,Baltimore Ravens,2000
NFL,betonlineag,San Francisco 49ers,2000
NFL,betonlineag,Los Angeles Chargers,2200
NFL,betonlineag,Chicago Bears,2800
NFL,betonlineag,Detroit Lions,2800
NFL,betonlineag,Pittsburgh Steelers,5000
NFL,betonlineag,Tampa Bay Buccaneers,5000
NFL,betonlineag,Carolina Panthers,25000
NFL,betonlineag,Indianapolis Colts,30000
NFL,betonlineag,Dallas Cowboys,50000
NFL,betrivers,Los Angeles Rams,350
NFL,betrivers,Seattle Seahawks,700
NFL,betrivers,Buffalo Bills,800
NFL,betrivers,Denver Broncos,850
NFL,betrivers,Philadelphia Eagles,1100
NFL,betrivers,Green Bay Packers,1200
NFL,betrivers,Houston Texans,1200
NFL,betrivers,New England Patriots,1300
NFL,betrivers,Jacksonville Jaguars,1800
NFL,betrivers,San Francisco 49ers,2000
NFL,betrivers,Baltimore Ravens,2200
NFL,betrivers,Los Angeles Chargers,2200
NFL,betrivers,Chicago Bears,3000
NFL,betrivers,Detroit Lions,3000
NFL,betrivers,Tampa Bay Buccaneers,5000
NFL,betrivers,Pittsburgh Steelers,6000
NFL,betrivers,Carolina Panthers,25000
NFL,betrivers,Indianapolis Colts,30000
NFL,betrivers,Dallas Cowboys,50000
NFL,draftkings,Los Angeles Rams,320
NFL,draftkings,Seattle Seahawks,650
NFL,draftkings,Denver Broncos,800
NFL,draftkings,Buffalo Bills,800
NFL,draftkings,Philadelphia Eagles,1100
NFL,draftkings,Houston Texans,1100
NFL,draftkings,New England Patriots,1500
NFL,draftkings,Green Bay Packers,1500
NFL,draftkings,Jacksonville Jaguars,1600
NFL,draftkings,San Francisco 49ers,2200
NFL,draftkings,Los Angeles Chargers,2200
NFL,draftkings,Baltimore Ravens,2200
NFL,draftkings,Detroit Lions,3000
NFL,draftkings,Chicago Bears,3000
NFL,draftkings,Tampa Bay Buccaneers,5000
NFL,draftkings,Pittsburgh Steelers,7000
NFL,draftkings,Carolina Panthers,30000
NFL,draftkings,Indianapolis Colts,40000
NFL,draftkings,Dallas Cowboys,100000
NFL,bovada,Los Angeles Rams,300
NFL,bovada,Seattle Seahawks,680
NFL,bovada,Denver Broncos,700
NFL,bovada,Buffalo Bills,770
NFL,bovada,Philadelphia Eagles,1100
NFL,bovada,Houston Texans,1200
NFL,bovada,New England Patriots,1400
NFL,bovada,Green Bay Packers,1500
NFL,bovada,Jacksonville Jaguars,1500
NFL,bovada,Los Angeles Chargers,2000
NFL,bovada,San Francisco 49ers,2200
NFL,bovada,Baltimore Ravens,2200
NFL,bovada,Detroit Lions,2900
NFL,bovada,Chicago Bears,3400
NFL,bovada,Tampa Bay Buccaneers,5500
NFL,bovada,Pittsburgh Steelers,6000
NFL,bovada,Carolina Panthers,20000
NFL,bovada,Indianapolis Colts,30000
NFL,bovada,Dallas Cowboys,70000
NFL,betmgm,Los Angeles Rams,350
NFL,betmgm,Seattle Seahawks,700
NFL,betmgm,Buffalo Bills,800
NFL,betmgm,Denver Broncos,850
NFL,betmgm,Philadelphia Eagles,1100
NFL,betmgm,Houston Texans,1300
NFL,betmgm,New England Patriots,1300
NFL,betmgm,Green Bay Packers,1400
NFL,betmgm,Jacksonville Jaguars,1800
NFL,betmgm,San Francisco 49ers,2000
NFL,betmgm,Baltimore Ravens,2200
NFL,betmgm,Los Angeles Chargers,2200
NFL,betmgm,Chicago Bears,3000
NFL,betmgm,Detroit Lions,3000
NFL,betmgm,Tampa Bay Buccaneers,5000
NFL,betmgm,Pittsburgh Steelers,6600
NFL,betmgm,Carolina Panthers,30000
NFL,betmgm,Dallas Cowboys,50000
NFL,betmgm,Indianapolis Colts,50000
NFL,lowvig,Los Angeles Rams,340
NFL,lowvig,Seattle Seahawks,700
NFL,lowvig,Denver Broncos,750
NFL,lowvig,Buffalo Bills,800
NFL,lowvig,Philadelphia Eagles,1100
NFL,lowvig,Green Bay Packers,1200
NFL,lowvig,Houston Texans,1200
NFL,lowvig,New England Patriots,1200
NFL,lowvig,Jacksonville Jaguars,1800
NFL,lowvig,Baltimore Ravens,2000
NFL,lowvig,San Francisco 49ers,2000
NFL,lowvig,Los Angeles Chargers,2200
NFL,lowvig,Chicago Bears,2800
NFL,lowvig,Detroit Lions,2800
NFL,lowvig,Pittsburgh Steelers,5000
NFL,lowvig,Tampa Bay Buccaneers,5000
NFL,lowvig,Carolina Panthers,25000
NFL,lowvig,Indianapolis Colts,30000
NFL,lowvig,Dallas Cowboys,50000
