player,away_team,home_team,game_time,market,prop_line,over_odds,under_odds,bookmaker,bookmaker_last_update,market_last_update,fetch_date,season,odds_api_event_id
Brandon Miller,Sacramento Kings,Charlotte Hornets,2026-03-24T23:11:00Z,player_rebounds,3.5,-144,108,fanduel,,2026-03-24T23:20:43Z,20260324T232108Z,2025-26,c4901bf9c9ebf81236d22ca4626b5a31
Miles Bridges,Sacramento Kings,Charlotte Hornets,2026-03-24T23:11:00Z,player_rebounds,4.5,-166,124,fanduel,,2026-03-24T23:20:43Z,20260324T232108Z,2025-26,c4901bf9c9ebf81236d22ca4626b5a31
LaMelo Ball,Sacramento Kings,Charlotte Hornets,2026-03-24T23:11:00Z,player_rebounds,5.5,104,-138,fanduel,,2026-03-24T23:20:43Z,20260324T232108Z,2025-26,c4901bf9c9ebf81236d22ca4626b5a31
Moussa Diabate,Sacramento Kings,Charlotte Hornets,2026-03-24T23:11:00Z,player_rebounds,10.5,-146,110,fanduel,,2026-03-24T23:20:43Z,20260324T232108Z,2025-26,c4901bf9c9ebf81236d22ca4626b5a31
Malik Monk,Sacramento Kings,Charlotte Hornets,2026-03-24T23:11:00Z,player_rebounds,2.5,-104,-128,fanduel,,2026-03-24T23:20:43Z,20260324T232108Z,2025-26,c4901bf9c9ebf81236d22ca4626b5a31
Ryan Kalkbrenner,Sacramento Kings,Charlotte Hornets,2026-03-24T23:11:00Z,player_rebounds,4.5,-118,-112,fanduel,,2026-03-24T23:20:43Z,20260324T232108Z,2025-26,c4901bf9c9ebf81236d22ca4626b5a31
Dylan Cardwell,Sacramento Kings,Charlotte Hornets,2026-03-24T23:11:00Z,player_rebounds,8.5,-114,-114,fanduel,,2026-03-24T23:20:43Z,20260324T232108Z,2025-26,c4901bf9c9ebf81236d22ca4626b5a31
Kon Knueppel,Sacramento Kings,Charlotte Hornets,2026-03-24T23:11:00Z,player_rebounds,4.5,-130,-102,fanduel,,2026-03-24T23:20:43Z,20260324T232108Z,2025-26,c4901bf9c9ebf81236d22ca4626b5a31
DeMar DeRozan,Sacramento Kings,Charlotte Hornets,2026-03-24T23:11:00Z,player_rebounds,2.5,124,-166,fanduel,,2026-03-24T23:20:43Z,20260324T232108Z,2025-26,c4901bf9c9ebf81236d22ca4626b5a31
Grant Williams,Sacramento Kings,Charlotte Hornets,2026-03-24T23:11:00Z,player_rebounds,3.5,122,-162,fanduel,,2026-03-24T23:20:43Z,20260324T232108Z,2025-26,c4901bf9c9ebf81236d22ca4626b5a31
Moussa Diabate,Sacramento Kings,Charlotte Hornets,2026-03-24T23:11:00Z,player_rebounds,11.5,110,-140,draftkings,,2026-03-24T23:19:24Z,20260324T232108Z,2025-26,c4901bf9c9ebf81236d22ca4626b5a31
Maxime Raynaud,Sacramento Kings,Charlotte Hornets,2026-03-24T23:11:00Z,player_rebounds,8.5,-125,-105,draftkings,,2026-03-24T23:19:24Z,20260324T232108Z,2025-26,c4901bf9c9ebf81236d22ca4626b5a31
Dylan Cardwell,Sacramento Kings,Charlotte Hornets,2026-03-24T23:11:00Z,player_rebounds,8.5,-120,-110,draftkings,,2026-03-24T23:19:24Z,20260324T232108Z,2025-26,c4901bf9c9ebf81236d22ca4626b5a31
LaMelo Ball,Sacramento Kings,Charlotte Hornets,2026-03-24T23:11:00Z,player_rebounds,5.5,100,-130,draftkings,,2026-03-24T23:19:24Z,20260324T232108Z,2025-26,c4901bf9c9ebf81236d22ca4626b5a31
Devin Carter,Sacramento Kings,Charlotte Hornets,2026-03-24T23:11:00Z,player_rebounds,5.5,105,-135,draftkings,,2026-03-24T23:19:24Z,20260324T232108Z,2025-26,c4901bf9c9ebf81236d22ca4626b5a31
Miles Bridges,Sacramento Kings,Charlotte Hornets,2026-03-24T23:11:00Z,player_rebounds,4.5,-140,110,draftkings,,2026-03-24T23:19:24Z,20260324T232108Z,2025-26,c4901bf9c9ebf81236d22ca4626b5a31
Ryan Kalkbrenner,Sacramento Kings,Charlotte Hornets,2026-03-24T23:11:00Z,player_rebounds,4.5,-135,105,draftkings,,2026-03-24T23:19:24Z,20260324T232108Z,2025-26,c4901bf9c9ebf81236d22ca4626b5a31
Kon Knueppel,Sacramento Kings,Charlotte Hornets,2026-03-24T23:11:00Z,player_rebounds,4.5,-110,-120,draftkings,,2026-03-24T23:19:24Z,20260324T232108Z,2025-26,c4901bf9c9ebf81236d22ca4626b5a31
Brandon Miller,Sacramento Kings,Charlotte Hornets,2026-03-24T23:11:00Z,player_rebounds,3.5,-154,120,draftkings,,2026-03-24T23:19:24Z,20260324T232108Z,2025-26,c4901bf9c9ebf81236d22ca4626b5a31
Grant Williams,Sacramento Kings,Charlotte Hornets,2026-03-24T23:11:00Z,player_rebounds,3.5,114,-145,draftkings,,2026-03-24T23:19:24Z,20260324T232108Z,2025-26,c4901bf9c9ebf81236d22ca4626b5a31
Malik Monk,Sacramento Kings,Charlotte Hornets,2026-03-24T23:11:00Z,player_rebounds,2.5,-135,105,draftkings,,2026-03-24T23:19:24Z,20260324T232108Z,2025-26,c4901bf9c9ebf81236d22ca4626b5a31
DeMar DeRozan,Sacramento Kings,Charlotte Hornets,2026-03-24T23:11:00Z,player_rebounds,2.5,110,-140,draftkings,,2026-03-24T23:19:24Z,20260324T232108Z,2025-26,c4901bf9c9ebf81236d22ca4626b5a31
Ryan Kalkbrenner,Sacramento Kings,Charlotte Hornets,2026-03-24T23:11:00Z,player_rebounds,4.5,-117,-115,betrivers,,2026-03-24T23:09:54Z,20260324T232108Z,2025-26,c4901bf9c9ebf81236d22ca4626b5a31
Moussa Diabate,Sacramento Kings,Charlotte Hornets,2026-03-24T23:11:00Z,player_rebounds,10.5,108,-148,betrivers,,2026-03-24T23:09:54Z,20260324T232108Z,2025-26,c4901bf9c9ebf81236d22ca4626b5a31
Kon Knueppel,Sacramento Kings,Charlotte Hornets,2026-03-24T23:11:00Z,player_rebounds,4.5,-113,-120,betrivers,,2026-03-24T23:09:54Z,20260324T232108Z,2025-26,c4901bf9c9ebf81236d22ca4626b5a31
Brandon Miller,Sacramento Kings,Charlotte Hornets,2026-03-24T23:11:00Z,player_rebounds,4.5,-130,-105,betrivers,,2026-03-24T23:09:54Z,20260324T232108Z,2025-26,c4901bf9c9ebf81236d22ca4626b5a31
Miles Bridges,Sacramento Kings,Charlotte Hornets,2026-03-24T23:11:00Z,player_rebounds,5.5,100,-136,betrivers,,2026-03-24T23:09:54Z,20260324T232108Z,2025-26,c4901bf9c9ebf81236d22ca4626b5a31
LaMelo Ball,Sacramento Kings,Charlotte Hornets,2026-03-24T23:11:00Z,player_rebounds,4.5,-109,-125,betrivers,,2026-03-24T23:09:54Z,20260324T232108Z,2025-26,c4901bf9c9ebf81236d22ca4626b5a31
Maxime Raynaud,Sacramento Kings,Charlotte Hornets,2026-03-24T23:11:00Z,player_rebounds,9.5,100,-136,betrivers,,2026-03-24T23:09:54Z,20260324T232108Z,2025-26,c4901bf9c9ebf81236d22ca4626b5a31
Devin Carter,Sacramento Kings,Charlotte Hornets,2026-03-24T23:11:00Z,player_rebounds,5.5,-106,-129,betrivers,,2026-03-24T23:09:54Z,20260324T232108Z,2025-26,c4901bf9c9ebf81236d22ca4626b5a31
Dylan Cardwell,Sacramento Kings,Charlotte Hornets,2026-03-24T23:11:00Z,player_rebounds,8.5,-110,-124,betrivers,,2026-03-24T23:09:54Z,20260324T232108Z,2025-26,c4901bf9c9ebf81236d22ca4626b5a31
LaMelo Ball,Sacramento Kings,Charlotte Hornets,2026-03-24T23:11:00Z,player_rebounds,4.5,-101,-128,betonlineag,,2026-03-24T23:10:58Z,20260324T232108Z,2025-26,c4901bf9c9ebf81236d22ca4626b5a31
Miles Bridges,Sacramento Kings,Charlotte Hornets,2026-03-24T23:11:00Z,player_rebounds,5.5,115,-149,betonlineag,,2026-03-24T23:10:58Z,20260324T232108Z,2025-26,c4901bf9c9ebf81236d22ca4626b5a31
Malik Monk,Sacramento Kings,Charlotte Hornets,2026-03-24T23:11:00Z,player_rebounds,2.5,-143,110,betonlineag,,2026-03-24T23:10:58Z,20260324T232108Z,2025-26,c4901bf9c9ebf81236d22ca4626b5a31
Grant Williams,Sacramento Kings,Charlotte Hornets,2026-03-24T23:11:00Z,player_rebounds,3.5,118,-154,betonlineag,,2026-03-24T23:10:58Z,20260324T232108Z,2025-26,c4901bf9c9ebf81236d22ca4626b5a31
DeMar DeRozan,Sacramento Kings,Charlotte Hornets,2026-03-24T23:11:00Z,player_rebounds,2.5,-143,110,betonlineag,,2026-03-24T23:10:58Z,20260324T232108Z,2025-26,c4901bf9c9ebf81236d22ca4626b5a31
Kon Knueppel,Sacramento Kings,Charlotte Hornets,2026-03-24T23:11:00Z,player_rebounds,4.5,-112,-115,betonlineag,,2026-03-24T23:10:58Z,20260324T232108Z,2025-26,c4901bf9c9ebf81236d22ca4626b5a31
Ryan Kalkbrenner,Sacramento Kings,Charlotte Hornets,2026-03-24T23:11:00Z,player_rebounds,4.5,-127,-102,betonlineag,,2026-03-24T23:10:58Z,20260324T232108Z,2025-26,c4901bf9c9ebf81236d22ca4626b5a31
Coby White,Sacramento Kings,Charlotte Hornets,2026-03-24T23:11:00Z,player_rebounds,2.5,110,-143,betonlineag,,2026-03-24T23:10:58Z,20260324T232108Z,2025-26,c4901bf9c9ebf81236d22ca4626b5a31
Maxime Raynaud,Sacramento Kings,Charlotte Hornets,2026-03-24T23:11:00Z,player_rebounds,9.5,102,-132,betonlineag,,2026-03-24T23:10:58Z,20260324T232108Z,2025-26,c4901bf9c9ebf81236d22ca4626b5a31
Moussa Diabate,Sacramento Kings,Charlotte Hornets,2026-03-24T23:11:00Z,player_rebounds,10.5,110,-143,betonlineag,,2026-03-24T23:10:58Z,20260324T232108Z,2025-26,c4901bf9c9ebf81236d22ca4626b5a31
Brandon Miller,Sacramento Kings,Charlotte Hornets,2026-03-24T23:11:00Z,player_rebounds,4.5,-125,-103,betonlineag,,2026-03-24T23:10:58Z,20260324T232108Z,2025-26,c4901bf9c9ebf81236d22ca4626b5a31
Devin Carter,Sacramento Kings,Charlotte Hornets,2026-03-24T23:11:00Z,player_rebounds,5.5,103,-133,betonlineag,,2026-03-24T23:10:58Z,20260324T232108Z,2025-26,c4901bf9c9ebf81236d22ca4626b5a31
Dylan Cardwell,Sacramento Kings,Charlotte Hornets,2026-03-24T23:11:00Z,player_rebounds,8.5,-102,-127,betonlineag,,2026-03-24T23:10:58Z,20260324T232108Z,2025-26,c4901bf9c9ebf81236d22ca4626b5a31
Brandon Miller,Sacramento Kings,Charlotte Hornets,2026-03-24T23:11:00Z,player_rebounds,4.5,-170,130,bovada,,2026-03-24T23:15:49Z,20260324T232108Z,2025-26,c4901bf9c9ebf81236d22ca4626b5a31
Brandon Miller,Sacramento Kings,Charlotte Hornets,2026-03-24T23:11:00Z,player_rebounds,5.5,110,-145,bovada,,2026-03-24T23:15:49Z,20260324T232108Z,2025-26,c4901bf9c9ebf81236d22ca4626b5a31
Brandon Miller,Sacramento Kings,Charlotte Hornets,2026-03-24T23:11:00Z,player_rebounds,6.5,200,-275,bovada,,2026-03-24T23:15:49Z,20260324T232108Z,2025-26,c4901bf9c9ebf81236d22ca4626b5a31
Grant Williams,Sacramento Kings,Charlotte Hornets,2026-03-24T23:11:00Z,player_rebounds,2.5,-220,165,bovada,,2026-03-24T23:15:49Z,20260324T232108Z,2025-26,c4901bf9c9ebf81236d22ca4626b5a31
Grant Williams,Sacramento Kings,Charlotte Hornets,2026-03-24T23:11:00Z,player_rebounds,3.5,105,-135,bovada,,2026-03-24T23:15:49Z,20260324T232108Z,2025-26,c4901bf9c9ebf81236d22ca4626b5a31
Grant Williams,Sacramento Kings,Charlotte Hornets,2026-03-24T23:11:00Z,player_rebounds,4.5,215,-300,bovada,,2026-03-24T23:15:49Z,20260324T232108Z,2025-26,c4901bf9c9ebf81236d22ca4626b5a31
Kon Knueppel,Sacramento Kings,Charlotte Hornets,2026-03-24T23:11:00Z,player_rebounds,3.5,-220,165,bovada,,2026-03-24T23:15:49Z,20260324T232108Z,2025-26,c4901bf9c9ebf81236d22ca4626b5a31
Kon Knueppel,Sacramento Kings,Charlotte Hornets,2026-03-24T23:11:00Z,player_rebounds,4.5,-105,-125,bovada,,2026-03-24T23:15:49Z,20260324T232108Z,2025-26,c4901bf9c9ebf81236d22ca4626b5a31
Kon Knueppel,Sacramento Kings,Charlotte Hornets,2026-03-24T23:11:00Z,player_rebounds,5.5,180,-245,bovada,,2026-03-24T23:15:49Z,20260324T232108Z,2025-26,c4901bf9c9ebf81236d22ca4626b5a31
LaMelo Ball,Sacramento Kings,Charlotte Hornets,2026-03-24T23:11:00Z,player_rebounds,3.5,-240,175,bovada,,2026-03-24T23:15:49Z,20260324T232108Z,2025-26,c4901bf9c9ebf81236d22ca4626b5a31
LaMelo Ball,Sacramento Kings,Charlotte Hornets,2026-03-24T23:11:00Z,player_rebounds,4.5,-115,-115,bovada,,2026-03-24T23:15:49Z,20260324T232108Z,2025-26,c4901bf9c9ebf81236d22ca4626b5a31
LaMelo Ball,Sacramento Kings,Charlotte Hornets,2026-03-24T23:11:00Z,player_rebounds,5.5,165,-220,bovada,,2026-03-24T23:15:49Z,20260324T232108Z,2025-26,c4901bf9c9ebf81236d22ca4626b5a31
Maxime Raynaud,Sacramento Kings,Charlotte Hornets,2026-03-24T23:11:00Z,player_rebounds,7.5,-230,170,bovada,,2026-03-24T23:15:49Z,20260324T232108Z,2025-26,c4901bf9c9ebf81236d22ca4626b5a31
Maxime Raynaud,Sacramento Kings,Charlotte Hornets,2026-03-24T23:11:00Z,player_rebounds,8.5,-135,105,bovada,,2026-03-24T23:15:49Z,20260324T232108Z,2025-26,c4901bf9c9ebf81236d22ca4626b5a31
Maxime Raynaud,Sacramento Kings,Charlotte Hornets,2026-03-24T23:11:00Z,player_rebounds,9.5,120,-160,bovada,,2026-03-24T23:15:49Z,20260324T232108Z,2025-26,c4901bf9c9ebf81236d22ca4626b5a31
Maxime Raynaud,Sacramento Kings,Charlotte Hornets,2026-03-24T23:11:00Z,player_rebounds,10.5,185,-250,bovada,,2026-03-24T23:15:49Z,20260324T232108Z,2025-26,c4901bf9c9ebf81236d22ca4626b5a31
Miles Bridges,Sacramento Kings,Charlotte Hornets,2026-03-24T23:11:00Z,player_rebounds,4.5,-165,125,bovada,,2026-03-24T23:15:49Z,20260324T232108Z,2025-26,c4901bf9c9ebf81236d22ca4626b5a31
Miles Bridges,Sacramento Kings,Charlotte Hornets,2026-03-24T23:11:00Z,player_rebounds,5.5,115,-150,bovada,,2026-03-24T23:15:49Z,20260324T232108Z,2025-26,c4901bf9c9ebf81236d22ca4626b5a31
Miles Bridges,Sacramento Kings,Charlotte Hornets,2026-03-24T23:11:00Z,player_rebounds,6.5,205,-280,bovada,,2026-03-24T23:15:49Z,20260324T232108Z,2025-26,c4901bf9c9ebf81236d22ca4626b5a31
Moussa Diabate,Sacramento Kings,Charlotte Hornets,2026-03-24T23:11:00Z,player_rebounds,8.5,-215,160,bovada,,2026-03-24T23:15:49Z,20260324T232108Z,2025-26,c4901bf9c9ebf81236d22ca4626b5a31
Moussa Diabate,Sacramento Kings,Charlotte Hornets,2026-03-24T23:11:00Z,player_rebounds,9.5,-130,100,bovada,,2026-03-24T23:15:49Z,20260324T232108Z,2025-26,c4901bf9c9ebf81236d22ca4626b5a31
Moussa Diabate,Sacramento Kings,Charlotte Hornets,2026-03-24T23:11:00Z,player_rebounds,10.5,120,-160,bovada,,2026-03-24T23:15:49Z,20260324T232108Z,2025-26,c4901bf9c9ebf81236d22ca4626b5a31
Moussa Diabate,Sacramento Kings,Charlotte Hornets,2026-03-24T23:11:00Z,player_rebounds,11.5,185,-250,bovada,,2026-03-24T23:15:49Z,20260324T232108Z,2025-26,c4901bf9c9ebf81236d22ca4626b5a31
Precious Achiuwa,Sacramento Kings,Charlotte Hornets,2026-03-24T23:11:00Z,player_rebounds,7.5,-170,130,bovada,,2026-03-24T23:15:49Z,20260324T232108Z,2025-26,c4901bf9c9ebf81236d22ca4626b5a31
Precious Achiuwa,Sacramento Kings,Charlotte Hornets,2026-03-24T23:11:00Z,player_rebounds,8.5,100,-130,bovada,,2026-03-24T23:15:49Z,20260324T232108Z,2025-26,c4901bf9c9ebf81236d22ca4626b5a31
Precious Achiuwa,Sacramento Kings,Charlotte Hornets,2026-03-24T23:11:00Z,player_rebounds,9.5,160,-215,bovada,,2026-03-24T23:15:49Z,20260324T232108Z,2025-26,c4901bf9c9ebf81236d22ca4626b5a31
Ryan Kalkbrenner,Sacramento Kings,Charlotte Hornets,2026-03-24T23:11:00Z,player_rebounds,3.5,-260,190,bovada,,2026-03-24T23:15:49Z,20260324T232108Z,2025-26,c4901bf9c9ebf81236d22ca4626b5a31
Ryan Kalkbrenner,Sacramento Kings,Charlotte Hornets,2026-03-24T23:11:00Z,player_rebounds,4.5,-125,-105,bovada,,2026-03-24T23:15:49Z,20260324T232108Z,2025-26,c4901bf9c9ebf81236d22ca4626b5a31
Ryan Kalkbrenner,Sacramento Kings,Charlotte Hornets,2026-03-24T23:11:00Z,player_rebounds,5.5,150,-200,bovada,,2026-03-24T23:15:49Z,20260324T232108Z,2025-26,c4901bf9c9ebf81236d22ca4626b5a31
Sion James,Sacramento Kings,Charlotte Hornets,2026-03-24T23:11:00Z,player_rebounds,2.5,-220,165,bovada,,2026-03-24T23:15:49Z,20260324T232108Z,2025-26,c4901bf9c9ebf81236d22ca4626b5a31
Sion James,Sacramento Kings,Charlotte Hornets,2026-03-24T23:11:00Z,player_rebounds,3.5,105,-135,bovada,,2026-03-24T23:15:49Z,20260324T232108Z,2025-26,c4901bf9c9ebf81236d22ca4626b5a31
Sion James,Sacramento Kings,Charlotte Hornets,2026-03-24T23:11:00Z,player_rebounds,4.5,215,-300,bovada,,2026-03-24T23:15:49Z,20260324T232108Z,2025-26,c4901bf9c9ebf81236d22ca4626b5a31
Maxime Raynaud,Sacramento Kings,Charlotte Hornets,2026-03-24T23:11:00Z,player_rebounds,8.5,-115,-115,fanatics,,2026-03-24T23:21:00Z,20260324T232108Z,2025-26,c4901bf9c9ebf81236d22ca4626b5a31
Brandon Miller,Sacramento Kings,Charlotte Hornets,2026-03-24T23:11:00Z,player_rebounds,3.5,-148,111,williamhill_us,,2026-03-24T23:20:22Z,20260324T232108Z,2025-26,c4901bf9c9ebf81236d22ca4626b5a31
Kon Knueppel,Sacramento Kings,Charlotte Hornets,2026-03-24T23:11:00Z,player_rebounds,4.5,-121,-110,williamhill_us,,2026-03-24T23:20:22Z,20260324T232108Z,2025-26,c4901bf9c9ebf81236d22ca4626b5a31
Ryan Kalkbrenner,Sacramento Kings,Charlotte Hornets,2026-03-24T23:11:00Z,player_rebounds,4.5,-132,-102,williamhill_us,,2026-03-24T23:20:22Z,20260324T232108Z,2025-26,c4901bf9c9ebf81236d22ca4626b5a31
Miles Bridges,Sacramento Kings,Charlotte Hornets,2026-03-24T23:11:00Z,player_rebounds,4.5,-152,115,williamhill_us,,2026-03-24T23:20:22Z,20260324T232108Z,2025-26,c4901bf9c9ebf81236d22ca4626b5a31
Moussa Diabate,Sacramento Kings,Charlotte Hornets,2026-03-24T23:11:00Z,player_rebounds,10.5,-145,109,williamhill_us,,2026-03-24T23:20:22Z,20260324T232108Z,2025-26,c4901bf9c9ebf81236d22ca4626b5a31
Grant Williams,Sacramento Kings,Charlotte Hornets,2026-03-24T23:11:00Z,player_rebounds,3.5,115,-154,williamhill_us,,2026-03-24T23:20:22Z,20260324T232108Z,2025-26,c4901bf9c9ebf81236d22ca4626b5a31
Maxime Raynaud,Sacramento Kings,Charlotte Hornets,2026-03-24T23:11:00Z,player_rebounds,8.5,-114,-117,williamhill_us,,2026-03-24T23:20:22Z,20260324T232108Z,2025-26,c4901bf9c9ebf81236d22ca4626b5a31
Devin Carter,Sacramento Kings,Charlotte Hornets,2026-03-24T23:11:00Z,player_rebounds,5.5,107,-143,williamhill_us,,2026-03-24T23:20:22Z,20260324T232108Z,2025-26,c4901bf9c9ebf81236d22ca4626b5a31
Dylan Cardwell,Sacramento Kings,Charlotte Hornets,2026-03-24T23:11:00Z,player_rebounds,8.5,-114,-117,williamhill_us,,2026-03-24T23:20:22Z,20260324T232108Z,2025-26,c4901bf9c9ebf81236d22ca4626b5a31
Miles Bridges,Sacramento Kings,Charlotte Hornets,2026-03-24T23:11:00Z,player_rebounds,5.5,-105,-125,betmgm,,2026-03-24T23:09:23Z,20260324T232108Z,2025-26,c4901bf9c9ebf81236d22ca4626b5a31
LaMelo Ball,Sacramento Kings,Charlotte Hornets,2026-03-24T23:11:00Z,player_rebounds,4.5,-115,-115,betmgm,,2026-03-24T23:09:23Z,20260324T232108Z,2025-26,c4901bf9c9ebf81236d22ca4626b5a31
Kon Knueppel,Sacramento Kings,Charlotte Hornets,2026-03-24T23:11:00Z,player_rebounds,4.5,-120,-110,betmgm,,2026-03-24T23:09:23Z,20260324T232108Z,2025-26,c4901bf9c9ebf81236d22ca4626b5a31
Maxime Raynaud,Sacramento Kings,Charlotte Hornets,2026-03-24T23:11:00Z,player_rebounds,9.5,100,-135,betmgm,,2026-03-24T23:09:23Z,20260324T232108Z,2025-26,c4901bf9c9ebf81236d22ca4626b5a31
Ryan Kalkbrenner,Sacramento Kings,Charlotte Hornets,2026-03-24T23:11:00Z,player_rebounds,4.5,-135,100,betmgm,,2026-03-24T23:09:23Z,20260324T232108Z,2025-26,c4901bf9c9ebf81236d22ca4626b5a31
Devin Carter,Sacramento Kings,Charlotte Hornets,2026-03-24T23:11:00Z,player_rebounds,5.5,-105,-125,betmgm,,2026-03-24T23:09:23Z,20260324T232108Z,2025-26,c4901bf9c9ebf81236d22ca4626b5a31
Dylan Cardwell,Sacramento Kings,Charlotte Hornets,2026-03-24T23:11:00Z,player_rebounds,8.5,-111,-118,betmgm,,2026-03-24T23:09:23Z,20260324T232108Z,2025-26,c4901bf9c9ebf81236d22ca4626b5a31
Moussa Diabate,Sacramento Kings,Charlotte Hornets,2026-03-24T23:11:00Z,player_rebounds,9.5,-145,105,betmgm,,2026-03-24T23:09:23Z,20260324T232108Z,2025-26,c4901bf9c9ebf81236d22ca4626b5a31
Brandon Miller,Sacramento Kings,Charlotte Hornets,2026-03-24T23:11:00Z,player_rebounds,4.5,-155,115,betmgm,,2026-03-24T23:09:23Z,20260324T232108Z,2025-26,c4901bf9c9ebf81236d22ca4626b5a31
Grant Williams,Sacramento Kings,Charlotte Hornets,2026-03-24T23:11:00Z,player_rebounds,3.5,100,-135,betmgm,,2026-03-24T23:09:23Z,20260324T232108Z,2025-26,c4901bf9c9ebf81236d22ca4626b5a31
OG Anunoby,New Orleans Pelicans,New York Knicks,2026-03-24T23:40:00Z,player_rebounds,4.5,-130,102,fanduel,,2026-03-24T23:20:59Z,20260324T232108Z,2025-26,3ffbb865981907829bb58d7f86351ba0
Saddiq Bey,New Orleans Pelicans,New York Knicks,2026-03-24T23:40:00Z,player_rebounds,5.5,106,-136,fanduel,,2026-03-24T23:20:59Z,20260324T232108Z,2025-26,3ffbb865981907829bb58d7f86351ba0
Derik Queen,New Orleans Pelicans,New York Knicks,2026-03-24T23:40:00Z,player_rebounds,4.5,134,-172,fanduel,,2026-03-24T23:20:59Z,20260324T232108Z,2025-26,3ffbb865981907829bb58d7f86351ba0
Zion Williamson,New Orleans Pelicans,New York Knicks,2026-03-24T23:40:00Z,player_rebounds,5.5,-113,-113,fanduel,,2026-03-24T23:20:59Z,20260324T232108Z,2025-26,3ffbb865981907829bb58d7f86351ba0
Trey Murphy III,New Orleans Pelicans,New York Knicks,2026-03-24T23:40:00Z,player_rebounds,4.5,-156,122,fanduel,,2026-03-24T23:20:59Z,20260324T232108Z,2025-26,3ffbb865981907829bb58d7f86351ba0
Mitchell Robinson,New Orleans Pelicans,New York Knicks,2026-03-24T23:40:00Z,player_rebounds,8.5,-128,100,fanduel,,2026-03-24T23:20:59Z,20260324T232108Z,2025-26,3ffbb865981907829bb58d7f86351ba0
Karl-Anthony Towns,New Orleans Pelicans,New York Knicks,2026-03-24T23:40:00Z,player_rebounds,11.5,-142,112,fanduel,,2026-03-24T23:20:59Z,20260324T232108Z,2025-26,3ffbb865981907829bb58d7f86351ba0
Jalen Brunson,New Orleans Pelicans,New York Knicks,2026-03-24T23:40:00Z,player_rebounds,3.5,118,-150,fanduel,,2026-03-24T23:20:59Z,20260324T232108Z,2025-26,3ffbb865981907829bb58d7f86351ba0
Dejounte Murray,New Orleans Pelicans,New York Knicks,2026-03-24T23:40:00Z,player_rebounds,4.5,-142,112,fanduel,,2026-03-24T23:20:59Z,20260324T232108Z,2025-26,3ffbb865981907829bb58d7f86351ba0
Mikal Bridges,New Orleans Pelicans,New York Knicks,2026-03-24T23:40:00Z,player_rebounds,3.5,-102,-125,fanduel,,2026-03-24T23:20:59Z,20260324T232108Z,2025-26,3ffbb865981907829bb58d7f86351ba0
Josh Hart,New Orleans Pelicans,New York Knicks,2026-03-24T23:40:00Z,player_rebounds,7.5,-102,-125,fanduel,,2026-03-24T23:20:59Z,20260324T232108Z,2025-26,3ffbb865981907829bb58d7f86351ba0
Karl-Anthony Towns,New Orleans Pelicans,New York Knicks,2026-03-24T23:40:00Z,player_rebounds,11.5,-142,108,draftkings,,2026-03-24T23:20:42Z,20260324T232108Z,2025-26,3ffbb865981907829bb58d7f86351ba0
Mitchell Robinson,New Orleans Pelicans,New York Knicks,2026-03-24T23:40:00Z,player_rebounds,9.5,107,-141,draftkings,,2026-03-24T23:20:42Z,20260324T232108Z,2025-26,3ffbb865981907829bb58d7f86351ba0
Josh Hart,New Orleans Pelicans,New York Knicks,2026-03-24T23:40:00Z,player_rebounds,7.5,-110,-119,draftkings,,2026-03-24T23:20:42Z,20260324T232108Z,2025-26,3ffbb865981907829bb58d7f86351ba0
Zion Williamson,New Orleans Pelicans,New York Knicks,2026-03-24T23:40:00Z,player_rebounds,5.5,-116,-113,draftkings,,2026-03-24T23:20:42Z,20260324T232108Z,2025-26,3ffbb865981907829bb58d7f86351ba0
Saddiq Bey,New Orleans Pelicans,New York Knicks,2026-03-24T23:40:00Z,player_rebounds,5.5,107,-141,draftkings,,2026-03-24T23:20:42Z,20260324T232108Z,2025-26,3ffbb865981907829bb58d7f86351ba0
Trey Murphy III,New Orleans Pelicans,New York Knicks,2026-03-24T23:40:00Z,player_rebounds,4.5,-142,107,draftkings,,2026-03-24T23:20:42Z,20260324T232108Z,2025-26,3ffbb865981907829bb58d7f86351ba0
Dejounte Murray,New Orleans Pelicans,New York Knicks,2026-03-24T23:40:00Z,player_rebounds,4.5,-139,106,draftkings,,2026-03-24T23:20:42Z,20260324T232108Z,2025-26,3ffbb865981907829bb58d7f86351ba0
OG Anunoby,New Orleans Pelicans,New York Knicks,2026-03-24T23:40:00Z,player_rebounds,4.5,-120,-110,draftkings,,2026-03-24T23:20:42Z,20260324T232108Z,2025-26,3ffbb865981907829bb58d7f86351ba0
Derik Queen,New Orleans Pelicans,New York Knicks,2026-03-24T23:40:00Z,player_rebounds,3.5,-143,108,draftkings,,2026-03-24T23:20:42Z,20260324T232108Z,2025-26,3ffbb865981907829bb58d7f86351ba0
Mikal Bridges,New Orleans Pelicans,New York Knicks,2026-03-24T23:40:00Z,player_rebounds,3.5,-118,-111,draftkings,,2026-03-24T23:20:42Z,20260324T232108Z,2025-26,3ffbb865981907829bb58d7f86351ba0
Jalen Brunson,New Orleans Pelicans,New York Knicks,2026-03-24T23:40:00Z,player_rebounds,3.5,127,-168,draftkings,,2026-03-24T23:20:42Z,20260324T232108Z,2025-26,3ffbb865981907829bb58d7f86351ba0
Herb Jones,New Orleans Pelicans,New York Knicks,2026-03-24T23:40:00Z,player_rebounds,2.5,-175,132,draftkings,,2026-03-24T23:20:42Z,20260324T232108Z,2025-26,3ffbb865981907829bb58d7f86351ba0
Jalen Brunson,New Orleans Pelicans,New York Knicks,2026-03-24T23:40:00Z,player_rebounds,2.5,-190,130,fanatics,,2026-03-24T23:20:27Z,20260324T232108Z,2025-26,3ffbb865981907829bb58d7f86351ba0
Mikal Bridges,New Orleans Pelicans,New York Knicks,2026-03-24T23:40:00Z,player_rebounds,3.5,-127,-106,betrivers,,2026-03-24T23:20:42Z,20260324T232108Z,2025-26,3ffbb865981907829bb58d7f86351ba0
Karl-Anthony Towns,New Orleans Pelicans,New York Knicks,2026-03-24T23:40:00Z,player_rebounds,12.5,-113,-121,betrivers,,2026-03-24T23:20:42Z,20260324T232108Z,2025-26,3ffbb865981907829bb58d7f86351ba0
Derik Queen,New Orleans Pelicans,New York Knicks,2026-03-24T23:40:00Z,player_rebounds,4.5,120,-165,betrivers,,2026-03-24T23:20:42Z,20260324T232108Z,2025-26,3ffbb865981907829bb58d7f86351ba0
Jalen Brunson,New Orleans Pelicans,New York Knicks,2026-03-24T23:40:00Z,player_rebounds,3.5,108,-148,betrivers,,2026-03-24T23:20:42Z,20260324T232108Z,2025-26,3ffbb865981907829bb58d7f86351ba0
Trey Murphy III,New Orleans Pelicans,New York Knicks,2026-03-24T23:40:00Z,player_rebounds,4.5,-132,-103,betrivers,,2026-03-24T23:20:42Z,20260324T232108Z,2025-26,3ffbb865981907829bb58d7f86351ba0
Dejounte Murray,New Orleans Pelicans,New York Knicks,2026-03-24T23:40:00Z,player_rebounds,4.5,-150,110,betrivers,,2026-03-24T23:20:42Z,20260324T232108Z,2025-26,3ffbb865981907829bb58d7f86351ba0
Zion Williamson,New Orleans Pelicans,New York Knicks,2026-03-24T23:40:00Z,player_rebounds,5.5,-114,-120,betrivers,,2026-03-24T23:20:42Z,20260324T232108Z,2025-26,3ffbb865981907829bb58d7f86351ba0
Herb Jones,New Orleans Pelicans,New York Knicks,2026-03-24T23:40:00Z,player_rebounds,2.5,-152,112,betrivers,,2026-03-24T23:20:42Z,20260324T232108Z,2025-26,3ffbb865981907829bb58d7f86351ba0
Josh Hart,New Orleans Pelicans,New York Knicks,2026-03-24T23:40:00Z,player_rebounds,7.5,-122,-112,betrivers,,2026-03-24T23:20:42Z,20260324T232108Z,2025-26,3ffbb865981907829bb58d7f86351ba0
Saddiq Bey,New Orleans Pelicans,New York Knicks,2026-03-24T23:40:00Z,player_rebounds,5.5,107,-143,betrivers,,2026-03-24T23:20:42Z,20260324T232108Z,2025-26,3ffbb865981907829bb58d7f86351ba0
OG Anunoby,New Orleans Pelicans,New York Knicks,2026-03-24T23:40:00Z,player_rebounds,4.5,-152,112,betrivers,,2026-03-24T23:20:42Z,20260324T232108Z,2025-26,3ffbb865981907829bb58d7f86351ba0
Mitchell Robinson,New Orleans Pelicans,New York Knicks,2026-03-24T23:40:00Z,player_rebounds,9.5,-104,-132,betrivers,,2026-03-24T23:20:42Z,20260324T232108Z,2025-26,3ffbb865981907829bb58d7f86351ba0
Herb Jones,New Orleans Pelicans,New York Knicks,2026-03-24T23:40:00Z,player_rebounds,2.5,-156,121,betonlineag,,2026-03-24T23:21:02Z,20260324T232108Z,2025-26,3ffbb865981907829bb58d7f86351ba0
Trey Murphy III,New Orleans Pelicans,New York Knicks,2026-03-24T23:40:00Z,player_rebounds,4.5,-141,108,betonlineag,,2026-03-24T23:21:02Z,20260324T232108Z,2025-26,3ffbb865981907829bb58d7f86351ba0
Jalen Brunson,New Orleans Pelicans,New York Knicks,2026-03-24T23:40:00Z,player_rebounds,3.5,124,-161,betonlineag,,2026-03-24T23:21:02Z,20260324T232108Z,2025-26,3ffbb865981907829bb58d7f86351ba0
Zion Williamson,New Orleans Pelicans,New York Knicks,2026-03-24T23:40:00Z,player_rebounds,5.5,-108,-120,betonlineag,,2026-03-24T23:21:02Z,20260324T232108Z,2025-26,3ffbb865981907829bb58d7f86351ba0
OG Anunoby,New Orleans Pelicans,New York Knicks,2026-03-24T23:40:00Z,player_rebounds,4.5,-119,-109,betonlineag,,2026-03-24T23:21:02Z,20260324T232108Z,2025-26,3ffbb865981907829bb58d7f86351ba0
Josh Hart,New Orleans Pelicans,New York Knicks,2026-03-24T23:40:00Z,player_rebounds,7.5,-110,-118,betonlineag,,2026-03-24T23:21:02Z,20260324T232108Z,2025-26,3ffbb865981907829bb58d7f86351ba0
Dejounte Murray,New Orleans Pelicans,New York Knicks,2026-03-24T23:40:00Z,player_rebounds,4.5,-135,104,betonlineag,,2026-03-24T23:21:02Z,20260324T232108Z,2025-26,3ffbb865981907829bb58d7f86351ba0
Mikal Bridges,New Orleans Pelicans,New York Knicks,2026-03-24T23:40:00Z,player_rebounds,3.5,-109,-119,betonlineag,,2026-03-24T23:21:02Z,20260324T232108Z,2025-26,3ffbb865981907829bb58d7f86351ba0
Jordan Clarkson,New Orleans Pelicans,New York Knicks,2026-03-24T23:40:00Z,player_rebounds,1.5,-130,100,betonlineag,,2026-03-24T23:21:02Z,20260324T232108Z,2025-26,3ffbb865981907829bb58d7f86351ba0
Derik Queen,New Orleans Pelicans,New York Knicks,2026-03-24T23:40:00Z,player_rebounds,3.5,-147,113,betonlineag,,2026-03-24T23:21:02Z,20260324T232108Z,2025-26,3ffbb865981907829bb58d7f86351ba0
Jeremiah Fears,New Orleans Pelicans,New York Knicks,2026-03-24T23:40:00Z,player_rebounds,1.5,-169,130,betonlineag,,2026-03-24T23:21:02Z,20260324T232108Z,2025-26,3ffbb865981907829bb58d7f86351ba0
Saddiq Bey,New Orleans Pelicans,New York Knicks,2026-03-24T23:40:00Z,player_rebounds,5.5,109,-141,betonlineag,,2026-03-24T23:21:02Z,20260324T232108Z,2025-26,3ffbb865981907829bb58d7f86351ba0
Mitchell Robinson,New Orleans Pelicans,New York Knicks,2026-03-24T23:40:00Z,player_rebounds,9.5,115,-149,betonlineag,,2026-03-24T23:21:02Z,20260324T232108Z,2025-26,3ffbb865981907829bb58d7f86351ba0
Dejounte Murray,New Orleans Pelicans,New York Knicks,2026-03-24T23:40:00Z,player_rebounds,4.5,-145,110,bovada,,2026-03-24T23:16:23Z,20260324T232108Z,2025-26,3ffbb865981907829bb58d7f86351ba0
Dejounte Murray,New Orleans Pelicans,New York Knicks,2026-03-24T23:40:00Z,player_rebounds,5.5,130,-170,bovada,,2026-03-24T23:16:23Z,20260324T232108Z,2025-26,3ffbb865981907829bb58d7f86351ba0
Derik Queen,New Orleans Pelicans,New York Knicks,2026-03-24T23:40:00Z,player_rebounds,3.5,-145,110,bovada,,2026-03-24T23:16:23Z,20260324T232108Z,2025-26,3ffbb865981907829bb58d7f86351ba0
Derik Queen,New Orleans Pelicans,New York Knicks,2026-03-24T23:40:00Z,player_rebounds,4.5,140,-185,bovada,,2026-03-24T23:16:23Z,20260324T232108Z,2025-26,3ffbb865981907829bb58d7f86351ba0
Herb Jones,New Orleans Pelicans,New York Knicks,2026-03-24T23:40:00Z,player_rebounds,2.5,-170,130,bovada,,2026-03-24T23:16:23Z,20260324T232108Z,2025-26,3ffbb865981907829bb58d7f86351ba0
Herb Jones,New Orleans Pelicans,New York Knicks,2026-03-24T23:40:00Z,player_rebounds,3.5,135,-180,bovada,,2026-03-24T23:16:23Z,20260324T232108Z,2025-26,3ffbb865981907829bb58d7f86351ba0
Jalen Brunson,New Orleans Pelicans,New York Knicks,2026-03-24T23:40:00Z,player_rebounds,2.5,-190,145,bovada,,2026-03-24T23:16:23Z,20260324T232108Z,2025-26,3ffbb865981907829bb58d7f86351ba0
Jalen Brunson,New Orleans Pelicans,New York Knicks,2026-03-24T23:40:00Z,player_rebounds,3.5,120,-160,bovada,,2026-03-24T23:16:23Z,20260324T232108Z,2025-26,3ffbb865981907829bb58d7f86351ba0
Josh Hart,New Orleans Pelicans,New York Knicks,2026-03-24T23:40:00Z,player_rebounds,6.5,-210,155,bovada,,2026-03-24T23:16:23Z,20260324T232108Z,2025-26,3ffbb865981907829bb58d7f86351ba0
Josh Hart,New Orleans Pelicans,New York Knicks,2026-03-24T23:40:00Z,player_rebounds,7.5,-120,-110,bovada,,2026-03-24T23:16:23Z,20260324T232108Z,2025-26,3ffbb865981907829bb58d7f86351ba0
Josh Hart,New Orleans Pelicans,New York Knicks,2026-03-24T23:40:00Z,player_rebounds,8.5,140,-185,bovada,,2026-03-24T23:16:23Z,20260324T232108Z,2025-26,3ffbb865981907829bb58d7f86351ba0
Karl-Anthony Towns,New Orleans Pelicans,New York Knicks,2026-03-24T23:40:00Z,player_rebounds,10.5,-250,185,bovada,,2026-03-24T23:16:23Z,20260324T232108Z,2025-26,3ffbb865981907829bb58d7f86351ba0
Karl-Anthony Towns,New Orleans Pelicans,New York Knicks,2026-03-24T23:40:00Z,player_rebounds,11.5,-160,120,bovada,,2026-03-24T23:16:23Z,20260324T232108Z,2025-26,3ffbb865981907829bb58d7f86351ba0
Karl-Anthony Towns,New Orleans Pelicans,New York Knicks,2026-03-24T23:40:00Z,player_rebounds,12.5,-105,-125,bovada,,2026-03-24T23:16:23Z,20260324T232108Z,2025-26,3ffbb865981907829bb58d7f86351ba0
Karl-Anthony Towns,New Orleans Pelicans,New York Knicks,2026-03-24T23:40:00Z,player_rebounds,13.5,145,-190,bovada,,2026-03-24T23:16:23Z,20260324T232108Z,2025-26,3ffbb865981907829bb58d7f86351ba0
Karl-Anthony Towns,New Orleans Pelicans,New York Knicks,2026-03-24T23:40:00Z,player_rebounds,14.5,210,-290,bovada,,2026-03-24T23:16:23Z,20260324T232108Z,2025-26,3ffbb865981907829bb58d7f86351ba0
Mikal Bridges,New Orleans Pelicans,New York Knicks,2026-03-24T23:40:00Z,player_rebounds,3.5,-125,-105,bovada,,2026-03-24T23:16:23Z,20260324T232108Z,2025-26,3ffbb865981907829bb58d7f86351ba0
Mikal Bridges,New Orleans Pelicans,New York Knicks,2026-03-24T23:40:00Z,player_rebounds,4.5,165,-220,bovada,,2026-03-24T23:16:23Z,20260324T232108Z,2025-26,3ffbb865981907829bb58d7f86351ba0
Mitchell Robinson,New Orleans Pelicans,New York Knicks,2026-03-24T23:40:00Z,player_rebounds,7.5,-275,200,bovada,,2026-03-24T23:16:23Z,20260324T232108Z,2025-26,3ffbb865981907829bb58d7f86351ba0
Mitchell Robinson,New Orleans Pelicans,New York Knicks,2026-03-24T23:40:00Z,player_rebounds,8.5,-160,120,bovada,,2026-03-24T23:16:23Z,20260324T232108Z,2025-26,3ffbb865981907829bb58d7f86351ba0
Mitchell Robinson,New Orleans Pelicans,New York Knicks,2026-03-24T23:40:00Z,player_rebounds,9.5,105,-135,bovada,,2026-03-24T23:16:23Z,20260324T232108Z,2025-26,3ffbb865981907829bb58d7f86351ba0
Mitchell Robinson,New Orleans Pelicans,New York Knicks,2026-03-24T23:40:00Z,player_rebounds,10.5,165,-220,bovada,,2026-03-24T23:16:23Z,20260324T232108Z,2025-26,3ffbb865981907829bb58d7f86351ba0
OG Anunoby,New Orleans Pelicans,New York Knicks,2026-03-24T23:40:00Z,player_rebounds,4.5,-125,-105,bovada,,2026-03-24T23:16:23Z,20260324T232108Z,2025-26,3ffbb865981907829bb58d7f86351ba0
Saddiq Bey,New Orleans Pelicans,New York Knicks,2026-03-24T23:40:00Z,player_rebounds,4.5,-170,130,bovada,,2026-03-24T23:16:23Z,20260324T232108Z,2025-26,3ffbb865981907829bb58d7f86351ba0
Saddiq Bey,New Orleans Pelicans,New York Knicks,2026-03-24T23:40:00Z,player_rebounds,5.5,110,-145,bovada,,2026-03-24T23:16:23Z,20260324T232108Z,2025-26,3ffbb865981907829bb58d7f86351ba0
Saddiq Bey,New Orleans Pelicans,New York Knicks,2026-03-24T23:40:00Z,player_rebounds,6.5,200,-275,bovada,,2026-03-24T23:16:23Z,20260324T232108Z,2025-26,3ffbb865981907829bb58d7f86351ba0
Trey Murphy III,New Orleans Pelicans,New York Knicks,2026-03-24T23:40:00Z,player_rebounds,4.5,-145,110,bovada,,2026-03-24T23:16:23Z,20260324T232108Z,2025-26,3ffbb865981907829bb58d7f86351ba0
Trey Murphy III,New Orleans Pelicans,New York Knicks,2026-03-24T23:40:00Z,player_rebounds,5.5,130,-170,bovada,,2026-03-24T23:16:23Z,20260324T232108Z,2025-26,3ffbb865981907829bb58d7f86351ba0
Zion Williamson,New Orleans Pelicans,New York Knicks,2026-03-24T23:40:00Z,player_rebounds,5.5,-115,-115,bovada,,2026-03-24T23:16:23Z,20260324T232108Z,2025-26,3ffbb865981907829bb58d7f86351ba0
Zion Williamson,New Orleans Pelicans,New York Knicks,2026-03-24T23:40:00Z,player_rebounds,5.5,-112,-120,williamhill_us,,2026-03-24T23:20:34Z,20260324T232108Z,2025-26,3ffbb865981907829bb58d7f86351ba0
Jeremiah Fears,New Orleans Pelicans,New York Knicks,2026-03-24T23:40:00Z,player_rebounds,3.5,275,-420,williamhill_us,,2026-03-24T23:20:34Z,20260324T232108Z,2025-26,3ffbb865981907829bb58d7f86351ba0
Herb Jones,New Orleans Pelicans,New York Knicks,2026-03-24T23:40:00Z,player_rebounds,3.5,133,-179,williamhill_us,,2026-03-24T23:20:34Z,20260324T232108Z,2025-26,3ffbb865981907829bb58d7f86351ba0
Trey Murphy III,New Orleans Pelicans,New York Knicks,2026-03-24T23:40:00Z,player_rebounds,4.5,-145,110,williamhill_us,,2026-03-24T23:20:34Z,20260324T232108Z,2025-26,3ffbb865981907829bb58d7f86351ba0
OG Anunoby,New Orleans Pelicans,New York Knicks,2026-03-24T23:40:00Z,player_rebounds,4.5,-128,-105,williamhill_us,,2026-03-24T23:20:34Z,20260324T232108Z,2025-26,3ffbb865981907829bb58d7f86351ba0
Mitchell Robinson,New Orleans Pelicans,New York Knicks,2026-03-24T23:40:00Z,player_rebounds,9.5,113,-150,williamhill_us,,2026-03-24T23:20:34Z,20260324T232108Z,2025-26,3ffbb865981907829bb58d7f86351ba0
Saddiq Bey,New Orleans Pelicans,New York Knicks,2026-03-24T23:40:00Z,player_rebounds,5.5,-102,-135,williamhill_us,,2026-03-24T23:20:34Z,20260324T232108Z,2025-26,3ffbb865981907829bb58d7f86351ba0
Mikal Bridges,New Orleans Pelicans,New York Knicks,2026-03-24T23:40:00Z,player_rebounds,3.5,-112,-118,williamhill_us,,2026-03-24T23:20:34Z,20260324T232108Z,2025-26,3ffbb865981907829bb58d7f86351ba0
Jalen Brunson,New Orleans Pelicans,New York Knicks,2026-03-24T23:40:00Z,player_rebounds,3.5,120,-159,williamhill_us,,2026-03-24T23:20:34Z,20260324T232108Z,2025-26,3ffbb865981907829bb58d7f86351ba0
Derik Queen,New Orleans Pelicans,New York Knicks,2026-03-24T23:40:00Z,player_rebounds,3.5,-143,107,williamhill_us,,2026-03-24T23:20:34Z,20260324T232108Z,2025-26,3ffbb865981907829bb58d7f86351ba0
Karl-Anthony Towns,New Orleans Pelicans,New York Knicks,2026-03-24T23:40:00Z,player_rebounds,12.5,105,-138,williamhill_us,,2026-03-24T23:20:34Z,20260324T232108Z,2025-26,3ffbb865981907829bb58d7f86351ba0
Josh Hart,New Orleans Pelicans,New York Knicks,2026-03-24T23:40:00Z,player_rebounds,7.5,-115,-115,williamhill_us,,2026-03-24T23:20:34Z,20260324T232108Z,2025-26,3ffbb865981907829bb58d7f86351ba0
Dejounte Murray,New Orleans Pelicans,New York Knicks,2026-03-24T23:40:00Z,player_rebounds,4.5,-141,106,williamhill_us,,2026-03-24T23:20:34Z,20260324T232108Z,2025-26,3ffbb865981907829bb58d7f86351ba0
Karl-Anthony Towns,New Orleans Pelicans,New York Knicks,2026-03-24T23:40:00Z,player_rebounds,12.5,-105,-125,betmgm,,2026-03-24T23:20:55Z,20260324T232108Z,2025-26,3ffbb865981907829bb58d7f86351ba0
Trey Murphy III,New Orleans Pelicans,New York Knicks,2026-03-24T23:40:00Z,player_rebounds,4.5,-135,100,betmgm,,2026-03-24T23:20:55Z,20260324T232108Z,2025-26,3ffbb865981907829bb58d7f86351ba0
Josh Hart,New Orleans Pelicans,New York Knicks,2026-03-24T23:40:00Z,player_rebounds,7.5,-130,-105,betmgm,,2026-03-24T23:20:55Z,20260324T232108Z,2025-26,3ffbb865981907829bb58d7f86351ba0
Herb Jones,New Orleans Pelicans,New York Knicks,2026-03-24T23:40:00Z,player_rebounds,2.5,-150,110,betmgm,,2026-03-24T23:20:55Z,20260324T232108Z,2025-26,3ffbb865981907829bb58d7f86351ba0
OG Anunoby,New Orleans Pelicans,New York Knicks,2026-03-24T23:40:00Z,player_rebounds,4.5,-115,-115,betmgm,,2026-03-24T23:20:55Z,20260324T232108Z,2025-26,3ffbb865981907829bb58d7f86351ba0
Zion Williamson,New Orleans Pelicans,New York Knicks,2026-03-24T23:40:00Z,player_rebounds,5.5,100,-135,betmgm,,2026-03-24T23:20:55Z,20260324T232108Z,2025-26,3ffbb865981907829bb58d7f86351ba0
Saddiq Bey,New Orleans Pelicans,New York Knicks,2026-03-24T23:40:00Z,player_rebounds,5.5,105,-140,betmgm,,2026-03-24T23:20:55Z,20260324T232108Z,2025-26,3ffbb865981907829bb58d7f86351ba0
Dejounte Murray,New Orleans Pelicans,New York Knicks,2026-03-24T23:40:00Z,player_rebounds,4.5,-125,-105,betmgm,,2026-03-24T23:20:55Z,20260324T232108Z,2025-26,3ffbb865981907829bb58d7f86351ba0
Mikal Bridges,New Orleans Pelicans,New York Knicks,2026-03-24T23:40:00Z,player_rebounds,3.5,-105,-125,betmgm,,2026-03-24T23:20:55Z,20260324T232108Z,2025-26,3ffbb865981907829bb58d7f86351ba0
Jalen Brunson,New Orleans Pelicans,New York Knicks,2026-03-24T23:40:00Z,player_rebounds,2.5,-165,125,betmgm,,2026-03-24T23:20:55Z,20260324T232108Z,2025-26,3ffbb865981907829bb58d7f86351ba0
Mitchell Robinson,New Orleans Pelicans,New York Knicks,2026-03-24T23:40:00Z,player_rebounds,9.5,105,-140,betmgm,,2026-03-24T23:20:55Z,20260324T232108Z,2025-26,3ffbb865981907829bb58d7f86351ba0
Derik Queen,New Orleans Pelicans,New York Knicks,2026-03-24T23:40:00Z,player_rebounds,3.5,-165,125,betmgm,,2026-03-24T23:20:55Z,20260324T232108Z,2025-26,3ffbb865981907829bb58d7f86351ba0
Evan Mobley,Orlando Magic,Cleveland Cavaliers,2026-03-25T00:10:00Z,player_rebounds,9.5,-144,109,draftkings,,2026-03-24T23:20:58Z,20260324T232108Z,2025-26,6b03ae1305a70007dbaebefa0c8af0b7
Paolo Banchero,Orlando Magic,Cleveland Cavaliers,2026-03-25T00:10:00Z,player_rebounds,8.5,108,-142,draftkings,,2026-03-24T23:20:58Z,20260324T232108Z,2025-26,6b03ae1305a70007dbaebefa0c8af0b7
Wendell Carter Jr,Orlando Magic,Cleveland Cavaliers,2026-03-25T00:10:00Z,player_rebounds,7.5,-106,-125,draftkings,,2026-03-24T23:20:58Z,20260324T232108Z,2025-26,6b03ae1305a70007dbaebefa0c8af0b7
James Harden,Orlando Magic,Cleveland Cavaliers,2026-03-25T00:10:00Z,player_rebounds,5.5,102,-134,draftkings,,2026-03-24T23:20:58Z,20260324T232108Z,2025-26,6b03ae1305a70007dbaebefa0c8af0b7
Max Strus,Orlando Magic,Cleveland Cavaliers,2026-03-25T00:10:00Z,player_rebounds,4.5,-130,-101,draftkings,,2026-03-24T23:20:58Z,20260324T232108Z,2025-26,6b03ae1305a70007dbaebefa0c8af0b7
Donovan Mitchell,Orlando Magic,Cleveland Cavaliers,2026-03-25T00:10:00Z,player_rebounds,4.5,-121,-108,draftkings,,2026-03-24T23:20:58Z,20260324T232108Z,2025-26,6b03ae1305a70007dbaebefa0c8af0b7
Goga Bitadze,Orlando Magic,Cleveland Cavaliers,2026-03-25T00:10:00Z,player_rebounds,4.5,-119,-110,draftkings,,2026-03-24T23:20:58Z,20260324T232108Z,2025-26,6b03ae1305a70007dbaebefa0c8af0b7
Tristan da Silva,Orlando Magic,Cleveland Cavaliers,2026-03-25T00:10:00Z,player_rebounds,4.5,-102,-129,draftkings,,2026-03-24T23:20:58Z,20260324T232108Z,2025-26,6b03ae1305a70007dbaebefa0c8af0b7
Dean Wade,Orlando Magic,Cleveland Cavaliers,2026-03-25T00:10:00Z,player_rebounds,4.5,100,-131,draftkings,,2026-03-24T23:20:58Z,20260324T232108Z,2025-26,6b03ae1305a70007dbaebefa0c8af0b7
Desmond Bane,Orlando Magic,Cleveland Cavaliers,2026-03-25T00:10:00Z,player_rebounds,4.5,123,-162,draftkings,,2026-03-24T23:20:58Z,20260324T232108Z,2025-26,6b03ae1305a70007dbaebefa0c8af0b7
Thomas Bryant,Orlando Magic,Cleveland Cavaliers,2026-03-25T00:10:00Z,player_rebounds,3.5,-162,122,draftkings,,2026-03-24T23:20:58Z,20260324T232108Z,2025-26,6b03ae1305a70007dbaebefa0c8af0b7
Sam Merrill,Orlando Magic,Cleveland Cavaliers,2026-03-25T00:10:00Z,player_rebounds,3.5,116,-153,draftkings,,2026-03-24T23:20:58Z,20260324T232108Z,2025-26,6b03ae1305a70007dbaebefa0c8af0b7
Keon Ellis,Orlando Magic,Cleveland Cavaliers,2026-03-25T00:10:00Z,player_rebounds,2.5,-116,-113,draftkings,,2026-03-24T23:20:58Z,20260324T232108Z,2025-26,6b03ae1305a70007dbaebefa0c8af0b7
Jevon Carter,Orlando Magic,Cleveland Cavaliers,2026-03-25T00:10:00Z,player_rebounds,2.5,101,-133,draftkings,,2026-03-24T23:20:58Z,20260324T232108Z,2025-26,6b03ae1305a70007dbaebefa0c8af0b7
Dean Wade,Orlando Magic,Cleveland Cavaliers,2026-03-25T00:10:00Z,player_rebounds,4.5,106,-137,betonlineag,,2026-03-24T23:20:51Z,20260324T232108Z,2025-26,6b03ae1305a70007dbaebefa0c8af0b7
Donovan Mitchell,Orlando Magic,Cleveland Cavaliers,2026-03-25T00:10:00Z,player_rebounds,4.5,-120,-108,betonlineag,,2026-03-24T23:20:51Z,20260324T232108Z,2025-26,6b03ae1305a70007dbaebefa0c8af0b7
Paolo Banchero,Orlando Magic,Cleveland Cavaliers,2026-03-25T00:10:00Z,player_rebounds,8.5,112,-145,betonlineag,,2026-03-24T23:20:51Z,20260324T232108Z,2025-26,6b03ae1305a70007dbaebefa0c8af0b7
Evan Mobley,Orlando Magic,Cleveland Cavaliers,2026-03-25T00:10:00Z,player_rebounds,9.5,-132,102,betonlineag,,2026-03-24T23:20:51Z,20260324T232108Z,2025-26,6b03ae1305a70007dbaebefa0c8af0b7
Desmond Bane,Orlando Magic,Cleveland Cavaliers,2026-03-25T00:10:00Z,player_rebounds,3.5,-149,115,betonlineag,,2026-03-24T23:20:51Z,20260324T232108Z,2025-26,6b03ae1305a70007dbaebefa0c8af0b7
Max Strus,Orlando Magic,Cleveland Cavaliers,2026-03-25T00:10:00Z,player_rebounds,4.5,-114,-114,betonlineag,,2026-03-24T23:20:51Z,20260324T232108Z,2025-26,6b03ae1305a70007dbaebefa0c8af0b7
Tristan da Silva,Orlando Magic,Cleveland Cavaliers,2026-03-25T00:10:00Z,player_rebounds,4.5,102,-132,betonlineag,,2026-03-24T23:20:51Z,20260324T232108Z,2025-26,6b03ae1305a70007dbaebefa0c8af0b7
Keon Ellis,Orlando Magic,Cleveland Cavaliers,2026-03-25T00:10:00Z,player_rebounds,2.5,-119,-109,betonlineag,,2026-03-24T23:20:51Z,20260324T232108Z,2025-26,6b03ae1305a70007dbaebefa0c8af0b7
Jevon Carter,Orlando Magic,Cleveland Cavaliers,2026-03-25T00:10:00Z,player_rebounds,2.5,115,-149,betonlineag,,2026-03-24T23:20:51Z,20260324T232108Z,2025-26,6b03ae1305a70007dbaebefa0c8af0b7
Sam Merrill,Orlando Magic,Cleveland Cavaliers,2026-03-25T00:10:00Z,player_rebounds,3.5,122,-159,betonlineag,,2026-03-24T23:20:51Z,20260324T232108Z,2025-26,6b03ae1305a70007dbaebefa0c8af0b7
James Harden,Orlando Magic,Cleveland Cavaliers,2026-03-25T00:10:00Z,player_rebounds,5.5,109,-141,betonlineag,,2026-03-24T23:20:51Z,20260324T232108Z,2025-26,6b03ae1305a70007dbaebefa0c8af0b7
Wendell Carter Jr,Orlando Magic,Cleveland Cavaliers,2026-03-25T00:10:00Z,player_rebounds,7.5,102,-132,betonlineag,,2026-03-24T23:20:51Z,20260324T232108Z,2025-26,6b03ae1305a70007dbaebefa0c8af0b7
Thomas Bryant,Orlando Magic,Cleveland Cavaliers,2026-03-25T00:10:00Z,player_rebounds,3.5,-135,105,betonlineag,,2026-03-24T23:20:51Z,20260324T232108Z,2025-26,6b03ae1305a70007dbaebefa0c8af0b7
Jamal Cain,Orlando Magic,Cleveland Cavaliers,2026-03-25T00:10:00Z,player_rebounds,3.5,152,-200,betonlineag,,2026-03-24T23:20:51Z,20260324T232108Z,2025-26,6b03ae1305a70007dbaebefa0c8af0b7
Max Strus,Orlando Magic,Cleveland Cavaliers,2026-03-25T00:10:00Z,player_rebounds,4.5,-120,-112,williamhill_us,,2026-03-24T23:20:49Z,20260324T232108Z,2025-26,6b03ae1305a70007dbaebefa0c8af0b7
Desmond Bane,Orlando Magic,Cleveland Cavaliers,2026-03-25T00:10:00Z,player_rebounds,3.5,-157,118,williamhill_us,,2026-03-24T23:20:49Z,20260324T232108Z,2025-26,6b03ae1305a70007dbaebefa0c8af0b7
Paolo Banchero,Orlando Magic,Cleveland Cavaliers,2026-03-25T00:10:00Z,player_rebounds,7.5,-134,101,williamhill_us,,2026-03-24T23:20:49Z,20260324T232108Z,2025-26,6b03ae1305a70007dbaebefa0c8af0b7
Wendell Carter Jr,Orlando Magic,Cleveland Cavaliers,2026-03-25T00:10:00Z,player_rebounds,7.5,100,-132,williamhill_us,,2026-03-24T23:20:49Z,20260324T232108Z,2025-26,6b03ae1305a70007dbaebefa0c8af0b7
Donovan Mitchell,Orlando Magic,Cleveland Cavaliers,2026-03-25T00:10:00Z,player_rebounds,4.5,-127,-105,williamhill_us,,2026-03-24T23:20:49Z,20260324T232108Z,2025-26,6b03ae1305a70007dbaebefa0c8af0b7
James Harden,Orlando Magic,Cleveland Cavaliers,2026-03-25T00:10:00Z,player_rebounds,5.5,107,-138,williamhill_us,,2026-03-24T23:20:49Z,20260324T232108Z,2025-26,6b03ae1305a70007dbaebefa0c8af0b7
Thomas Bryant,Orlando Magic,Cleveland Cavaliers,2026-03-25T00:10:00Z,player_rebounds,3.5,-150,112,williamhill_us,,2026-03-24T23:20:49Z,20260324T232108Z,2025-26,6b03ae1305a70007dbaebefa0c8af0b7
Goga Bitadze,Orlando Magic,Cleveland Cavaliers,2026-03-25T00:10:00Z,player_rebounds,4.5,-128,-102,williamhill_us,,2026-03-24T23:20:49Z,20260324T232108Z,2025-26,6b03ae1305a70007dbaebefa0c8af0b7
Tristan da Silva,Orlando Magic,Cleveland Cavaliers,2026-03-25T00:10:00Z,player_rebounds,4.5,-107,-128,williamhill_us,,2026-03-24T23:20:49Z,20260324T232108Z,2025-26,6b03ae1305a70007dbaebefa0c8af0b7
Sam Merrill,Orlando Magic,Cleveland Cavaliers,2026-03-25T00:10:00Z,player_rebounds,3.5,124,-170,williamhill_us,,2026-03-24T23:20:49Z,20260324T232108Z,2025-26,6b03ae1305a70007dbaebefa0c8af0b7
Dean Wade,Orlando Magic,Cleveland Cavaliers,2026-03-25T00:10:00Z,player_rebounds,4.5,-102,-135,williamhill_us,,2026-03-24T23:20:49Z,20260324T232108Z,2025-26,6b03ae1305a70007dbaebefa0c8af0b7
Evan Mobley,Orlando Magic,Cleveland Cavaliers,2026-03-25T00:10:00Z,player_rebounds,9.5,-145,108,williamhill_us,,2026-03-24T23:20:49Z,20260324T232108Z,2025-26,6b03ae1305a70007dbaebefa0c8af0b7
Wendell Carter Jr,Orlando Magic,Cleveland Cavaliers,2026-03-25T00:10:00Z,player_rebounds,7.5,-102,-125,fanduel,,2026-03-24T23:20:49Z,20260324T232108Z,2025-26,6b03ae1305a70007dbaebefa0c8af0b7
Tristan da Silva,Orlando Magic,Cleveland Cavaliers,2026-03-25T00:10:00Z,player_rebounds,4.5,-113,-113,fanduel,,2026-03-24T23:20:49Z,20260324T232108Z,2025-26,6b03ae1305a70007dbaebefa0c8af0b7
James Harden,Orlando Magic,Cleveland Cavaliers,2026-03-25T00:10:00Z,player_rebounds,5.5,116,-148,fanduel,,2026-03-24T23:20:49Z,20260324T232108Z,2025-26,6b03ae1305a70007dbaebefa0c8af0b7
Max Strus,Orlando Magic,Cleveland Cavaliers,2026-03-25T00:10:00Z,player_rebounds,4.5,-122,-104,fanduel,,2026-03-24T23:20:49Z,20260324T232108Z,2025-26,6b03ae1305a70007dbaebefa0c8af0b7
Dean Wade,Orlando Magic,Cleveland Cavaliers,2026-03-25T00:10:00Z,player_rebounds,4.5,104,-132,fanduel,,2026-03-24T23:20:49Z,20260324T232108Z,2025-26,6b03ae1305a70007dbaebefa0c8af0b7
Sam Merrill,Orlando Magic,Cleveland Cavaliers,2026-03-25T00:10:00Z,player_rebounds,3.5,130,-166,fanduel,,2026-03-24T23:20:49Z,20260324T232108Z,2025-26,6b03ae1305a70007dbaebefa0c8af0b7
Thomas Bryant,Orlando Magic,Cleveland Cavaliers,2026-03-25T00:10:00Z,player_rebounds,3.5,-146,114,fanduel,,2026-03-24T23:20:49Z,20260324T232108Z,2025-26,6b03ae1305a70007dbaebefa0c8af0b7
Donovan Mitchell,Orlando Magic,Cleveland Cavaliers,2026-03-25T00:10:00Z,player_rebounds,4.5,-122,-104,fanduel,,2026-03-24T23:20:49Z,20260324T232108Z,2025-26,6b03ae1305a70007dbaebefa0c8af0b7
Paolo Banchero,Orlando Magic,Cleveland Cavaliers,2026-03-25T00:10:00Z,player_rebounds,8.5,116,-148,fanduel,,2026-03-24T23:20:49Z,20260324T232108Z,2025-26,6b03ae1305a70007dbaebefa0c8af0b7
Evan Mobley,Orlando Magic,Cleveland Cavaliers,2026-03-25T00:10:00Z,player_rebounds,9.5,-146,114,fanduel,,2026-03-24T23:20:49Z,20260324T232108Z,2025-26,6b03ae1305a70007dbaebefa0c8af0b7
Desmond Bane,Orlando Magic,Cleveland Cavaliers,2026-03-25T00:10:00Z,player_rebounds,3.5,-166,130,fanduel,,2026-03-24T23:20:49Z,20260324T232108Z,2025-26,6b03ae1305a70007dbaebefa0c8af0b7
Goga Bitadze,Orlando Magic,Cleveland Cavaliers,2026-03-25T00:10:00Z,player_rebounds,4.5,-118,-108,fanduel,,2026-03-24T23:20:49Z,20260324T232108Z,2025-26,6b03ae1305a70007dbaebefa0c8af0b7
Dean Wade,Orlando Magic,Cleveland Cavaliers,2026-03-25T00:10:00Z,player_rebounds,3.5,-210,155,bovada,,2026-03-24T23:19:21Z,20260324T232108Z,2025-26,6b03ae1305a70007dbaebefa0c8af0b7
Dean Wade,Orlando Magic,Cleveland Cavaliers,2026-03-25T00:10:00Z,player_rebounds,4.5,100,-130,bovada,,2026-03-24T23:19:21Z,20260324T232108Z,2025-26,6b03ae1305a70007dbaebefa0c8af0b7
Dean Wade,Orlando Magic,Cleveland Cavaliers,2026-03-25T00:10:00Z,player_rebounds,5.5,190,-260,bovada,,2026-03-24T23:19:21Z,20260324T232108Z,2025-26,6b03ae1305a70007dbaebefa0c8af0b7
Desmond Bane,Orlando Magic,Cleveland Cavaliers,2026-03-25T00:10:00Z,player_rebounds,3.5,-170,130,bovada,,2026-03-24T23:19:21Z,20260324T232108Z,2025-26,6b03ae1305a70007dbaebefa0c8af0b7
Desmond Bane,Orlando Magic,Cleveland Cavaliers,2026-03-25T00:10:00Z,player_rebounds,4.5,120,-160,bovada,,2026-03-24T23:19:21Z,20260324T232108Z,2025-26,6b03ae1305a70007dbaebefa0c8af0b7
Donovan Mitchell,Orlando Magic,Cleveland Cavaliers,2026-03-25T00:10:00Z,player_rebounds,3.5,-250,185,bovada,,2026-03-24T23:19:21Z,20260324T232108Z,2025-26,6b03ae1305a70007dbaebefa0c8af0b7
Donovan Mitchell,Orlando Magic,Cleveland Cavaliers,2026-03-25T00:10:00Z,player_rebounds,4.5,-120,-110,bovada,,2026-03-24T23:19:21Z,20260324T232108Z,2025-26,6b03ae1305a70007dbaebefa0c8af0b7
Donovan Mitchell,Orlando Magic,Cleveland Cavaliers,2026-03-25T00:10:00Z,player_rebounds,5.5,160,-215,bovada,,2026-03-24T23:19:21Z,20260324T232108Z,2025-26,6b03ae1305a70007dbaebefa0c8af0b7
Evan Mobley,Orlando Magic,Cleveland Cavaliers,2026-03-25T00:10:00Z,player_rebounds,8.5,-240,175,bovada,,2026-03-24T23:19:21Z,20260324T232108Z,2025-26,6b03ae1305a70007dbaebefa0c8af0b7
Evan Mobley,Orlando Magic,Cleveland Cavaliers,2026-03-25T00:10:00Z,player_rebounds,9.5,-145,110,bovada,,2026-03-24T23:19:21Z,20260324T232108Z,2025-26,6b03ae1305a70007dbaebefa0c8af0b7
Evan Mobley,Orlando Magic,Cleveland Cavaliers,2026-03-25T00:10:00Z,player_rebounds,10.5,110,-145,bovada,,2026-03-24T23:19:21Z,20260324T232108Z,2025-26,6b03ae1305a70007dbaebefa0c8af0b7
Evan Mobley,Orlando Magic,Cleveland Cavaliers,2026-03-25T00:10:00Z,player_rebounds,11.5,170,-230,bovada,,2026-03-24T23:19:21Z,20260324T232108Z,2025-26,6b03ae1305a70007dbaebefa0c8af0b7
Goga Bitadze,Orlando Magic,Cleveland Cavaliers,2026-03-25T00:10:00Z,player_rebounds,3.5,-250,185,bovada,,2026-03-24T23:19:21Z,20260324T232108Z,2025-26,6b03ae1305a70007dbaebefa0c8af0b7
Goga Bitadze,Orlando Magic,Cleveland Cavaliers,2026-03-25T00:10:00Z,player_rebounds,4.5,-120,-110,bovada,,2026-03-24T23:19:21Z,20260324T232108Z,2025-26,6b03ae1305a70007dbaebefa0c8af0b7
Goga Bitadze,Orlando Magic,Cleveland Cavaliers,2026-03-25T00:10:00Z,player_rebounds,5.5,160,-215,bovada,,2026-03-24T23:19:21Z,20260324T232108Z,2025-26,6b03ae1305a70007dbaebefa0c8af0b7
James Harden,Orlando Magic,Cleveland Cavaliers,2026-03-25T00:10:00Z,player_rebounds,4.5,-200,150,bovada,,2026-03-24T23:19:21Z,20260324T232108Z,2025-26,6b03ae1305a70007dbaebefa0c8af0b7
James Harden,Orlando Magic,Cleveland Cavaliers,2026-03-25T00:10:00Z,player_rebounds,5.5,-105,-125,bovada,,2026-03-24T23:19:21Z,20260324T232108Z,2025-26,6b03ae1305a70007dbaebefa0c8af0b7
James Harden,Orlando Magic,Cleveland Cavaliers,2026-03-25T00:10:00Z,player_rebounds,6.5,170,-230,bovada,,2026-03-24T23:19:21Z,20260324T232108Z,2025-26,6b03ae1305a70007dbaebefa0c8af0b7
Jevon Carter,Orlando Magic,Cleveland Cavaliers,2026-03-25T00:10:00Z,player_rebounds,1.5,-280,205,bovada,,2026-03-24T23:19:21Z,20260324T232108Z,2025-26,6b03ae1305a70007dbaebefa0c8af0b7
Jevon Carter,Orlando Magic,Cleveland Cavaliers,2026-03-25T00:10:00Z,player_rebounds,2.5,100,-130,bovada,,2026-03-24T23:19:21Z,20260324T232108Z,2025-26,6b03ae1305a70007dbaebefa0c8af0b7
Keon Ellis,Orlando Magic,Cleveland Cavaliers,2026-03-25T00:10:00Z,player_rebounds,2.5,-120,-110,bovada,,2026-03-24T23:19:21Z,20260324T232108Z,2025-26,6b03ae1305a70007dbaebefa0c8af0b7
Keon Ellis,Orlando Magic,Cleveland Cavaliers,2026-03-25T00:10:00Z,player_rebounds,3.5,190,-260,bovada,,2026-03-24T23:19:21Z,20260324T232108Z,2025-26,6b03ae1305a70007dbaebefa0c8af0b7
Max Strus,Orlando Magic,Cleveland Cavaliers,2026-03-25T00:10:00Z,player_rebounds,3.5,-240,175,bovada,,2026-03-24T23:19:21Z,20260324T232108Z,2025-26,6b03ae1305a70007dbaebefa0c8af0b7
Max Strus,Orlando Magic,Cleveland Cavaliers,2026-03-25T00:10:00Z,player_rebounds,4.5,-115,-115,bovada,,2026-03-24T23:19:21Z,20260324T232108Z,2025-26,6b03ae1305a70007dbaebefa0c8af0b7
Max Strus,Orlando Magic,Cleveland Cavaliers,2026-03-25T00:10:00Z,player_rebounds,5.5,165,-220,bovada,,2026-03-24T23:19:21Z,20260324T232108Z,2025-26,6b03ae1305a70007dbaebefa0c8af0b7
Paolo Banchero,Orlando Magic,Cleveland Cavaliers,2026-03-25T00:10:00Z,player_rebounds,6.5,-275,200,bovada,,2026-03-24T23:19:21Z,20260324T232108Z,2025-26,6b03ae1305a70007dbaebefa0c8af0b7
Paolo Banchero,Orlando Magic,Cleveland Cavaliers,2026-03-25T00:10:00Z,player_rebounds,7.5,-150,115,bovada,,2026-03-24T23:19:21Z,20260324T232108Z,2025-26,6b03ae1305a70007dbaebefa0c8af0b7
Paolo Banchero,Orlando Magic,Cleveland Cavaliers,2026-03-25T00:10:00Z,player_rebounds,8.5,110,-145,bovada,,2026-03-24T23:19:21Z,20260324T232108Z,2025-26,6b03ae1305a70007dbaebefa0c8af0b7
Paolo Banchero,Orlando Magic,Cleveland Cavaliers,2026-03-25T00:10:00Z,player_rebounds,9.5,180,-245,bovada,,2026-03-24T23:19:21Z,20260324T232108Z,2025-26,6b03ae1305a70007dbaebefa0c8af0b7
Sam Merrill,Orlando Magic,Cleveland Cavaliers,2026-03-25T00:10:00Z,player_rebounds,2.5,-200,150,bovada,,2026-03-24T23:19:21Z,20260324T232108Z,2025-26,6b03ae1305a70007dbaebefa0c8af0b7
Sam Merrill,Orlando Magic,Cleveland Cavaliers,2026-03-25T00:10:00Z,player_rebounds,3.5,115,-150,bovada,,2026-03-24T23:19:21Z,20260324T232108Z,2025-26,6b03ae1305a70007dbaebefa0c8af0b7
Thomas Bryant,Orlando Magic,Cleveland Cavaliers,2026-03-25T00:10:00Z,player_rebounds,3.5,-170,130,bovada,,2026-03-24T23:19:21Z,20260324T232108Z,2025-26,6b03ae1305a70007dbaebefa0c8af0b7
Thomas Bryant,Orlando Magic,Cleveland Cavaliers,2026-03-25T00:10:00Z,player_rebounds,4.5,120,-160,bovada,,2026-03-24T23:19:21Z,20260324T232108Z,2025-26,6b03ae1305a70007dbaebefa0c8af0b7
Tristan da Silva,Orlando Magic,Cleveland Cavaliers,2026-03-25T00:10:00Z,player_rebounds,3.5,-210,155,bovada,,2026-03-24T23:19:21Z,20260324T232108Z,2025-26,6b03ae1305a70007dbaebefa0c8af0b7
Tristan da Silva,Orlando Magic,Cleveland Cavaliers,2026-03-25T00:10:00Z,player_rebounds,4.5,100,-130,bovada,,2026-03-24T23:19:21Z,20260324T232108Z,2025-26,6b03ae1305a70007dbaebefa0c8af0b7
Tristan da Silva,Orlando Magic,Cleveland Cavaliers,2026-03-25T00:10:00Z,player_rebounds,5.5,190,-260,bovada,,2026-03-24T23:19:21Z,20260324T232108Z,2025-26,6b03ae1305a70007dbaebefa0c8af0b7
Wendell Carter Jr,Orlando Magic,Cleveland Cavaliers,2026-03-25T00:10:00Z,player_rebounds,6.5,-185,140,bovada,,2026-03-24T23:19:21Z,20260324T232108Z,2025-26,6b03ae1305a70007dbaebefa0c8af0b7
Wendell Carter Jr,Orlando Magic,Cleveland Cavaliers,2026-03-25T00:10:00Z,player_rebounds,7.5,-105,-125,bovada,,2026-03-24T23:19:21Z,20260324T232108Z,2025-26,6b03ae1305a70007dbaebefa0c8af0b7
Wendell Carter Jr,Orlando Magic,Cleveland Cavaliers,2026-03-25T00:10:00Z,player_rebounds,8.5,160,-215,bovada,,2026-03-24T23:19:21Z,20260324T232108Z,2025-26,6b03ae1305a70007dbaebefa0c8af0b7
Donovan Mitchell,Orlando Magic,Cleveland Cavaliers,2026-03-25T00:10:00Z,player_rebounds,4.5,-115,-115,fanatics,,2026-03-24T23:20:32Z,20260324T232108Z,2025-26,6b03ae1305a70007dbaebefa0c8af0b7
Jevon Carter,Orlando Magic,Cleveland Cavaliers,2026-03-25T00:10:00Z,player_rebounds,2.5,120,-160,betmgm,,2026-03-24T23:20:57Z,20260324T232108Z,2025-26,6b03ae1305a70007dbaebefa0c8af0b7
Evan Mobley,Orlando Magic,Cleveland Cavaliers,2026-03-25T00:10:00Z,player_rebounds,9.5,-120,-110,betmgm,,2026-03-24T23:20:57Z,20260324T232108Z,2025-26,6b03ae1305a70007dbaebefa0c8af0b7
Desmond Bane,Orlando Magic,Cleveland Cavaliers,2026-03-25T00:10:00Z,player_rebounds,3.5,-140,105,betmgm,,2026-03-24T23:20:57Z,20260324T232108Z,2025-26,6b03ae1305a70007dbaebefa0c8af0b7
Dean Wade,Orlando Magic,Cleveland Cavaliers,2026-03-25T00:10:00Z,player_rebounds,4.5,110,-150,betmgm,,2026-03-24T23:20:57Z,20260324T232108Z,2025-26,6b03ae1305a70007dbaebefa0c8af0b7
Wendell Carter Jr,Orlando Magic,Cleveland Cavaliers,2026-03-25T00:10:00Z,player_rebounds,7.5,100,-135,betmgm,,2026-03-24T23:20:57Z,20260324T232108Z,2025-26,6b03ae1305a70007dbaebefa0c8af0b7
Paolo Banchero,Orlando Magic,Cleveland Cavaliers,2026-03-25T00:10:00Z,player_rebounds,7.5,-125,-105,betmgm,,2026-03-24T23:20:57Z,20260324T232108Z,2025-26,6b03ae1305a70007dbaebefa0c8af0b7
Keon Ellis,Orlando Magic,Cleveland Cavaliers,2026-03-25T00:10:00Z,player_rebounds,2.5,-125,-105,betmgm,,2026-03-24T23:20:57Z,20260324T232108Z,2025-26,6b03ae1305a70007dbaebefa0c8af0b7
Donovan Mitchell,Orlando Magic,Cleveland Cavaliers,2026-03-25T00:10:00Z,player_rebounds,4.5,-135,100,betmgm,,2026-03-24T23:20:57Z,20260324T232108Z,2025-26,6b03ae1305a70007dbaebefa0c8af0b7
James Harden,Orlando Magic,Cleveland Cavaliers,2026-03-25T00:10:00Z,player_rebounds,5.5,120,-160,betmgm,,2026-03-24T23:20:57Z,20260324T232108Z,2025-26,6b03ae1305a70007dbaebefa0c8af0b7
Tristan da Silva,Orlando Magic,Cleveland Cavaliers,2026-03-25T00:10:00Z,player_rebounds,4.5,110,-150,betmgm,,2026-03-24T23:20:57Z,20260324T232108Z,2025-26,6b03ae1305a70007dbaebefa0c8af0b7
Sam Merrill,Orlando Magic,Cleveland Cavaliers,2026-03-25T00:10:00Z,player_rebounds,2.5,-185,135,betmgm,,2026-03-24T23:20:57Z,20260324T232108Z,2025-26,6b03ae1305a70007dbaebefa0c8af0b7
Thomas Bryant,Orlando Magic,Cleveland Cavaliers,2026-03-25T00:10:00Z,player_rebounds,3.5,-130,-105,betmgm,,2026-03-24T23:20:57Z,20260324T232108Z,2025-26,6b03ae1305a70007dbaebefa0c8af0b7
Goga Bitadze,Orlando Magic,Cleveland Cavaliers,2026-03-25T00:10:00Z,player_rebounds,4.5,-120,-110,betmgm,,2026-03-24T23:20:57Z,20260324T232108Z,2025-26,6b03ae1305a70007dbaebefa0c8af0b7
Dean Wade,Orlando Magic,Cleveland Cavaliers,2026-03-25T00:10:00Z,player_rebounds,4.5,112,-155,betrivers,,2026-03-24T23:21:08Z,20260324T232108Z,2025-26,6b03ae1305a70007dbaebefa0c8af0b7
Sam Merrill,Orlando Magic,Cleveland Cavaliers,2026-03-25T00:10:00Z,player_rebounds,2.5,-182,132,betrivers,,2026-03-24T23:21:08Z,20260324T232108Z,2025-26,6b03ae1305a70007dbaebefa0c8af0b7
James Harden,Orlando Magic,Cleveland Cavaliers,2026-03-25T00:10:00Z,player_rebounds,5.5,110,-150,betrivers,,2026-03-24T23:21:08Z,20260324T232108Z,2025-26,6b03ae1305a70007dbaebefa0c8af0b7
Donovan Mitchell,Orlando Magic,Cleveland Cavaliers,2026-03-25T00:10:00Z,player_rebounds,4.5,-132,-104,betrivers,,2026-03-24T23:21:08Z,20260324T232108Z,2025-26,6b03ae1305a70007dbaebefa0c8af0b7
Tristan da Silva,Orlando Magic,Cleveland Cavaliers,2026-03-25T00:10:00Z,player_rebounds,4.5,106,-143,betrivers,,2026-03-24T23:21:08Z,20260324T232108Z,2025-26,6b03ae1305a70007dbaebefa0c8af0b7
Paolo Banchero,Orlando Magic,Cleveland Cavaliers,2026-03-25T00:10:00Z,player_rebounds,8.5,106,-143,betrivers,,2026-03-24T23:21:08Z,20260324T232108Z,2025-26,6b03ae1305a70007dbaebefa0c8af0b7
Evan Mobley,Orlando Magic,Cleveland Cavaliers,2026-03-25T00:10:00Z,player_rebounds,9.5,-130,-105,betrivers,,2026-03-24T23:21:08Z,20260324T232108Z,2025-26,6b03ae1305a70007dbaebefa0c8af0b7
Max Strus,Orlando Magic,Cleveland Cavaliers,2026-03-25T00:10:00Z,player_rebounds,4.5,-115,-118,betrivers,,2026-03-24T23:21:08Z,20260324T232108Z,2025-26,6b03ae1305a70007dbaebefa0c8af0b7
Desmond Bane,Orlando Magic,Cleveland Cavaliers,2026-03-25T00:10:00Z,player_rebounds,4.5,120,-165,betrivers,,2026-03-24T23:21:08Z,20260324T232108Z,2025-26,6b03ae1305a70007dbaebefa0c8af0b7
Wendell Carter Jr,Orlando Magic,Cleveland Cavaliers,2026-03-25T00:10:00Z,player_rebounds,7.5,110,-150,betrivers,,2026-03-24T23:21:08Z,20260324T232108Z,2025-26,6b03ae1305a70007dbaebefa0c8af0b7
Goga Bitadze,Orlando Magic,Cleveland Cavaliers,2026-03-25T00:10:00Z,player_rebounds,4.5,-134,-103,betrivers,,2026-03-24T23:21:08Z,20260324T232108Z,2025-26,6b03ae1305a70007dbaebefa0c8af0b7
Nikola Jokic,Denver Nuggets,Phoenix Suns,2026-03-25T03:10:00Z,player_rebounds,12.5,-128,100,fanduel,,2026-03-24T23:20:23Z,20260324T232108Z,2025-26,5cc255e5f9f9fefa4cc7e5316e16a519
Aaron Gordon,Denver Nuggets,Phoenix Suns,2026-03-25T03:10:00Z,player_rebounds,5.5,-125,-102,fanduel,,2026-03-24T23:20:23Z,20260324T232108Z,2025-26,5cc255e5f9f9fefa4cc7e5316e16a519
Rasheer Fleming,Denver Nuggets,Phoenix Suns,2026-03-25T03:10:00Z,player_rebounds,3.5,108,-136,fanduel,,2026-03-24T23:20:23Z,20260324T232108Z,2025-26,5cc255e5f9f9fefa4cc7e5316e16a519
Jalen Green,Denver Nuggets,Phoenix Suns,2026-03-25T03:10:00Z,player_rebounds,4.5,134,-172,fanduel,,2026-03-24T23:20:23Z,20260324T232108Z,2025-26,5cc255e5f9f9fefa4cc7e5316e16a519
Christian Braun,Denver Nuggets,Phoenix Suns,2026-03-25T03:10:00Z,player_rebounds,5.5,130,-166,fanduel,,2026-03-24T23:20:23Z,20260324T232108Z,2025-26,5cc255e5f9f9fefa4cc7e5316e16a519
Oso Ighodaro,Denver Nuggets,Phoenix Suns,2026-03-25T03:10:00Z,player_rebounds,6.5,-120,-106,fanduel,,2026-03-24T23:20:23Z,20260324T232108Z,2025-26,5cc255e5f9f9fefa4cc7e5316e16a519
Grayson Allen,Denver Nuggets,Phoenix Suns,2026-03-25T03:10:00Z,player_rebounds,2.5,100,-128,fanduel,,2026-03-24T23:20:23Z,20260324T232108Z,2025-26,5cc255e5f9f9fefa4cc7e5316e16a519
Bruce Brown,Denver Nuggets,Phoenix Suns,2026-03-25T03:10:00Z,player_rebounds,3.5,124,-160,fanduel,,2026-03-24T23:20:23Z,20260324T232108Z,2025-26,5cc255e5f9f9fefa4cc7e5316e16a519
Khaman Maluach,Denver Nuggets,Phoenix Suns,2026-03-25T03:10:00Z,player_rebounds,3.5,136,-174,fanduel,,2026-03-24T23:20:23Z,20260324T232108Z,2025-26,5cc255e5f9f9fefa4cc7e5316e16a519
Cameron Johnson,Denver Nuggets,Phoenix Suns,2026-03-25T03:10:00Z,player_rebounds,3.5,-122,-104,fanduel,,2026-03-24T23:20:23Z,20260324T232108Z,2025-26,5cc255e5f9f9fefa4cc7e5316e16a519
Jamal Murray,Denver Nuggets,Phoenix Suns,2026-03-25T03:10:00Z,player_rebounds,4.5,100,-128,fanduel,,2026-03-24T23:20:23Z,20260324T232108Z,2025-26,5cc255e5f9f9fefa4cc7e5316e16a519
Collin Gillespie,Denver Nuggets,Phoenix Suns,2026-03-25T03:10:00Z,player_rebounds,3.5,-146,114,fanduel,,2026-03-24T23:20:23Z,20260324T232108Z,2025-26,5cc255e5f9f9fefa4cc7e5316e16a519
Devin Booker,Denver Nuggets,Phoenix Suns,2026-03-25T03:10:00Z,player_rebounds,3.5,-154,120,fanduel,,2026-03-24T23:20:23Z,20260324T232108Z,2025-26,5cc255e5f9f9fefa4cc7e5316e16a519
Royce O'Neale,Denver Nuggets,Phoenix Suns,2026-03-25T03:10:00Z,player_rebounds,4.5,110,-140,fanduel,,2026-03-24T23:20:23Z,20260324T232108Z,2025-26,5cc255e5f9f9fefa4cc7e5316e16a519
Nikola Jokic,Denver Nuggets,Phoenix Suns,2026-03-25T03:10:00Z,player_rebounds,13.5,100,-132,draftkings,,2026-03-24T23:20:37Z,20260324T232108Z,2025-26,5cc255e5f9f9fefa4cc7e5316e16a519
Oso Ighodaro,Denver Nuggets,Phoenix Suns,2026-03-25T03:10:00Z,player_rebounds,6.5,-130,-101,draftkings,,2026-03-24T23:20:37Z,20260324T232108Z,2025-26,5cc255e5f9f9fefa4cc7e5316e16a519
Aaron Gordon,Denver Nuggets,Phoenix Suns,2026-03-25T03:10:00Z,player_rebounds,5.5,-115,-114,draftkings,,2026-03-24T23:20:37Z,20260324T232108Z,2025-26,5cc255e5f9f9fefa4cc7e5316e16a519
Christian Braun,Denver Nuggets,Phoenix Suns,2026-03-25T03:10:00Z,player_rebounds,5.5,109,-144,draftkings,,2026-03-24T23:20:37Z,20260324T232108Z,2025-26,5cc255e5f9f9fefa4cc7e5316e16a519
Jamal Murray,Denver Nuggets,Phoenix Suns,2026-03-25T03:10:00Z,player_rebounds,4.5,-104,-127,draftkings,,2026-03-24T23:20:37Z,20260324T232108Z,2025-26,5cc255e5f9f9fefa4cc7e5316e16a519
Royce O'Neale,Denver Nuggets,Phoenix Suns,2026-03-25T03:10:00Z,player_rebounds,4.5,102,-134,draftkings,,2026-03-24T23:20:37Z,20260324T232108Z,2025-26,5cc255e5f9f9fefa4cc7e5316e16a519
Jalen Green,Denver Nuggets,Phoenix Suns,2026-03-25T03:10:00Z,player_rebounds,4.5,118,-156,draftkings,,2026-03-24T23:20:37Z,20260324T232108Z,2025-26,5cc255e5f9f9fefa4cc7e5316e16a519
Collin Gillespie,Denver Nuggets,Phoenix Suns,2026-03-25T03:10:00Z,player_rebounds,3.5,-150,114,draftkings,,2026-03-24T23:20:37Z,20260324T232108Z,2025-26,5cc255e5f9f9fefa4cc7e5316e16a519
Devin Booker,Denver Nuggets,Phoenix Suns,2026-03-25T03:10:00Z,player_rebounds,3.5,-140,106,draftkings,,2026-03-24T23:20:37Z,20260324T232108Z,2025-26,5cc255e5f9f9fefa4cc7e5316e16a519
Cameron Johnson,Denver Nuggets,Phoenix Suns,2026-03-25T03:10:00Z,player_rebounds,3.5,-128,-103,draftkings,,2026-03-24T23:20:37Z,20260324T232108Z,2025-26,5cc255e5f9f9fefa4cc7e5316e16a519
Rasheer Fleming,Denver Nuggets,Phoenix Suns,2026-03-25T03:10:00Z,player_rebounds,3.5,106,-140,draftkings,,2026-03-24T23:20:37Z,20260324T232108Z,2025-26,5cc255e5f9f9fefa4cc7e5316e16a519
Bruce Brown,Denver Nuggets,Phoenix Suns,2026-03-25T03:10:00Z,player_rebounds,3.5,123,-162,draftkings,,2026-03-24T23:20:37Z,20260324T232108Z,2025-26,5cc255e5f9f9fefa4cc7e5316e16a519
Tim Hardaway Jr,Denver Nuggets,Phoenix Suns,2026-03-25T03:10:00Z,player_rebounds,2.5,-116,-114,draftkings,,2026-03-24T23:20:37Z,20260324T232108Z,2025-26,5cc255e5f9f9fefa4cc7e5316e16a519
Grayson Allen,Denver Nuggets,Phoenix Suns,2026-03-25T03:10:00Z,player_rebounds,2.5,-101,-130,draftkings,,2026-03-24T23:20:37Z,20260324T232108Z,2025-26,5cc255e5f9f9fefa4cc7e5316e16a519
Cameron Johnson,Denver Nuggets,Phoenix Suns,2026-03-25T03:10:00Z,player_rebounds,3.5,-115,-115,fanatics,,2026-03-24T23:21:14Z,20260324T232108Z,2025-26,5cc255e5f9f9fefa4cc7e5316e16a519
Royce O'Neale,Denver Nuggets,Phoenix Suns,2026-03-25T03:10:00Z,player_rebounds,4.5,117,-159,betrivers,,2026-03-24T23:20:39Z,20260324T232108Z,2025-26,5cc255e5f9f9fefa4cc7e5316e16a519
Nikola Jokic,Denver Nuggets,Phoenix Suns,2026-03-25T03:10:00Z,player_rebounds,12.5,-143,105,betrivers,,2026-03-24T23:20:39Z,20260324T232108Z,2025-26,5cc255e5f9f9fefa4cc7e5316e16a519
Devin Booker,Denver Nuggets,Phoenix Suns,2026-03-25T03:10:00Z,player_rebounds,3.5,-137,100,betrivers,,2026-03-24T23:20:39Z,20260324T232108Z,2025-26,5cc255e5f9f9fefa4cc7e5316e16a519
Aaron Gordon,Denver Nuggets,Phoenix Suns,2026-03-25T03:10:00Z,player_rebounds,5.5,-130,-105,betrivers,,2026-03-24T23:20:39Z,20260324T232108Z,2025-26,5cc255e5f9f9fefa4cc7e5316e16a519
Christian Braun,Denver Nuggets,Phoenix Suns,2026-03-25T03:10:00Z,player_rebounds,4.5,-152,112,betrivers,,2026-03-24T23:20:39Z,20260324T232108Z,2025-26,5cc255e5f9f9fefa4cc7e5316e16a519
Cameron Johnson,Denver Nuggets,Phoenix Suns,2026-03-25T03:10:00Z,player_rebounds,3.5,-107,-127,betrivers,,2026-03-24T23:20:39Z,20260324T232108Z,2025-26,5cc255e5f9f9fefa4cc7e5316e16a519
Jamal Murray,Denver Nuggets,Phoenix Suns,2026-03-25T03:10:00Z,player_rebounds,4.5,112,-155,betrivers,,2026-03-24T23:20:39Z,20260324T232108Z,2025-26,5cc255e5f9f9fefa4cc7e5316e16a519
Jalen Green,Denver Nuggets,Phoenix Suns,2026-03-25T03:10:00Z,player_rebounds,3.5,-167,123,betrivers,,2026-03-24T23:20:39Z,20260324T232108Z,2025-26,5cc255e5f9f9fefa4cc7e5316e16a519
Oso Ighodaro,Denver Nuggets,Phoenix Suns,2026-03-25T03:10:00Z,player_rebounds,6.5,-115,-118,betrivers,,2026-03-24T23:20:39Z,20260324T232108Z,2025-26,5cc255e5f9f9fefa4cc7e5316e16a519
Collin Gillespie,Denver Nuggets,Phoenix Suns,2026-03-25T03:10:00Z,player_rebounds,3.5,-157,116,betrivers,,2026-03-24T23:20:39Z,20260324T232108Z,2025-26,5cc255e5f9f9fefa4cc7e5316e16a519
Rasheer Fleming,Denver Nuggets,Phoenix Suns,2026-03-25T03:10:00Z,player_rebounds,3.5,-106,-127,betrivers,,2026-03-24T23:20:39Z,20260324T232108Z,2025-26,5cc255e5f9f9fefa4cc7e5316e16a519
Jamal Murray,Denver Nuggets,Phoenix Suns,2026-03-25T03:10:00Z,player_rebounds,4.5,106,-137,betonlineag,,2026-03-24T23:20:36Z,20260324T232108Z,2025-26,5cc255e5f9f9fefa4cc7e5316e16a519
Devin Booker,Denver Nuggets,Phoenix Suns,2026-03-25T03:10:00Z,player_rebounds,3.5,-141,109,betonlineag,,2026-03-24T23:20:36Z,20260324T232108Z,2025-26,5cc255e5f9f9fefa4cc7e5316e16a519
Aaron Gordon,Denver Nuggets,Phoenix Suns,2026-03-25T03:10:00Z,player_rebounds,5.5,-120,-108,betonlineag,,2026-03-24T23:20:36Z,20260324T232108Z,2025-26,5cc255e5f9f9fefa4cc7e5316e16a519
Grayson Allen,Denver Nuggets,Phoenix Suns,2026-03-25T03:10:00Z,player_rebounds,2.5,-101,-128,betonlineag,,2026-03-24T23:20:36Z,20260324T232108Z,2025-26,5cc255e5f9f9fefa4cc7e5316e16a519
Royce O'Neale,Denver Nuggets,Phoenix Suns,2026-03-25T03:10:00Z,player_rebounds,4.5,107,-139,betonlineag,,2026-03-24T23:20:36Z,20260324T232108Z,2025-26,5cc255e5f9f9fefa4cc7e5316e16a519
Collin Gillespie,Denver Nuggets,Phoenix Suns,2026-03-25T03:10:00Z,player_rebounds,3.5,-145,112,betonlineag,,2026-03-24T23:20:36Z,20260324T232108Z,2025-26,5cc255e5f9f9fefa4cc7e5316e16a519
Oso Ighodaro,Denver Nuggets,Phoenix Suns,2026-03-25T03:10:00Z,player_rebounds,6.5,-122,-106,betonlineag,,2026-03-24T23:20:36Z,20260324T232108Z,2025-26,5cc255e5f9f9fefa4cc7e5316e16a519
Tim Hardaway Jr,Denver Nuggets,Phoenix Suns,2026-03-25T03:10:00Z,player_rebounds,2.5,-106,-122,betonlineag,,2026-03-24T23:20:36Z,20260324T232108Z,2025-26,5cc255e5f9f9fefa4cc7e5316e16a519
Cameron Johnson,Denver Nuggets,Phoenix Suns,2026-03-25T03:10:00Z,player_rebounds,3.5,-120,-108,betonlineag,,2026-03-24T23:20:36Z,20260324T232108Z,2025-26,5cc255e5f9f9fefa4cc7e5316e16a519
Nikola Jokic,Denver Nuggets,Phoenix Suns,2026-03-25T03:10:00Z,player_rebounds,13.5,100,-130,betonlineag,,2026-03-24T23:20:36Z,20260324T232108Z,2025-26,5cc255e5f9f9fefa4cc7e5316e16a519
Christian Braun,Denver Nuggets,Phoenix Suns,2026-03-25T03:10:00Z,player_rebounds,5.5,113,-147,betonlineag,,2026-03-24T23:20:36Z,20260324T232108Z,2025-26,5cc255e5f9f9fefa4cc7e5316e16a519
Jalen Green,Denver Nuggets,Phoenix Suns,2026-03-25T03:10:00Z,player_rebounds,4.5,122,-159,betonlineag,,2026-03-24T23:20:36Z,20260324T232108Z,2025-26,5cc255e5f9f9fefa4cc7e5316e16a519
Bruce Brown,Denver Nuggets,Phoenix Suns,2026-03-25T03:10:00Z,player_rebounds,3.5,126,-164,betonlineag,,2026-03-24T23:20:36Z,20260324T232108Z,2025-26,5cc255e5f9f9fefa4cc7e5316e16a519
Aaron Gordon,Denver Nuggets,Phoenix Suns,2026-03-25T03:10:00Z,player_rebounds,4.5,-220,165,bovada,,2026-03-24T23:18:20Z,20260324T232108Z,2025-26,5cc255e5f9f9fefa4cc7e5316e16a519
Aaron Gordon,Denver Nuggets,Phoenix Suns,2026-03-25T03:10:00Z,player_rebounds,5.5,-115,-115,bovada,,2026-03-24T23:18:20Z,20260324T232108Z,2025-26,5cc255e5f9f9fefa4cc7e5316e16a519
Aaron Gordon,Denver Nuggets,Phoenix Suns,2026-03-25T03:10:00Z,player_rebounds,6.5,155,-210,bovada,,2026-03-24T23:18:20Z,20260324T232108Z,2025-26,5cc255e5f9f9fefa4cc7e5316e16a519
Bruce Brown,Denver Nuggets,Phoenix Suns,2026-03-25T03:10:00Z,player_rebounds,2.5,-190,145,bovada,,2026-03-24T23:18:20Z,20260324T232108Z,2025-26,5cc255e5f9f9fefa4cc7e5316e16a519
Bruce Brown,Denver Nuggets,Phoenix Suns,2026-03-25T03:10:00Z,player_rebounds,3.5,120,-160,bovada,,2026-03-24T23:18:20Z,20260324T232108Z,2025-26,5cc255e5f9f9fefa4cc7e5316e16a519
Cameron Johnson,Denver Nuggets,Phoenix Suns,2026-03-25T03:10:00Z,player_rebounds,3.5,-125,-105,bovada,,2026-03-24T23:18:20Z,20260324T232108Z,2025-26,5cc255e5f9f9fefa4cc7e5316e16a519
Cameron Johnson,Denver Nuggets,Phoenix Suns,2026-03-25T03:10:00Z,player_rebounds,4.5,165,-220,bovada,,2026-03-24T23:18:20Z,20260324T232108Z,2025-26,5cc255e5f9f9fefa4cc7e5316e16a519
Christian Braun,Denver Nuggets,Phoenix Suns,2026-03-25T03:10:00Z,player_rebounds,4.5,-170,130,bovada,,2026-03-24T23:18:20Z,20260324T232108Z,2025-26,5cc255e5f9f9fefa4cc7e5316e16a519
Christian Braun,Denver Nuggets,Phoenix Suns,2026-03-25T03:10:00Z,player_rebounds,5.5,110,-145,bovada,,2026-03-24T23:18:20Z,20260324T232108Z,2025-26,5cc255e5f9f9fefa4cc7e5316e16a519
Christian Braun,Denver Nuggets,Phoenix Suns,2026-03-25T03:10:00Z,player_rebounds,6.5,200,-275,bovada,,2026-03-24T23:18:20Z,20260324T232108Z,2025-26,5cc255e5f9f9fefa4cc7e5316e16a519
Collin Gillespie,Denver Nuggets,Phoenix Suns,2026-03-25T03:10:00Z,player_rebounds,3.5,-150,115,bovada,,2026-03-24T23:18:20Z,20260324T232108Z,2025-26,5cc255e5f9f9fefa4cc7e5316e16a519
Collin Gillespie,Denver Nuggets,Phoenix Suns,2026-03-25T03:10:00Z,player_rebounds,4.5,135,-180,bovada,,2026-03-24T23:18:20Z,20260324T232108Z,2025-26,5cc255e5f9f9fefa4cc7e5316e16a519
Devin Booker,Denver Nuggets,Phoenix Suns,2026-03-25T03:10:00Z,player_rebounds,3.5,-135,105,bovada,,2026-03-24T23:18:20Z,20260324T232108Z,2025-26,5cc255e5f9f9fefa4cc7e5316e16a519
Devin Booker,Denver Nuggets,Phoenix Suns,2026-03-25T03:10:00Z,player_rebounds,4.5,150,-200,bovada,,2026-03-24T23:18:20Z,20260324T232108Z,2025-26,5cc255e5f9f9fefa4cc7e5316e16a519
Grayson Allen,Denver Nuggets,Phoenix Suns,2026-03-25T03:10:00Z,player_rebounds,1.5,-280,205,bovada,,2026-03-24T23:18:20Z,20260324T232108Z,2025-26,5cc255e5f9f9fefa4cc7e5316e16a519
Grayson Allen,Denver Nuggets,Phoenix Suns,2026-03-25T03:10:00Z,player_rebounds,2.5,100,-130,bovada,,2026-03-24T23:18:20Z,20260324T232108Z,2025-26,5cc255e5f9f9fefa4cc7e5316e16a519
Jalen Green,Denver Nuggets,Phoenix Suns,2026-03-25T03:10:00Z,player_rebounds,3.5,-180,135,bovada,,2026-03-24T23:18:20Z,20260324T232108Z,2025-26,5cc255e5f9f9fefa4cc7e5316e16a519
Jalen Green,Denver Nuggets,Phoenix Suns,2026-03-25T03:10:00Z,player_rebounds,4.5,115,-150,bovada,,2026-03-24T23:18:20Z,20260324T232108Z,2025-26,5cc255e5f9f9fefa4cc7e5316e16a519
Jamal Murray,Denver Nuggets,Phoenix Suns,2026-03-25T03:10:00Z,player_rebounds,3.5,-200,150,bovada,,2026-03-24T23:18:20Z,20260324T232108Z,2025-26,5cc255e5f9f9fefa4cc7e5316e16a519
Jamal Murray,Denver Nuggets,Phoenix Suns,2026-03-25T03:10:00Z,player_rebounds,4.5,105,-135,bovada,,2026-03-24T23:18:20Z,20260324T232108Z,2025-26,5cc255e5f9f9fefa4cc7e5316e16a519
Jamal Murray,Denver Nuggets,Phoenix Suns,2026-03-25T03:10:00Z,player_rebounds,5.5,200,-275,bovada,,2026-03-24T23:18:20Z,20260324T232108Z,2025-26,5cc255e5f9f9fefa4cc7e5316e16a519
Nikola Jokic,Denver Nuggets,Phoenix Suns,2026-03-25T03:10:00Z,player_rebounds,11.5,-230,170,bovada,,2026-03-24T23:18:20Z,20260324T232108Z,2025-26,5cc255e5f9f9fefa4cc7e5316e16a519
Nikola Jokic,Denver Nuggets,Phoenix Suns,2026-03-25T03:10:00Z,player_rebounds,12.5,-150,115,bovada,,2026-03-24T23:18:20Z,20260324T232108Z,2025-26,5cc255e5f9f9fefa4cc7e5316e16a519
Nikola Jokic,Denver Nuggets,Phoenix Suns,2026-03-25T03:10:00Z,player_rebounds,13.5,100,-130,bovada,,2026-03-24T23:18:20Z,20260324T232108Z,2025-26,5cc255e5f9f9fefa4cc7e5316e16a519
Nikola Jokic,Denver Nuggets,Phoenix Suns,2026-03-25T03:10:00Z,player_rebounds,14.5,145,-190,bovada,,2026-03-24T23:18:20Z,20260324T232108Z,2025-26,5cc255e5f9f9fefa4cc7e5316e16a519
Nikola Jokic,Denver Nuggets,Phoenix Suns,2026-03-25T03:10:00Z,player_rebounds,15.5,215,-300,bovada,,2026-03-24T23:18:20Z,20260324T232108Z,2025-26,5cc255e5f9f9fefa4cc7e5316e16a519
Oso Ighodaro,Denver Nuggets,Phoenix Suns,2026-03-25T03:10:00Z,player_rebounds,5.5,-240,175,bovada,,2026-03-24T23:18:20Z,20260324T232108Z,2025-26,5cc255e5f9f9fefa4cc7e5316e16a519
Oso Ighodaro,Denver Nuggets,Phoenix Suns,2026-03-25T03:10:00Z,player_rebounds,6.5,-130,100,bovada,,2026-03-24T23:18:20Z,20260324T232108Z,2025-26,5cc255e5f9f9fefa4cc7e5316e16a519
Oso Ighodaro,Denver Nuggets,Phoenix Suns,2026-03-25T03:10:00Z,player_rebounds,7.5,130,-170,bovada,,2026-03-24T23:18:20Z,20260324T232108Z,2025-26,5cc255e5f9f9fefa4cc7e5316e16a519
Rasheer Fleming,Denver Nuggets,Phoenix Suns,2026-03-25T03:10:00Z,player_rebounds,2.5,-220,165,bovada,,2026-03-24T23:18:20Z,20260324T232108Z,2025-26,5cc255e5f9f9fefa4cc7e5316e16a519
Rasheer Fleming,Denver Nuggets,Phoenix Suns,2026-03-25T03:10:00Z,player_rebounds,3.5,105,-135,bovada,,2026-03-24T23:18:20Z,20260324T232108Z,2025-26,5cc255e5f9f9fefa4cc7e5316e16a519
Rasheer Fleming,Denver Nuggets,Phoenix Suns,2026-03-25T03:10:00Z,player_rebounds,4.5,215,-300,bovada,,2026-03-24T23:18:20Z,20260324T232108Z,2025-26,5cc255e5f9f9fefa4cc7e5316e16a519
Royce O'Neale,Denver Nuggets,Phoenix Suns,2026-03-25T03:10:00Z,player_rebounds,3.5,-200,150,bovada,,2026-03-24T23:18:20Z,20260324T232108Z,2025-26,5cc255e5f9f9fefa4cc7e5316e16a519
Royce O'Neale,Denver Nuggets,Phoenix Suns,2026-03-25T03:10:00Z,player_rebounds,4.5,105,-135,bovada,,2026-03-24T23:18:20Z,20260324T232108Z,2025-26,5cc255e5f9f9fefa4cc7e5316e16a519
Royce O'Neale,Denver Nuggets,Phoenix Suns,2026-03-25T03:10:00Z,player_rebounds,5.5,200,-275,bovada,,2026-03-24T23:18:20Z,20260324T232108Z,2025-26,5cc255e5f9f9fefa4cc7e5316e16a519
Tim Hardaway Jr,Denver Nuggets,Phoenix Suns,2026-03-25T03:10:00Z,player_rebounds,2.5,-115,-115,bovada,,2026-03-24T23:18:20Z,20260324T232108Z,2025-26,5cc255e5f9f9fefa4cc7e5316e16a519
Tim Hardaway Jr,Denver Nuggets,Phoenix Suns,2026-03-25T03:10:00Z,player_rebounds,3.5,200,-275,bovada,,2026-03-24T23:18:20Z,20260324T232108Z,2025-26,5cc255e5f9f9fefa4cc7e5316e16a519
Cameron Johnson,Denver Nuggets,Phoenix Suns,2026-03-25T03:10:00Z,player_rebounds,3.5,-121,-110,williamhill_us,,2026-03-24T23:20:13Z,20260324T232108Z,2025-26,5cc255e5f9f9fefa4cc7e5316e16a519
Devin Booker,Denver Nuggets,Phoenix Suns,2026-03-25T03:10:00Z,player_rebounds,3.5,-150,112,williamhill_us,,2026-03-24T23:20:13Z,20260324T232108Z,2025-26,5cc255e5f9f9fefa4cc7e5316e16a519
Oso Ighodaro,Denver Nuggets,Phoenix Suns,2026-03-25T03:10:00Z,player_rebounds,6.5,-129,-105,williamhill_us,,2026-03-24T23:20:13Z,20260324T232108Z,2025-26,5cc255e5f9f9fefa4cc7e5316e16a519
Collin Gillespie,Denver Nuggets,Phoenix Suns,2026-03-25T03:10:00Z,player_rebounds,3.5,-150,111,williamhill_us,,2026-03-24T23:20:13Z,20260324T232108Z,2025-26,5cc255e5f9f9fefa4cc7e5316e16a519
Bruce Brown,Denver Nuggets,Phoenix Suns,2026-03-25T03:10:00Z,player_rebounds,3.5,121,-162,williamhill_us,,2026-03-24T23:20:13Z,20260324T232108Z,2025-26,5cc255e5f9f9fefa4cc7e5316e16a519
Nikola Jokic,Denver Nuggets,Phoenix Suns,2026-03-25T03:10:00Z,player_rebounds,13.5,102,-136,williamhill_us,,2026-03-24T23:20:13Z,20260324T232108Z,2025-26,5cc255e5f9f9fefa4cc7e5316e16a519
Rasheer Fleming,Denver Nuggets,Phoenix Suns,2026-03-25T03:10:00Z,player_rebounds,3.5,112,-170,williamhill_us,,2026-03-24T23:20:13Z,20260324T232108Z,2025-26,5cc255e5f9f9fefa4cc7e5316e16a519
Jalen Green,Denver Nuggets,Phoenix Suns,2026-03-25T03:10:00Z,player_rebounds,3.5,-164,123,williamhill_us,,2026-03-24T23:20:13Z,20260324T232108Z,2025-26,5cc255e5f9f9fefa4cc7e5316e16a519
Christian Braun,Denver Nuggets,Phoenix Suns,2026-03-25T03:10:00Z,player_rebounds,5.5,115,-154,williamhill_us,,2026-03-24T23:20:13Z,20260324T232108Z,2025-26,5cc255e5f9f9fefa4cc7e5316e16a519
Aaron Gordon,Denver Nuggets,Phoenix Suns,2026-03-25T03:10:00Z,player_rebounds,5.5,-130,-102,williamhill_us,,2026-03-24T23:20:13Z,20260324T232108Z,2025-26,5cc255e5f9f9fefa4cc7e5316e16a519
Royce O'Neale,Denver Nuggets,Phoenix Suns,2026-03-25T03:10:00Z,player_rebounds,4.5,108,-143,williamhill_us,,2026-03-24T23:20:13Z,20260324T232108Z,2025-26,5cc255e5f9f9fefa4cc7e5316e16a519
Jamal Murray,Denver Nuggets,Phoenix Suns,2026-03-25T03:10:00Z,player_rebounds,4.5,101,-134,williamhill_us,,2026-03-24T23:20:13Z,20260324T232108Z,2025-26,5cc255e5f9f9fefa4cc7e5316e16a519
Collin Gillespie,Denver Nuggets,Phoenix Suns,2026-03-25T03:10:00Z,player_rebounds,3.5,-150,110,betmgm,,2026-03-24T23:19:30Z,20260324T232108Z,2025-26,5cc255e5f9f9fefa4cc7e5316e16a519
Oso Ighodaro,Denver Nuggets,Phoenix Suns,2026-03-25T03:10:00Z,player_rebounds,6.5,-105,-125,betmgm,,2026-03-24T23:19:30Z,20260324T232108Z,2025-26,5cc255e5f9f9fefa4cc7e5316e16a519
Royce O'Neale,Denver Nuggets,Phoenix Suns,2026-03-25T03:10:00Z,player_rebounds,4.5,105,-140,betmgm,,2026-03-24T23:19:30Z,20260324T232108Z,2025-26,5cc255e5f9f9fefa4cc7e5316e16a519
Devin Booker,Denver Nuggets,Phoenix Suns,2026-03-25T03:10:00Z,player_rebounds,3.5,-150,110,betmgm,,2026-03-24T23:19:30Z,20260324T232108Z,2025-26,5cc255e5f9f9fefa4cc7e5316e16a519
Tim Hardaway Jr,Denver Nuggets,Phoenix Suns,2026-03-25T03:10:00Z,player_rebounds,2.5,100,-135,betmgm,,2026-03-24T23:19:30Z,20260324T232108Z,2025-26,5cc255e5f9f9fefa4cc7e5316e16a519
Nikola Jokic,Denver Nuggets,Phoenix Suns,2026-03-25T03:10:00Z,player_rebounds,13.5,-105,-125,betmgm,,2026-03-24T23:19:30Z,20260324T232108Z,2025-26,5cc255e5f9f9fefa4cc7e5316e16a519
Jamal Murray,Denver Nuggets,Phoenix Suns,2026-03-25T03:10:00Z,player_rebounds,4.5,120,-160,betmgm,,2026-03-24T23:19:30Z,20260324T232108Z,2025-26,5cc255e5f9f9fefa4cc7e5316e16a519
Cameron Johnson,Denver Nuggets,Phoenix Suns,2026-03-25T03:10:00Z,player_rebounds,3.5,-120,-110,betmgm,,2026-03-24T23:19:30Z,20260324T232108Z,2025-26,5cc255e5f9f9fefa4cc7e5316e16a519
Aaron Gordon,Denver Nuggets,Phoenix Suns,2026-03-25T03:10:00Z,player_rebounds,5.5,-115,-115,betmgm,,2026-03-24T23:19:30Z,20260324T232108Z,2025-26,5cc255e5f9f9fefa4cc7e5316e16a519
Grayson Allen,Denver Nuggets,Phoenix Suns,2026-03-25T03:10:00Z,player_rebounds,2.5,-110,-120,betmgm,,2026-03-24T23:19:30Z,20260324T232108Z,2025-26,5cc255e5f9f9fefa4cc7e5316e16a519
Christian Braun,Denver Nuggets,Phoenix Suns,2026-03-25T03:10:00Z,player_rebounds,5.5,115,-155,betmgm,,2026-03-24T23:19:30Z,20260324T232108Z,2025-26,5cc255e5f9f9fefa4cc7e5316e16a519
Rasheer Fleming,Denver Nuggets,Phoenix Suns,2026-03-25T03:10:00Z,player_rebounds,3.5,105,-140,betmgm,,2026-03-24T23:19:30Z,20260324T232108Z,2025-26,5cc255e5f9f9fefa4cc7e5316e16a519
Jalen Green,Denver Nuggets,Phoenix Suns,2026-03-25T03:10:00Z,player_rebounds,3.5,-165,125,betmgm,,2026-03-24T23:19:30Z,20260324T232108Z,2025-26,5cc255e5f9f9fefa4cc7e5316e16a519
