play_num,quarter,game_minute,cumulative_points,prob_over,prob_over_smooth
1,1,0.0000,0,0.4940,0.4614
2,1,0.2167,0,0.4950,0.4605
3,1,0.6000,0,0.4760,0.4576
4,1,0.6333,0,0.4760,0.4543
5,1,0.8667,0,0.4690,0.4509
6,1,1.0000,0,0.4490,0.4487
7,1,1.1333,0,0.4340,0.4456
8,1,1.2000,0,0.4370,0.4516
9,1,1.4333,0,0.4370,0.4578
10,1,1.4833,0,0.4470,0.4631
11,1,1.5333,0,0.4510,0.4693
12,1,1.5333,0,0.4260,0.4718
13,1,1.8167,0,0.4150,0.4739
14,1,2.1000,0,0.4070,0.4773
15,1,2.1667,0,0.4170,0.4782
16,1,2.3833,0,0.4000,0.4806
17,1,2.6333,3,0.5470,0.4824
18,1,2.7500,3,0.5630,0.4860
19,1,2.7500,3,0.5580,0.4873
20,1,2.7500,3,0.5870,0.4968
21,1,2.9333,3,0.5450,0.5010
22,1,3.2333,3,0.5380,0.5008
23,1,3.5500,3,0.5420,0.5092
24,1,3.6000,3,0.4960,0.5184
25,1,3.7000,3,0.5170,0.5282
26,1,3.9667,3,0.4840,0.5380
27,1,4.0167,3,0.5050,0.5470
28,1,4.0333,3,0.4640,0.5505
31,1,4.0833,5,0.6270,0.5508
30,1,4.0833,4,0.5310,0.5516
29,1,4.0833,3,0.4470,0.5523
32,1,4.2000,5,0.5940,0.5549
33,1,4.2667,5,0.5990,0.5575
34,1,4.4333,5,0.6040,0.5588
35,1,4.4667,5,0.6120,0.5621
36,1,4.5500,5,0.5790,0.5652
37,1,4.5833,5,0.6180,0.5688
38,1,4.7167,5,0.5700,0.5704
39,1,4.7167,5,0.5740,0.5731
40,1,4.7167,5,0.6000,0.5750
41,1,4.7167,5,0.5970,0.5817
42,1,4.8667,5,0.5890,0.5925
43,1,4.9500,5,0.5690,0.5975
44,1,5.0000,5,0.5630,0.6034
45,1,5.0667,5,0.5780,0.6095
46,1,5.4167,5,0.5560,0.6207
47,1,5.4833,5,0.5380,0.6323
48,1,5.5500,5,0.5180,0.6422
49,1,5.8000,7,0.6650,0.6545
50,1,5.8000,7,0.6640,0.6666
51,1,5.8000,7,0.6630,0.6763
52,1,5.8000,7,0.6930,0.6859
53,1,5.8000,8,0.7170,0.6962
54,1,6.0167,8,0.7270,0.7071
55,1,6.2667,11,0.8360,0.7193
56,1,6.5333,11,0.8110,0.7309
57,1,6.7500,11,0.8160,0.7427
58,1,6.8333,11,0.8160,0.7552
59,1,6.8500,11,0.8170,0.7685
60,1,6.9000,11,0.7920,0.7744
61,1,7.1833,11,0.7900,0.7799
62,1,7.1833,11,0.7950,0.7861
63,1,7.1833,11,0.7870,0.7908
64,1,7.1833,11,0.8060,0.7945
65,1,7.1833,11,0.8110,0.7967
66,1,7.4833,11,0.7920,0.7940
67,1,7.5500,11,0.7880,0.7915
68,1,7.7167,11,0.7840,0.7898
69,1,7.7167,11,0.7830,0.7867
70,1,7.7167,11,0.7740,0.7847
71,1,7.7167,11,0.7870,0.7833
72,1,7.7167,11,0.7870,0.7798
73,1,7.9667,11,0.7920,0.7798
74,1,8.0500,11,0.7700,0.7820
75,1,8.1167,11,0.7820,0.7827
76,1,8.2000,11,0.7610,0.7843
77,1,8.4667,11,0.7820,0.7848
78,1,8.5167,11,0.7530,0.7873
79,1,8.6500,11,0.7770,0.7889
80,1,8.9333,11,0.7640,0.7912
81,1,9.0333,11,0.7220,0.7945
82,1,9.0667,13,0.7940,0.7955
83,1,9.0833,13,0.8310,0.7968
84,1,9.0833,13,0.8190,0.7975
85,1,9.0833,13,0.8430,0.7990
86,1,9.0833,13,0.8020,0.8003
87,1,9.0833,13,0.8400,0.8018
88,1,9.3500,13,0.8150,0.8022
89,1,9.3667,13,0.8280,0.8044
90,1,9.4000,13,0.8410,0.8057
91,1,9.4667,13,0.8080,0.8073
92,1,9.4833,13,0.8120,0.8105
93,1,9.5000,13,0.8050,0.8082
94,1,9.8833,13,0.8010,0.8043
95,1,10.0333,13,0.8090,0.8030
96,1,10.0333,13,0.7900,0.7986
97,1,10.3167,13,0.7900,0.7953
98,1,10.5667,13,0.7960,0.7925
99,1,10.5667,13,0.8040,0.7892
100,1,10.5667,13,0.7950,0.7835
101,1,10.8333,13,0.7870,0.7778
102,1,10.9000,13,0.7490,0.7752
103,1,10.9500,13,0.7510,0.7727
105,1,11.1133,13,0.7940,0.7689
104,1,11.1133,13,0.7560,0.7660
106,1,11.3733,13,0.7350,0.7620
107,1,11.3733,13,0.7840,0.7584
108,1,11.5600,13,0.7490,0.7551
109,1,11.5600,13,0.7140,0.7514
110,1,11.5600,13,0.7270,0.7484
111,1,11.5600,13,0.7570,0.7463
112,1,11.5600,13,0.7600,0.7440
113,1,11.5600,13,0.7300,0.7427
114,1,11.5600,13,0.7430,0.7411
115,1,11.7767,13,0.7290,0.7379
116,1,11.9667,13,0.7180,0.7365
117,1,11.9767,13,0.7250,0.7354
118,1,11.9983,13,0.7210,0.7332
123,2,12.0000,13,0.7430,0.7329
121,2,12.0000,13,0.7550,0.7321
122,2,12.0000,13,0.7390,0.7312
120,2,12.0000,13,0.7240,0.7276
119,1,12.0000,13,0.7190,0.7237
124,2,12.2333,13,0.7290,0.7215
125,2,12.3000,13,0.7290,0.7189
126,2,12.4667,13,0.7140,0.7162
127,2,12.6833,13,0.7390,0.7146
128,2,12.6833,13,0.7440,0.7115
129,2,12.8500,13,0.6980,0.7093
130,2,13.0167,13,0.7090,0.7057
131,2,13.3833,13,0.6850,0.7013
132,2,13.3833,13,0.6810,0.6975
133,2,13.3833,13,0.6870,0.6946
134,2,13.5667,13,0.6900,0.6898
136,2,13.8167,13,0.6740,0.6857
135,2,13.8167,13,0.6860,0.6825
137,2,13.9500,13,0.6640,0.6788
138,2,14.0333,13,0.6760,0.6741
139,2,14.0833,13,0.6730,0.6683
140,2,14.0833,13,0.6650,0.6642
141,2,14.0833,13,0.6630,0.6605
142,2,14.2000,13,0.6680,0.6578
143,2,14.3667,13,0.6220,0.6544
144,2,14.3833,13,0.6480,0.6503
145,2,14.5000,13,0.6630,0.6522
146,2,14.5167,13,0.6420,0.6541
147,2,14.5667,13,0.6440,0.6566
148,2,14.6500,13,0.6270,0.6600
149,2,14.7833,13,0.6170,0.6628
150,2,14.7833,13,0.6350,0.6654
151,2,14.9167,13,0.6300,0.6690
152,2,15.0833,13,0.6150,0.6724
153,2,15.0833,13,0.6050,0.6763
154,2,15.3000,15,0.7260,0.6808
155,2,15.5167,15,0.7130,0.6840
156,2,15.5167,15,0.7360,0.6866
157,2,15.5167,15,0.7320,0.6887
158,2,15.8167,15,0.7320,0.6916
159,2,15.8167,15,0.7260,0.6956
160,2,15.8167,15,0.7360,0.7005
161,2,15.8167,15,0.7300,0.7026
162,2,15.8167,15,0.7470,0.7052
163,2,15.9167,15,0.7120,0.7093
164,2,16.0167,15,0.7120,0.7133
169,2,16.2833,15,0.7160,0.7108
168,2,16.2833,15,0.6830,0.7082
165,2,16.2833,15,0.7030,0.7055
166,2,16.2833,15,0.7070,0.7011
167,2,16.2833,15,0.7130,0.7025
170,2,16.6833,15,0.6770,0.7048
171,2,16.8833,15,0.6840,0.7072
172,2,16.9000,15,0.6970,0.7097
173,2,17.0333,15,0.6840,0.7107
174,2,17.0833,15,0.6770,0.7134
175,2,17.1167,15,0.6600,0.7168
176,2,17.5167,15,0.6820,0.7190
177,2,17.6333,15,0.6430,0.7230
178,2,17.8667,17,0.7610,0.7247
183,2,18.0667,17,0.7720,0.7256
184,2,18.0667,17,0.7840,0.7297
182,2,18.0667,17,0.7810,0.7379
181,2,18.0667,17,0.7660,0.7459
180,2,18.0667,17,0.7660,0.7531
179,2,18.0667,17,0.7810,0.7612
185,2,18.3667,17,0.7580,0.7689
186,2,18.4833,17,0.7650,0.7772
187,2,18.4833,17,0.7360,0.7845
188,2,18.7833,17,0.7250,0.7936
189,2,18.7833,18,0.7940,0.7964
190,2,18.7833,19,0.8420,0.7976
191,2,19.0333,19,0.8440,0.7992
192,2,19.2167,19,0.8410,0.7991
193,2,19.2667,19,0.8460,0.8001
194,2,19.3500,19,0.8310,0.8012
195,2,19.4167,19,0.8250,0.8021
196,2,19.7000,19,0.8290,0.8054
197,2,19.9500,19,0.8260,0.8070
198,2,19.9833,19,0.8150,0.8098
199,2,20.0333,19,0.7970,0.8127
200,2,20.2500,19,0.8160,0.8127
201,2,20.4667,19,0.7790,0.8098
202,2,20.4667,19,0.7860,0.8070
203,2,20.4667,19,0.7870,0.8044
204,2,20.4667,19,0.7990,0.8018
205,2,20.4667,19,0.8260,0.7993
206,2,20.4667,19,0.7960,0.7958
207,2,20.4667,19,0.7920,0.7939
208,2,20.4667,19,0.7830,0.7914
209,2,20.4667,19,0.7940,0.7897
210,2,20.6167,19,0.7850,0.7876
211,2,20.6833,19,0.7880,0.7847
217,2,20.9500,19,0.7870,0.7838
216,2,20.9500,19,0.7960,0.7817
215,2,20.9500,19,0.7800,0.7802
212,2,20.9500,19,0.7550,0.7779
213,2,20.9500,19,0.7910,0.7747
214,2,20.9500,19,0.7750,0.7705
218,2,21.2500,19,0.7820,0.7670
219,2,21.5000,19,0.7540,0.7645
220,2,21.7833,19,0.7590,0.7604
221,2,21.8167,19,0.7600,0.7576
222,2,21.9000,19,0.7440,0.7551
223,2,21.9500,19,0.7570,0.7522
224,2,21.9833,19,0.7540,0.7495
230,2,22.2833,19,0.7630,0.7453
229,2,22.2833,19,0.7100,0.7424
228,2,22.2833,19,0.7230,0.7382
226,2,22.2833,19,0.7320,0.7380
225,2,22.2833,19,0.7120,0.7370
227,2,22.2833,19,0.7300,0.7401
231,2,22.5667,19,0.7390,0.7431
232,2,22.6000,19,0.7280,0.7453
233,2,23.0750,19,0.7410,0.7491
234,2,23.3567,19,0.6970,0.7509
235,2,23.3567,19,0.6970,0.7551
236,2,23.3567,19,0.7080,0.7588
237,2,23.3567,20,0.7710,0.7656
238,2,23.3567,20,0.7610,0.7721
239,2,23.3567,21,0.8160,0.7787
240,2,23.6150,21,0.8200,0.7862
241,2,23.6600,21,0.8030,0.7927
243,2,23.9917,22,0.8210,0.7984
242,2,23.9917,21,0.7920,0.8046
244,2,23.9917,22,0.8390,0.8096
246,2,23.9983,22,0.8350,0.8168
245,2,23.9983,22,0.8470,0.8236
247,2,24.0000,22,0.8530,0.8289
248,3,24.0000,22,0.8650,0.8322
249,3,24.0000,22,0.8610,0.8351
250,3,24.0000,22,0.8610,0.8336
251,3,24.0000,22,0.8520,0.8318
252,3,24.2000,22,0.8530,0.8305
253,3,24.5833,22,0.8400,0.8280
254,3,24.6000,22,0.8400,0.8271
255,3,24.6000,22,0.8330,0.8242
256,3,24.9000,22,0.8140,0.8264
257,3,24.9333,22,0.8370,0.8261
258,3,25.0833,22,0.8190,0.8268
259,3,25.3833,22,0.7860,0.8259
260,3,25.4333,22,0.7850,0.8265
261,3,25.5833,22,0.7770,0.8261
262,3,25.6667,22,0.7700,0.8256
263,3,25.7667,22,0.7750,0.8233
264,3,25.7667,22,0.7820,0.8207
265,3,25.9000,24,0.8770,0.8204
266,3,26.2000,24,0.8420,0.8193
267,3,26.3500,24,0.8680,0.8186
268,3,26.5667,24,0.8470,0.8162
269,3,26.5833,24,0.8720,0.8152
270,3,26.6000,24,0.8540,0.8162
271,3,26.9833,24,0.8410,0.8171
272,3,27.0500,24,0.8080,0.8180
273,3,27.1000,24,0.7880,0.8181
274,3,27.2333,24,0.8320,0.8181
275,3,27.6000,24,0.8110,0.8167
279,3,27.6500,24,0.8010,0.8095
278,3,27.6500,24,0.7880,0.8034
276,3,27.6500,24,0.7990,0.7959
277,3,27.6500,24,0.8070,0.7900
280,3,27.6833,24,0.8020,0.7812
281,3,27.8000,24,0.7950,0.7729
282,3,28.0833,24,0.7740,0.7656
283,3,28.4333,24,0.7740,0.7617
284,3,28.6500,24,0.7530,0.7578
285,3,28.8667,24,0.7350,0.7510
286,3,28.9500,24,0.7180,0.7450
287,3,29.0333,24,0.7190,0.7396
288,3,29.0333,24,0.7290,0.7331
289,3,29.3167,24,0.6950,0.7272
290,3,29.3333,24,0.6880,0.7208
291,3,29.3333,24,0.6960,0.7154
292,3,29.5333,24,0.7300,0.7158
293,3,29.5500,24,0.7100,0.7163
294,3,29.5500,24,0.6960,0.7193
295,3,29.8167,24,0.6900,0.7218
296,3,29.8167,24,0.6930,0.7258
297,3,29.8167,24,0.6600,0.7309
298,3,29.9333,24,0.6800,0.7361
299,3,30.0000,24,0.6780,0.7410
300,3,30.1333,24,0.6950,0.7466
304,3,30.2167,26,0.8030,0.7526
303,3,30.2167,26,0.7840,0.7583
305,3,30.2167,27,0.8350,0.7619
301,3,30.2167,26,0.8010,0.7663
302,3,30.2167,26,0.8170,0.7714
306,3,30.4833,27,0.8200,0.7764
307,3,30.7333,27,0.8230,0.7811
308,3,30.7833,27,0.8270,0.7865
309,3,30.9500,27,0.8050,0.7918
310,3,31.0333,27,0.8080,0.7966
311,3,31.2167,27,0.8120,0.7993
312,3,31.2667,27,0.8000,0.7986
313,3,31.5000,27,0.7980,0.7983
314,3,31.5000,27,0.7980,0.7933
315,3,31.5000,27,0.7910,0.7905
316,3,31.5000,27,0.7870,0.7870
317,3,31.5000,27,0.7680,0.7829
318,3,31.5333,27,0.7870,0.7802
319,3,31.8667,27,0.7740,0.7759
320,3,31.9167,27,0.7480,0.7728
321,3,31.9333,27,0.7890,0.7692
322,3,32.1500,27,0.7790,0.7653
323,3,32.4167,27,0.7330,0.7682
324,3,32.4167,27,0.7470,0.7706
325,3,32.4167,27,0.7460,0.7724
326,3,32.4833,27,0.7390,0.7749
327,3,32.7667,27,0.7680,0.7774
328,3,32.7667,27,0.7410,0.7811
329,3,32.7667,27,0.7440,0.7846
330,3,32.7667,27,0.7340,0.7873
331,3,32.7667,27,0.7350,0.7922
332,3,33.0667,30,0.8580,0.7933
333,3,33.2833,30,0.8460,0.7954
339,3,33.4667,30,0.8350,0.8014
337,3,33.4667,30,0.8390,0.8053
338,3,33.4667,30,0.8390,0.8096
335,3,33.4667,30,0.8410,0.8148
334,3,33.4667,30,0.8580,0.8164
336,3,33.4667,30,0.8280,0.8200
340,3,33.5333,30,0.8450,0.8235
341,3,33.5333,30,0.8120,0.8265
342,3,33.5333,30,0.8190,0.8306
343,3,33.5333,30,0.8530,0.8292
344,3,33.7333,30,0.8260,0.8271
345,3,33.7333,30,0.8320,0.8263
346,3,33.7333,30,0.8440,0.8246
347,3,34.1500,30,0.7990,0.8238
348,3,34.1667,30,0.8120,0.8216
349,3,34.2333,30,0.8140,0.8195
354,3,34.4500,30,0.7950,0.8190
353,3,34.4500,30,0.8160,0.8175
352,3,34.4500,30,0.8310,0.8163
350,3,34.4500,30,0.8050,0.8149
351,3,34.4500,30,0.8180,0.8119
355,3,34.8333,30,0.8040,0.8101
356,3,34.8500,30,0.8230,0.8082
357,3,34.8500,30,0.7980,0.8057
358,3,34.9500,30,0.8160,0.8034
359,3,34.9833,30,0.8180,0.8023
360,3,35.0500,30,0.8140,0.8006
361,3,35.1017,30,0.7890,0.7991
362,3,35.1183,30,0.7900,0.7963
363,3,35.1350,30,0.7940,0.7941
364,3,35.3933,30,0.7910,0.7919
365,3,35.5683,30,0.7930,0.7878
366,3,35.6100,30,0.7950,0.7856
367,3,35.9533,30,0.7530,0.7826
368,3,35.9933,30,0.7890,0.7818
369,3,35.9983,30,0.7800,0.7785
370,3,36.0000,30,0.7650,0.7751
371,4,36.0000,30,0.7600,0.7735
372,4,36.0000,30,0.7870,0.7717
373,4,36.0000,30,0.7620,0.7697
374,4,36.2333,30,0.7360,0.7668
375,4,36.3000,30,0.7590,0.7642
376,4,36.3333,30,0.7620,0.7616
377,4,36.5000,30,0.7830,0.7592
378,4,36.7833,30,0.7500,0.7596
379,4,36.9333,30,0.7500,0.7576
380,4,36.9333,30,0.7810,0.7552
381,4,36.9333,30,0.7540,0.7535
382,4,37.3333,30,0.7500,0.7521
383,4,37.4000,30,0.7360,0.7499
385,4,37.4833,30,0.7400,0.7492
384,4,37.4833,30,0.7400,0.7486
386,4,37.6500,30,0.7470,0.7461
387,4,37.7167,30,0.7620,0.7427
388,4,37.8333,30,0.7480,0.7379
389,4,37.8333,30,0.7310,0.7366
390,4,37.8333,30,0.7310,0.7352
391,4,37.8333,30,0.7330,0.7299
392,4,37.8333,30,0.7440,0.7255
393,4,37.8833,30,0.7480,0.7221
394,4,38.2333,30,0.7230,0.7201
395,4,38.2500,30,0.7100,0.7167
396,4,38.2500,30,0.6930,0.7140
397,4,38.5000,30,0.6870,0.7107
398,4,38.5167,30,0.7230,0.7043
399,4,38.5667,30,0.7240,0.6987
400,4,38.8167,30,0.6750,0.6960
401,4,38.8833,30,0.6660,0.6915
402,4,38.9833,30,0.6810,0.6861
403,4,38.9833,30,0.6960,0.6790
404,4,38.9833,30,0.6720,0.6724
405,4,38.9833,30,0.6860,0.6666
406,4,39.4167,30,0.6800,0.6592
407,4,39.6833,30,0.6340,0.6506
408,4,39.7000,30,0.6370,0.6433
409,4,39.7167,30,0.6770,0.6314
410,4,39.7167,30,0.6410,0.6174
411,4,39.9167,30,0.6240,0.6075
412,4,40.0333,30,0.6020,0.5949
413,4,40.0667,30,0.6180,0.5822
414,4,40.3167,30,0.6070,0.5708
415,4,40.5667,30,0.5610,0.5595
416,4,40.8000,30,0.5200,0.5459
417,4,40.8500,30,0.5410,0.5306
418,4,40.9667,30,0.4870,0.5193
419,4,41.0500,30,0.4430,0.5057
420,4,41.2167,30,0.4770,0.4886
421,4,41.2500,30,0.4140,0.4740
422,4,41.2500,30,0.4280,0.4585
423,4,41.2500,30,0.4660,0.4435
424,4,41.2500,30,0.4460,0.4253
425,4,41.2500,30,0.4150,0.4073
426,4,41.5000,30,0.3750,0.3905
427,4,41.6167,30,0.4070,0.3741
428,4,41.8500,30,0.3650,0.3549
429,4,41.9000,30,0.3360,0.3377
430,4,41.9667,30,0.3480,0.3241
431,4,42.0000,30,0.3140,0.3085
432,4,42.1833,30,0.3030,0.2961
433,4,42.5000,30,0.2530,0.2827
434,4,42.5000,30,0.2480,0.2659
435,4,42.5000,30,0.2240,0.2471
436,4,42.6833,30,0.1920,0.2305
437,4,42.7333,30,0.1570,0.2153
438,4,42.7333,30,0.1440,0.1976
439,4,42.7333,30,0.1700,0.1803
440,4,42.7333,30,0.1640,0.1645
441,4,42.7333,30,0.1660,0.1484
442,4,42.7833,30,0.1600,0.1337
443,4,43.0167,30,0.1300,0.1200
444,4,43.3000,30,0.0700,0.1086
445,4,43.3500,30,0.0840,0.0975
446,4,43.4667,30,0.0710,0.0874
447,4,43.5500,30,0.0540,0.0789
448,4,43.8500,30,0.0180,0.0723
449,4,43.8500,30,0.0200,0.0660
450,4,43.8500,30,0.0250,0.0578
451,4,43.8500,30,0.0220,0.0498
452,4,43.8500,30,0.0280,0.0416
453,4,43.8500,30,0.0260,0.0338
454,4,43.8500,30,0.0260,0.0274
455,4,43.8500,30,0.0210,0.0239
456,4,43.8500,30,0.0210,0.0197
457,4,43.9000,30,0.0250,0.0162
458,4,44.0667,30,0.0190,0.0135
459,4,44.3000,30,0.0050,0.0126
460,4,44.3667,30,0.0060,0.0116
461,4,44.4833,30,0.0020,0.0103
462,4,44.5333,30,0.0030,0.0092
463,4,44.7500,30,0.0010,0.0078
464,4,44.8000,30,0.0010,0.0065
465,4,44.8667,30,0.0000,0.0052
466,4,44.8833,30,0.0000,0.0041
467,4,44.9000,30,0.0000,0.0031
468,4,45.0667,30,0.0000,0.0019
469,4,45.0667,30,0.0000,0.0009
470,4,45.0667,30,0.0000,0.0006
471,4,45.0667,30,0.0000,0.0003
472,4,45.0667,30,0.0000,0.0003
473,4,45.4167,30,0.0000,0.0001
474,4,45.6833,30,0.0000,0.0001
475,4,46.0000,30,0.0000,0.0000
476,4,46.0500,30,0.0000,0.0000
477,4,46.0667,30,0.0000,0.0000
478,4,46.3500,30,0.0000,0.0000
479,4,46.3500,30,0.0000,0.0000
480,4,46.6667,30,0.0000,0.0000
481,4,46.7500,30,0.0000,0.0000
482,4,46.8000,30,0.0000,0.0000
483,4,47.0500,30,0.0000,0.0000
484,4,47.0500,30,0.0000,0.0000
485,4,47.0500,30,0.0000,0.0000
486,4,47.2950,30,0.0000,0.0000
487,4,47.3733,30,0.0000,0.0000
488,4,47.4067,30,0.0000,0.0000
489,4,47.4617,30,0.0000,0.0000
490,4,47.6667,30,0.0000,0.0000
491,4,48.0000,30,0.0000,0.0000
492,4,48.0000,30,0.0000,0.0000
