player_name,game_id,game_date,prop_line,game_minute,quarter,cumulative_points,description,prob_over,final_points,result
LeBron James,401809836,2025-12-10,22.0000,0.0000,1,0,Luke Kornet vs. Deandre Ayton (Luka Doncic gains possession),0.4890,27,HIT
LeBron James,401809836,2025-12-10,22.0000,0.2833,1,0,Austin Reaves misses 23-foot three point jumper,0.5020,27,HIT
LeBron James,401809836,2025-12-10,22.0000,0.3000,1,0,Spurs defensive team rebound,0.5050,27,HIT
LeBron James,401809836,2025-12-10,22.0000,0.5333,1,0,Devin Vassell misses driving floating jump shot,0.4710,27,HIT
LeBron James,401809836,2025-12-10,22.0000,0.5833,1,0,Deandre Ayton defensive rebound,0.4730,27,HIT
LeBron James,401809836,2025-12-10,22.0000,0.8167,1,2,LeBron James makes 15-foot two point shot,0.6890,27,HIT
LeBron James,401809836,2025-12-10,22.0000,1.1500,1,2,LeBron James shooting foul,0.6550,27,HIT
LeBron James,401809836,2025-12-10,22.0000,1.1500,1,2,Stephon Castle makes free throw 1 of 2,0.6680,27,HIT
LeBron James,401809836,2025-12-10,22.0000,1.1500,1,2,Stephon Castle makes free throw 2 of 2,0.6780,27,HIT
LeBron James,401809836,2025-12-10,22.0000,1.4000,1,4,Deandre Ayton makes 10-foot two point shot (LeBron James assists),0.8230,27,HIT
LeBron James,401809836,2025-12-10,22.0000,1.5667,1,4,De'Aaron Fox makes 26-foot three pointer (Stephon Castle assists),0.8280,27,HIT
LeBron James,401809836,2025-12-10,22.0000,1.7833,1,4,Luka Doncic makes 12-foot pullup jump shot,0.8360,27,HIT
LeBron James,401809836,2025-12-10,22.0000,2.0500,1,4,De'Aaron Fox makes 17-foot pullup jump shot,0.7960,27,HIT
LeBron James,401809836,2025-12-10,22.0000,2.3000,1,4,Deandre Ayton makes 6-foot two point shot (Austin Reaves assists),0.8070,27,HIT
LeBron James,401809836,2025-12-10,22.0000,2.4500,1,4,Harrison Barnes misses 28-foot three point jumper,0.8200,27,HIT
LeBron James,401809836,2025-12-10,22.0000,2.4833,1,4,Luka Doncic defensive rebound,0.7900,27,HIT
LeBron James,401809836,2025-12-10,22.0000,2.6333,1,4,Luka Doncic makes 11-foot driving floating jump shot (Deandre Ayton assists),0.7710,27,HIT
LeBron James,401809836,2025-12-10,22.0000,2.6333,1,4,Stephon Castle shooting foul,0.7840,27,HIT
LeBron James,401809836,2025-12-10,22.0000,2.6333,1,4,Luka Doncic makes free throw 1 of 1,0.8000,27,HIT
LeBron James,401809836,2025-12-10,22.0000,2.9833,1,4,Harrison Barnes misses 25-foot three point pullup jump shot,0.7850,27,HIT
LeBron James,401809836,2025-12-10,22.0000,3.0333,1,4,Deandre Ayton defensive rebound,0.7890,27,HIT
LeBron James,401809836,2025-12-10,22.0000,3.1167,1,6,LeBron James makes two point shot (Austin Reaves assists),0.9190,27,HIT
LeBron James,401809836,2025-12-10,22.0000,3.3667,1,6,Devin Vassell misses 11-foot pullup jump shot,0.8980,27,HIT
LeBron James,401809836,2025-12-10,22.0000,3.4000,1,6,LeBron James defensive rebound,0.9080,27,HIT
LeBron James,401809836,2025-12-10,22.0000,3.5167,1,6,Devin Vassell blocks Deandre Ayton 's 5-foot hook shot,0.8940,27,HIT
LeBron James,401809836,2025-12-10,22.0000,3.5667,1,6,Luke Kornet defensive rebound,0.8910,27,HIT
LeBron James,401809836,2025-12-10,22.0000,3.6667,1,6,Devin Vassell misses 28-foot three point jumper,0.8820,27,HIT
LeBron James,401809836,2025-12-10,22.0000,3.7167,1,6,Luka Doncic defensive rebound,0.8940,27,HIT
LeBron James,401809836,2025-12-10,22.0000,3.9333,1,6,LeBron James bad pass (Devin Vassell steals),0.8770,27,HIT
LeBron James,401809836,2025-12-10,22.0000,4.0167,1,6,Stephon Castle makes two point shot,0.8950,27,HIT
LeBron James,401809836,2025-12-10,22.0000,4.3167,1,6,Deandre Ayton makes 13-foot jumper (Austin Reaves assists),0.8690,27,HIT
LeBron James,401809836,2025-12-10,22.0000,4.5833,1,6,Stephon Castle misses 25-foot three point jumper,0.8750,27,HIT
LeBron James,401809836,2025-12-10,22.0000,4.6167,1,6,LeBron James defensive rebound,0.9050,27,HIT
LeBron James,401809836,2025-12-10,22.0000,4.7000,1,6,LeBron James misses running pullup jump shot,0.8870,27,HIT
LeBron James,401809836,2025-12-10,22.0000,4.7500,1,6,Stephon Castle defensive rebound,0.8800,27,HIT
LeBron James,401809836,2025-12-10,22.0000,4.8333,1,6,Stephon Castle bad pass (Deandre Ayton steals),0.8570,27,HIT
LeBron James,401809836,2025-12-10,22.0000,5.0333,1,6,Luka Doncic misses 27-foot three point step back jumpshot,0.8580,27,HIT
LeBron James,401809836,2025-12-10,22.0000,5.0833,1,6,De'Aaron Fox defensive rebound,0.8670,27,HIT
LeBron James,401809836,2025-12-10,22.0000,5.1000,1,6,Stephon Castle makes two point shot (De'Aaron Fox assists),0.8760,27,HIT
LeBron James,401809836,2025-12-10,22.0000,5.1000,1,6,Luka Doncic shooting foul,0.8870,27,HIT
LeBron James,401809836,2025-12-10,22.0000,5.1000,1,6,Lakers Full timeout,0.8680,27,HIT
LeBron James,401809836,2025-12-10,22.0000,5.1000,1,6,Gabe Vincent enters the game for LeBron James,0.8810,27,HIT
LeBron James,401809836,2025-12-10,22.0000,5.1000,1,6,Dylan Harper enters the game for De'Aaron Fox,0.8740,27,HIT
LeBron James,401809836,2025-12-10,22.0000,5.1000,1,6,Stephon Castle makes free throw 1 of 1,0.8630,27,HIT
LeBron James,401809836,2025-12-10,22.0000,5.3500,1,6,Rui Hachimura makes 23-foot three point jumper (Luka Doncic assists),0.8700,27,HIT
LeBron James,401809836,2025-12-10,22.0000,5.6667,1,6,Harrison Barnes makes 22-foot three point jumper (Stephon Castle assists),0.8590,27,HIT
LeBron James,401809836,2025-12-10,22.0000,5.9500,1,6,Luka Doncic misses 13-foot two point shot,0.8410,27,HIT
LeBron James,401809836,2025-12-10,22.0000,5.9833,1,6,Stephon Castle defensive rebound,0.8410,27,HIT
LeBron James,401809836,2025-12-10,22.0000,6.1167,1,6,Devin Vassell traveling,0.8540,27,HIT
LeBron James,401809836,2025-12-10,22.0000,6.3333,1,6,Luka Doncic bad pass (Dylan Harper steals),0.8440,27,HIT
LeBron James,401809836,2025-12-10,22.0000,6.4000,1,6,Dylan Harper makes two point shot,0.8370,27,HIT
LeBron James,401809836,2025-12-10,22.0000,6.6000,1,6,Dylan Harper personal foul,0.8220,27,HIT
LeBron James,401809836,2025-12-10,22.0000,6.6000,1,6,Keldon Johnson enters the game for Devin Vassell,0.8420,27,HIT
LeBron James,401809836,2025-12-10,22.0000,6.6000,1,6,Julian Champagnie enters the game for Harrison Barnes,0.8390,27,HIT
LeBron James,401809836,2025-12-10,22.0000,6.6333,1,6,Stephon Castle personal foul,0.8230,27,HIT
LeBron James,401809836,2025-12-10,22.0000,6.6333,1,6,De'Aaron Fox enters the game for Stephon Castle,0.8250,27,HIT
LeBron James,401809836,2025-12-10,22.0000,6.6667,1,6,Dylan Harper shooting foul,0.8260,27,HIT
LeBron James,401809836,2025-12-10,22.0000,6.6667,1,6,Luka Doncic misses free throw 1 of 2,0.8130,27,HIT
LeBron James,401809836,2025-12-10,22.0000,6.6667,1,6,Lakers offensive team rebound,0.8220,27,HIT
LeBron James,401809836,2025-12-10,22.0000,6.6667,1,6,Marcus Smart enters the game for Rui Hachimura,0.8200,27,HIT
LeBron James,401809836,2025-12-10,22.0000,6.6667,1,6,Luka Doncic misses free throw 2 of 2,0.8370,27,HIT
LeBron James,401809836,2025-12-10,22.0000,6.7167,1,6,De'Aaron Fox defensive rebound,0.8190,27,HIT
LeBron James,401809836,2025-12-10,22.0000,7.0667,1,6,Keldon Johnson misses finger roll layup,0.8310,27,HIT
LeBron James,401809836,2025-12-10,22.0000,7.1000,1,6,Austin Reaves defensive rebound,0.8100,27,HIT
LeBron James,401809836,2025-12-10,22.0000,7.1500,1,6,Luka Doncic makes 27-foot three point shot (Austin Reaves assists),0.8350,27,HIT
LeBron James,401809836,2025-12-10,22.0000,7.3167,1,6,Gabe Vincent shooting foul,0.8270,27,HIT
LeBron James,401809836,2025-12-10,22.0000,7.3167,1,6,Dylan Harper makes free throw 1 of 2,0.7790,27,HIT
LeBron James,401809836,2025-12-10,22.0000,7.3167,1,6,Jaxson Hayes enters the game for Deandre Ayton,0.8000,27,HIT
LeBron James,401809836,2025-12-10,22.0000,7.3167,1,6,Kelly Olynyk enters the game for Luke Kornet,0.7970,27,HIT
LeBron James,401809836,2025-12-10,22.0000,7.3167,1,6,Dylan Harper misses free throw 2 of 2,0.8030,27,HIT
LeBron James,401809836,2025-12-10,22.0000,7.3667,1,6,Dylan Harper offensive rebound,0.8100,27,HIT
LeBron James,401809836,2025-12-10,22.0000,7.3833,1,6,Dylan Harper makes two point shot,0.8120,27,HIT
LeBron James,401809836,2025-12-10,22.0000,7.6167,1,6,Luka Doncic misses 26-foot three point step back jumpshot,0.7760,27,HIT
LeBron James,401809836,2025-12-10,22.0000,7.6667,1,6,Kelly Olynyk defensive rebound,0.7740,27,HIT
LeBron James,401809836,2025-12-10,22.0000,7.9000,1,6,De'Aaron Fox misses 20-foot pullup jump shot,0.7680,27,HIT
LeBron James,401809836,2025-12-10,22.0000,7.9500,1,6,Austin Reaves defensive rebound,0.7870,27,HIT
LeBron James,401809836,2025-12-10,22.0000,8.0667,1,6,Luka Doncic makes 28-foot three point step back jumpshot (Austin Reaves assists),0.7890,27,HIT
LeBron James,401809836,2025-12-10,22.0000,8.1000,1,6,Spurs Full timeout,0.7700,27,HIT
LeBron James,401809836,2025-12-10,22.0000,8.3000,1,6,Keldon Johnson makes driving layup (Kelly Olynyk assists),0.7910,27,HIT
LeBron James,401809836,2025-12-10,22.0000,8.7000,1,6,Luka Doncic misses alley oop layup,0.7860,27,HIT
LeBron James,401809836,2025-12-10,22.0000,8.7333,1,6,Keldon Johnson defensive rebound,0.7490,27,HIT
LeBron James,401809836,2025-12-10,22.0000,8.8167,1,6,Dylan Harper misses 23-foot three point shot,0.7620,27,HIT
LeBron James,401809836,2025-12-10,22.0000,8.9000,1,6,Keldon Johnson offensive rebound,0.7460,27,HIT
LeBron James,401809836,2025-12-10,22.0000,8.9000,1,6,Keldon Johnson makes tip shot,0.7570,27,HIT
LeBron James,401809836,2025-12-10,22.0000,9.0500,1,6,Austin Reaves makes driving layup,0.7460,27,HIT
LeBron James,401809836,2025-12-10,22.0000,9.3333,1,6,Austin Reaves personal foul,0.7320,27,HIT
LeBron James,401809836,2025-12-10,22.0000,9.3333,1,6,LeBron James enters the game for Gabe Vincent,0.7380,27,HIT
LeBron James,401809836,2025-12-10,22.0000,9.3333,1,6,Jake LaRavia enters the game for Austin Reaves,0.7380,27,HIT
LeBron James,401809836,2025-12-10,22.0000,9.5333,1,6,Julian Champagnie misses 40-foot three point pullup jump shot,0.7290,27,HIT
LeBron James,401809836,2025-12-10,22.0000,9.6000,1,6,Keldon Johnson offensive rebound,0.7430,27,HIT
LeBron James,401809836,2025-12-10,22.0000,9.6167,1,6,Keldon Johnson makes 25-foot three point jumper,0.7280,27,HIT
LeBron James,401809836,2025-12-10,22.0000,9.8500,1,6,Marcus Smart misses 27-foot three point jumper,0.7130,27,HIT
LeBron James,401809836,2025-12-10,22.0000,9.8833,1,6,Jaxson Hayes offensive rebound,0.7030,27,HIT
LeBron James,401809836,2025-12-10,22.0000,9.9667,1,6,Luka Doncic misses 7-foot two point shot,0.7130,27,HIT
LeBron James,401809836,2025-12-10,22.0000,10.0167,1,6,Keldon Johnson defensive rebound,0.7000,27,HIT
LeBron James,401809836,2025-12-10,22.0000,10.1000,1,6,Dylan Harper makes two point shot (De'Aaron Fox assists),0.7070,27,HIT
LeBron James,401809836,2025-12-10,22.0000,10.2667,1,6,Luka Doncic technical foul,0.7020,27,HIT
LeBron James,401809836,2025-12-10,22.0000,10.2667,1,6,Julian Champagnie makes technical free throw,0.7130,27,HIT
LeBron James,401809836,2025-12-10,22.0000,10.4333,1,6,LeBron James makes 2-foot layup (Marcus Smart assists),0.7000,27,HIT
LeBron James,401809836,2025-12-10,22.0000,10.7000,1,6,Dylan Harper misses 20-foot pullup jump shot,0.6820,27,HIT
LeBron James,401809836,2025-12-10,22.0000,10.7500,1,6,Luka Doncic defensive rebound,0.7090,27,HIT
LeBron James,401809836,2025-12-10,22.0000,10.8333,1,6,LeBron James lost ball turnover (Keldon Johnson steals),0.6730,27,HIT
LeBron James,401809836,2025-12-10,22.0000,10.9500,1,6,Keldon Johnson makes 28-foot three point shot (Kelly Olynyk assists),0.6550,27,HIT
LeBron James,401809836,2025-12-10,22.0000,11.1000,1,6,Luka Doncic misses 27-foot three point step back jumpshot,0.6490,27,HIT
LeBron James,401809836,2025-12-10,22.0000,11.1433,1,6,Keldon Johnson defensive rebound,0.6680,27,HIT
LeBron James,401809836,2025-12-10,22.0000,11.4250,1,6,De'Aaron Fox makes 27-foot three point jumper (Dylan Harper assists),0.6480,27,HIT
LeBron James,401809836,2025-12-10,22.0000,11.5633,1,6,Marcus Smart makes driving layup,0.6450,27,HIT
LeBron James,401809836,2025-12-10,22.0000,11.9633,1,6,Keldon Johnson makes 27-foot three point jumper (Julian Champagnie assists),0.6120,27,HIT
LeBron James,401809836,2025-12-10,22.0000,12.0000,1,6,Jake LaRavia misses heave jump shot,0.6410,27,HIT
LeBron James,401809836,2025-12-10,22.0000,12.0000,1,6,Lakers offensive team rebound,0.6280,27,HIT
LeBron James,401809836,2025-12-10,22.0000,12.0000,1,6,End of the 1st Quarter,0.6560,27,HIT
LeBron James,401809836,2025-12-10,22.0000,12.0000,2,6,Austin Reaves enters the game for Jaxson Hayes,0.6270,27,HIT
LeBron James,401809836,2025-12-10,22.0000,12.0000,2,6,Gabe Vincent enters the game for Marcus Smart,0.6420,27,HIT
LeBron James,401809836,2025-12-10,22.0000,12.0000,2,6,Deandre Ayton enters the game for Luka Doncic,0.6560,27,HIT
LeBron James,401809836,2025-12-10,22.0000,12.0000,2,6,Luke Kornet enters the game for Dylan Harper,0.6350,27,HIT
LeBron James,401809836,2025-12-10,22.0000,12.0000,2,6,Stephon Castle enters the game for Kelly Olynyk,0.6310,27,HIT
LeBron James,401809836,2025-12-10,22.0000,12.2333,2,6,Stephon Castle misses 7-foot two point shot,0.6280,27,HIT
LeBron James,401809836,2025-12-10,22.0000,12.2833,2,6,LeBron James defensive rebound,0.5940,27,HIT
LeBron James,401809836,2025-12-10,22.0000,12.4000,2,6,LeBron James misses 14-foot two point shot,0.5810,27,HIT
LeBron James,401809836,2025-12-10,22.0000,12.4500,2,6,Luke Kornet defensive rebound,0.5880,27,HIT
LeBron James,401809836,2025-12-10,22.0000,12.5833,2,6,Gabe Vincent kicked ball violation,0.5980,27,HIT
LeBron James,401809836,2025-12-10,22.0000,12.5833,2,6,Harrison Barnes enters the game for Keldon Johnson,0.6160,27,HIT
LeBron James,401809836,2025-12-10,22.0000,12.7667,2,6,De'Aaron Fox misses 27-foot three point jumper,0.5900,27,HIT
LeBron James,401809836,2025-12-10,22.0000,12.8167,2,6,LeBron James defensive rebound,0.5830,27,HIT
LeBron James,401809836,2025-12-10,22.0000,13.0167,2,6,Austin Reaves misses 26-foot three point jumper,0.5680,27,HIT
LeBron James,401809836,2025-12-10,22.0000,13.0667,2,6,Julian Champagnie defensive rebound,0.5700,27,HIT
LeBron James,401809836,2025-12-10,22.0000,13.1833,2,6,Julian Champagnie makes 26-foot three point jumper (Stephon Castle assists),0.5660,27,HIT
LeBron James,401809836,2025-12-10,22.0000,13.3000,2,6,Austin Reaves lost ball turnover (De'Aaron Fox steals),0.5720,27,HIT
LeBron James,401809836,2025-12-10,22.0000,13.3667,2,6,LeBron James blocks De'Aaron Fox's two point shot,0.5700,27,HIT
LeBron James,401809836,2025-12-10,22.0000,13.3833,2,6,Harrison Barnes offensive rebound,0.5340,27,HIT
LeBron James,401809836,2025-12-10,22.0000,13.4333,2,6,Harrison Barnes bad pass (Jake LaRavia steals),0.5600,27,HIT
LeBron James,401809836,2025-12-10,22.0000,13.5667,2,6,Gabe Vincent misses 24-foot three point jumper,0.5630,27,HIT
LeBron James,401809836,2025-12-10,22.0000,13.6500,2,6,Stephon Castle defensive rebound,0.5430,27,HIT
LeBron James,401809836,2025-12-10,22.0000,13.7667,2,6,Gabe Vincent shooting foul,0.5110,27,HIT
LeBron James,401809836,2025-12-10,22.0000,13.7667,2,6,Luke Kornet makes free throw 1 of 2,0.5640,27,HIT
LeBron James,401809836,2025-12-10,22.0000,13.7667,2,6,Devin Vassell enters the game for De'Aaron Fox,0.5370,27,HIT
LeBron James,401809836,2025-12-10,22.0000,13.7667,2,6,Luke Kornet makes free throw 2 of 2,0.5050,27,HIT
LeBron James,401809836,2025-12-10,22.0000,14.1167,2,6,Julian Champagnie blocks Deandre Ayton 's 5-foot layup,0.5500,27,HIT
LeBron James,401809836,2025-12-10,22.0000,14.1333,2,6,LeBron James offensive rebound,0.5270,27,HIT
LeBron James,401809836,2025-12-10,22.0000,14.1500,2,6,LeBron James misses tip shot,0.5210,27,HIT
LeBron James,401809836,2025-12-10,22.0000,14.1667,2,6,Luke Kornet defensive rebound,0.4950,27,HIT
LeBron James,401809836,2025-12-10,22.0000,14.3167,2,6,Harrison Barnes misses two point shot,0.5500,27,HIT
LeBron James,401809836,2025-12-10,22.0000,14.3500,2,6,LeBron James defensive rebound,0.5090,27,HIT
LeBron James,401809836,2025-12-10,22.0000,14.3500,2,6,Stephon Castle personal foul,0.5090,27,HIT
LeBron James,401809836,2025-12-10,22.0000,14.6167,2,6,Jake LaRavia misses 23-foot three point jumper,0.4800,27,HIT
LeBron James,401809836,2025-12-10,22.0000,14.6500,2,6,Julian Champagnie defensive rebound,0.4600,27,HIT
LeBron James,401809836,2025-12-10,22.0000,14.7667,2,6,Julian Champagnie makes 26-foot three point shot (Stephon Castle assists),0.4940,27,HIT
LeBron James,401809836,2025-12-10,22.0000,14.8000,2,6,Lakers Full timeout,0.4700,27,HIT
LeBron James,401809836,2025-12-10,22.0000,14.8000,2,6,Rui Hachimura enters the game for Jake LaRavia,0.4960,27,HIT
LeBron James,401809836,2025-12-10,22.0000,15.0667,2,6,LeBron James makes 15-foot pullup jump shot,0.4680,27,HIT
LeBron James,401809836,2025-12-10,22.0000,15.2833,2,6,Deandre Ayton shooting foul,0.4260,27,HIT
LeBron James,401809836,2025-12-10,22.0000,15.2833,2,6,Stephon Castle makes free throw 1 of 2,0.4550,27,HIT
LeBron James,401809836,2025-12-10,22.0000,15.2833,2,6,Stephon Castle misses free throw 2 of 2,0.4570,27,HIT
LeBron James,401809836,2025-12-10,22.0000,15.3333,2,6,LeBron James defensive rebound,0.4580,27,HIT
LeBron James,401809836,2025-12-10,22.0000,15.5833,2,6,LeBron James misses driving layup,0.4380,27,HIT
LeBron James,401809836,2025-12-10,22.0000,15.6500,2,6,Deandre Ayton offensive rebound,0.4300,27,HIT
LeBron James,401809836,2025-12-10,22.0000,15.6500,2,6,Deandre Ayton makes tip shot,0.3860,27,HIT
LeBron James,401809836,2025-12-10,22.0000,15.7833,2,6,Gabe Vincent personal foul,0.4230,27,HIT
LeBron James,401809836,2025-12-10,22.0000,15.7833,2,6,Luka Doncic enters the game for Gabe Vincent,0.4030,27,HIT
LeBron James,401809836,2025-12-10,22.0000,15.9167,2,6,Rui Hachimura shooting foul,0.4170,27,HIT
LeBron James,401809836,2025-12-10,22.0000,15.9167,2,6,Lakers Full timeout,0.4330,27,HIT
LeBron James,401809836,2025-12-10,22.0000,15.9167,2,6,(08:05) [Lakers] COACH'S CHALLENGE (CALL STANDS) [Lakers] charged with a timeout,0.4100,27,HIT
LeBron James,401809836,2025-12-10,22.0000,15.9167,2,6,JJ Redick technical foul,0.3900,27,HIT
LeBron James,401809836,2025-12-10,22.0000,15.9167,2,6,Devin Vassell makes technical free throw,0.4030,27,HIT
LeBron James,401809836,2025-12-10,22.0000,15.9167,2,6,Devin Vassell makes free throw 1 of 2,0.4420,27,HIT
LeBron James,401809836,2025-12-10,22.0000,15.9167,2,6,Devin Vassell makes free throw 2 of 2,0.4070,27,HIT
LeBron James,401809836,2025-12-10,22.0000,16.1333,2,6,Luka Doncic misses 15-foot pullup jump shot,0.3900,27,HIT
LeBron James,401809836,2025-12-10,22.0000,16.1667,2,6,Stephon Castle defensive rebound,0.4060,27,HIT
LeBron James,401809836,2025-12-10,22.0000,16.2500,2,6,Stephon Castle misses free throw 2 of 2,0.3830,27,HIT
LeBron James,401809836,2025-12-10,22.0000,16.2500,2,6,Stephon Castle makes free throw 1 of 2,0.3770,27,HIT
LeBron James,401809836,2025-12-10,22.0000,16.2500,2,6,Deandre Ayton shooting foul,0.4130,27,HIT
LeBron James,401809836,2025-12-10,22.0000,16.3333,2,6,LeBron James defensive rebound,0.4060,27,HIT
LeBron James,401809836,2025-12-10,22.0000,16.5167,2,6,LeBron James makes driving layup,0.3760,27,HIT
LeBron James,401809836,2025-12-10,22.0000,16.7167,2,6,Devin Vassell makes 14-foot pullup jump shot (Luke Kornet assists),0.3650,27,HIT
LeBron James,401809836,2025-12-10,22.0000,16.9167,2,6,Luka Doncic makes 3-foot driving floating jump shot,0.3680,27,HIT
LeBron James,401809836,2025-12-10,22.0000,16.9167,2,6,Julian Champagnie shooting foul,0.3250,27,HIT
LeBron James,401809836,2025-12-10,22.0000,16.9167,2,6,Marcus Smart enters the game for LeBron James,0.3350,27,HIT
LeBron James,401809836,2025-12-10,22.0000,16.9167,2,6,Dylan Harper enters the game for Stephon Castle,0.3680,27,HIT
LeBron James,401809836,2025-12-10,22.0000,16.9167,2,6,Luka Doncic makes free throw 1 of 1,0.3590,27,HIT
LeBron James,401809836,2025-12-10,22.0000,17.1833,2,6,Harrison Barnes makes 23-foot three point jumper (Devin Vassell assists),0.3570,27,HIT
LeBron James,401809836,2025-12-10,22.0000,17.4500,2,6,Austin Reaves misses 4-foot jumper,0.3330,27,HIT
LeBron James,401809836,2025-12-10,22.0000,17.4833,2,6,Luke Kornet defensive rebound,0.3090,27,HIT
LeBron James,401809836,2025-12-10,22.0000,17.7333,2,6,Dylan Harper misses 12-foot pullup jump shot,0.3170,27,HIT
LeBron James,401809836,2025-12-10,22.0000,17.7833,2,6,Austin Reaves defensive rebound,0.3270,27,HIT
LeBron James,401809836,2025-12-10,22.0000,17.8500,2,6,Marcus Smart misses 26-foot three point shot,0.3120,27,HIT
LeBron James,401809836,2025-12-10,22.0000,17.9000,2,6,Dylan Harper defensive rebound,0.3220,27,HIT
LeBron James,401809836,2025-12-10,22.0000,18.0333,2,6,Devin Vassell misses 18-foot two point shot,0.2980,27,HIT
LeBron James,401809836,2025-12-10,22.0000,18.0833,2,6,Marcus Smart defensive rebound,0.2950,27,HIT
LeBron James,401809836,2025-12-10,22.0000,18.1167,2,6,Marcus Smart misses two point shot,0.2730,27,HIT
LeBron James,401809836,2025-12-10,22.0000,18.1500,2,6,Julian Champagnie defensive rebound,0.2900,27,HIT
LeBron James,401809836,2025-12-10,22.0000,18.3333,2,6,Harrison Barnes misses 27-foot three point step back jumpshot,0.3020,27,HIT
LeBron James,401809836,2025-12-10,22.0000,18.3833,2,6,Deandre Ayton defensive rebound,0.2790,27,HIT
LeBron James,401809836,2025-12-10,22.0000,18.4667,2,6,Luka Doncic makes 27-foot three point step back jumpshot,0.2810,27,HIT
LeBron James,401809836,2025-12-10,22.0000,18.4833,2,6,Spurs Full timeout,0.2640,27,HIT
LeBron James,401809836,2025-12-10,22.0000,18.4833,2,6,Keldon Johnson enters the game for Luke Kornet,0.2760,27,HIT
LeBron James,401809836,2025-12-10,22.0000,18.4833,2,6,Kelly Olynyk enters the game for Julian Champagnie,0.2630,27,HIT
LeBron James,401809836,2025-12-10,22.0000,18.8000,2,6,Luka Doncic personal foul,0.2540,27,HIT
LeBron James,401809836,2025-12-10,22.0000,18.8000,2,6,Harrison Barnes makes free throw 1 of 2,0.2470,27,HIT
LeBron James,401809836,2025-12-10,22.0000,18.8000,2,6,Harrison Barnes makes free throw 2 of 2,0.2410,27,HIT
LeBron James,401809836,2025-12-10,22.0000,19.0833,2,6,Luka Doncic makes driving layup (Rui Hachimura assists),0.2280,27,HIT
LeBron James,401809836,2025-12-10,22.0000,19.2833,2,6,Kelly Olynyk misses 26-foot three point jumper,0.2200,27,HIT
LeBron James,401809836,2025-12-10,22.0000,19.3333,2,6,Austin Reaves defensive rebound,0.2200,27,HIT
LeBron James,401809836,2025-12-10,22.0000,19.4500,2,6,Luka Doncic misses 9-foot two point shot,0.2030,27,HIT
LeBron James,401809836,2025-12-10,22.0000,19.5167,2,6,Devin Vassell defensive rebound,0.1780,27,HIT
LeBron James,401809836,2025-12-10,22.0000,19.6000,2,6,Harrison Barnes makes 24-foot three point jumper (Dylan Harper assists),0.2190,27,HIT
LeBron James,401809836,2025-12-10,22.0000,19.8833,2,6,Marcus Smart makes 23-foot three point jumper (Austin Reaves assists),0.1710,27,HIT
LeBron James,401809836,2025-12-10,22.0000,20.1500,2,6,Dylan Harper makes driving layup (Kelly Olynyk assists),0.1790,27,HIT
LeBron James,401809836,2025-12-10,22.0000,20.4000,2,6,Austin Reaves makes driving layup,0.1620,27,HIT
LeBron James,401809836,2025-12-10,22.0000,20.5833,2,6,Devin Vassell misses 27-foot three point jumper,0.1490,27,HIT
LeBron James,401809836,2025-12-10,22.0000,20.6333,2,6,Deandre Ayton defensive rebound,0.1680,27,HIT
LeBron James,401809836,2025-12-10,22.0000,20.7000,2,6,De'Aaron Fox enters the game for Harrison Barnes,0.1650,27,HIT
LeBron James,401809836,2025-12-10,22.0000,20.7000,2,6,Luke Kornet enters the game for Devin Vassell,0.1640,27,HIT
LeBron James,401809836,2025-12-10,22.0000,20.7000,2,6,Jaxson Hayes enters the game for Austin Reaves,0.1420,27,HIT
LeBron James,401809836,2025-12-10,22.0000,20.7000,2,6,Luka Doncic misses free throw 2 of 2,0.1500,27,HIT
LeBron James,401809836,2025-12-10,22.0000,20.7000,2,6,Luka Doncic makes free throw 1 of 2,0.1740,27,HIT
LeBron James,401809836,2025-12-10,22.0000,20.7000,2,6,Kelly Olynyk shooting foul,0.1770,27,HIT
LeBron James,401809836,2025-12-10,22.0000,20.7000,2,6,LeBron James enters the game for Deandre Ayton,0.1400,27,HIT
LeBron James,401809836,2025-12-10,22.0000,20.7333,2,6,Keldon Johnson defensive rebound,0.1560,27,HIT
LeBron James,401809836,2025-12-10,22.0000,20.9667,2,6,Marcus Smart blocks De'Aaron Fox 's 1-foot driving floating jump shot,0.1380,27,HIT
LeBron James,401809836,2025-12-10,22.0000,21.0167,2,6,Marcus Smart defensive rebound,0.1340,27,HIT
LeBron James,401809836,2025-12-10,22.0000,21.1667,2,6,Jaxson Hayes makes 2-foot alley oop dunk shot (Luka Doncic assists),0.1380,27,HIT
LeBron James,401809836,2025-12-10,22.0000,21.5167,2,6,Spurs Full timeout,0.1400,27,HIT
LeBron James,401809836,2025-12-10,22.0000,21.5167,2,6,Julian Champagnie enters the game for Kelly Olynyk,0.1330,27,HIT
LeBron James,401809836,2025-12-10,22.0000,21.5833,2,6,Jaxson Hayes blocks Dylan Harper 's 3-foot driving layup,0.1270,27,HIT
LeBron James,401809836,2025-12-10,22.0000,21.6000,2,6,Spurs offensive team rebound,0.1100,27,HIT
LeBron James,401809836,2025-12-10,22.0000,21.6000,2,6,shot clock turnover ,0.1370,27,HIT
LeBron James,401809836,2025-12-10,22.0000,21.7333,2,6,Luka Doncic misses 26-foot three point pullup jump shot,0.1120,27,HIT
LeBron James,401809836,2025-12-10,22.0000,21.8167,2,6,De'Aaron Fox defensive rebound,0.1070,27,HIT
LeBron James,401809836,2025-12-10,22.0000,21.9000,2,6,De'Aaron Fox lost ball turnover,0.1300,27,HIT
LeBron James,401809836,2025-12-10,22.0000,21.9000,2,6,De'Aaron Fox vs. Rui Hachimura,0.1300,27,HIT
LeBron James,401809836,2025-12-10,22.0000,21.9000,2,6,Devin Vassell enters the game for Dylan Harper,0.1180,27,HIT
LeBron James,401809836,2025-12-10,22.0000,21.9000,2,6,Harrison Barnes enters the game for Keldon Johnson,0.1180,27,HIT
LeBron James,401809836,2025-12-10,22.0000,22.1500,2,6,Luka Doncic makes driving layup,0.1050,27,HIT
LeBron James,401809836,2025-12-10,22.0000,22.4167,2,6,Luka Doncic personal foul,0.1040,27,HIT
LeBron James,401809836,2025-12-10,22.0000,22.4167,2,6,Luke Kornet makes free throw 1 of 2,0.1010,27,HIT
LeBron James,401809836,2025-12-10,22.0000,22.4167,2,6,Austin Reaves enters the game for Rui Hachimura,0.0950,27,HIT
LeBron James,401809836,2025-12-10,22.0000,22.4167,2,6,Luke Kornet makes free throw 2 of 2,0.0920,27,HIT
LeBron James,401809836,2025-12-10,22.0000,22.6333,2,6,Luka Doncic makes free throw 2 of 2,0.0970,27,HIT
LeBron James,401809836,2025-12-10,22.0000,22.6333,2,6,Luka Doncic makes free throw 1 of 2,0.0870,27,HIT
LeBron James,401809836,2025-12-10,22.0000,22.6333,2,6,Julian Champagnie shooting foul,0.1000,27,HIT
LeBron James,401809836,2025-12-10,22.0000,22.9167,2,6,Luke Kornet misses 15-foot two point shot,0.0900,27,HIT
LeBron James,401809836,2025-12-10,22.0000,22.9500,2,6,Jaxson Hayes defensive rebound,0.0740,27,HIT
LeBron James,401809836,2025-12-10,22.0000,23.0633,2,6,LeBron James makes 3-foot dunk,0.0760,27,HIT
LeBron James,401809836,2025-12-10,22.0000,23.1850,2,6,LeBron James blocks De'Aaron Fox 's 7-foot driving floating jump shot,0.0930,27,HIT
LeBron James,401809836,2025-12-10,22.0000,23.2333,2,6,Jaxson Hayes defensive rebound,0.0760,27,HIT
LeBron James,401809836,2025-12-10,22.0000,23.2967,2,6,Luke Kornet blocks Austin Reaves 's 3-foot two point shot,0.0750,27,HIT
LeBron James,401809836,2025-12-10,22.0000,23.3567,2,6,Julian Champagnie defensive rebound,0.0730,27,HIT
LeBron James,401809836,2025-12-10,22.0000,23.4183,2,6,De'Aaron Fox makes 9-foot driving floating jump shot,0.0630,27,HIT
LeBron James,401809836,2025-12-10,22.0000,23.6717,2,6,Luka Doncic bad pass (Harrison Barnes steals),0.0810,27,HIT
LeBron James,401809836,2025-12-10,22.0000,23.7700,2,6,Harrison Barnes makes 4-foot dunk (De'Aaron Fox assists),0.0590,27,HIT
LeBron James,401809836,2025-12-10,22.0000,23.9900,2,6,Austin Reaves bad pass (Devin Vassell steals),0.0550,27,HIT
LeBron James,401809836,2025-12-10,22.0000,24.0000,2,6,Luke Kornet misses heave jump shot,0.0500,27,HIT
LeBron James,401809836,2025-12-10,22.0000,24.0000,2,6,Spurs offensive team rebound,0.0570,27,HIT
LeBron James,401809836,2025-12-10,22.0000,24.0000,2,6,End of the 2nd Quarter,0.0460,27,HIT
LeBron James,401809836,2025-12-10,22.0000,24.0000,3,6,Deandre Ayton enters the game for Jaxson Hayes,0.0590,27,HIT
LeBron James,401809836,2025-12-10,22.0000,24.0000,3,6,Rui Hachimura enters the game for Marcus Smart,0.0510,27,HIT
LeBron James,401809836,2025-12-10,22.0000,24.0000,3,6,Stephon Castle enters the game for Julian Champagnie,0.0580,27,HIT
LeBron James,401809836,2025-12-10,22.0000,24.2000,3,6,Stephon Castle makes 27-foot three point jumper (Devin Vassell assists),0.0510,27,HIT
LeBron James,401809836,2025-12-10,22.0000,24.6333,3,6,Luka Doncic misses 16-foot pullup jump shot,0.0470,27,HIT
LeBron James,401809836,2025-12-10,22.0000,24.6667,3,6,Stephon Castle defensive rebound,0.0470,27,HIT
LeBron James,401809836,2025-12-10,22.0000,24.7167,3,6,Devin Vassell makes 26-foot three point shot (Stephon Castle assists),0.0290,27,HIT
LeBron James,401809836,2025-12-10,22.0000,24.9667,3,6,Deandre Ayton makes 5-foot driving floating jump shot (LeBron James assists),0.0300,27,HIT
LeBron James,401809836,2025-12-10,22.0000,25.1167,3,6,Stephon Castle makes driving layup,0.0240,27,HIT
LeBron James,401809836,2025-12-10,22.0000,25.3167,3,6,Austin Reaves lost ball turnover (De'Aaron Fox steals),0.0250,27,HIT
LeBron James,401809836,2025-12-10,22.0000,25.3667,3,6,De'Aaron Fox misses 27-foot three point pullup jump shot,0.0280,27,HIT
LeBron James,401809836,2025-12-10,22.0000,25.4167,3,6,Deandre Ayton defensive rebound,0.0220,27,HIT
LeBron James,401809836,2025-12-10,22.0000,25.5167,3,6,Deandre Ayton misses two point shot,0.0240,27,HIT
LeBron James,401809836,2025-12-10,22.0000,25.5500,3,6,Deandre Ayton offensive rebound,0.0240,27,HIT
LeBron James,401809836,2025-12-10,22.0000,25.6000,3,6,LeBron James misses 28-foot three point jumper,0.0200,27,HIT
LeBron James,401809836,2025-12-10,22.0000,25.6667,3,6,Stephon Castle defensive rebound,0.0190,27,HIT
LeBron James,401809836,2025-12-10,22.0000,25.7667,3,6,Stephon Castle makes 6-foot driving floating jump shot,0.0170,27,HIT
LeBron James,401809836,2025-12-10,22.0000,25.7667,3,6,Lakers Full timeout,0.0200,27,HIT
LeBron James,401809836,2025-12-10,22.0000,26.1000,3,9,Rui Hachimura makes 25-foot three point jumper (LeBron James assists),0.1940,27,HIT
LeBron James,401809836,2025-12-10,22.0000,26.3833,3,9,Harrison Barnes makes 25-foot three point jumper (Devin Vassell assists),0.1810,27,HIT
LeBron James,401809836,2025-12-10,22.0000,26.6167,3,9,Austin Reaves misses 25-foot three point pullup jump shot,0.1380,27,HIT
LeBron James,401809836,2025-12-10,22.0000,26.7000,3,9,Luke Kornet defensive rebound,0.1390,27,HIT
LeBron James,401809836,2025-12-10,22.0000,26.8333,3,9,De'Aaron Fox makes 16-foot two point shot,0.1380,27,HIT
LeBron James,401809836,2025-12-10,22.0000,27.1500,3,9,Deandre Ayton misses free throw 2 of 2,0.1250,27,HIT
LeBron James,401809836,2025-12-10,22.0000,27.1500,3,9,Luke Kornet shooting foul,0.1460,27,HIT
LeBron James,401809836,2025-12-10,22.0000,27.1500,3,9,Deandre Ayton makes free throw 1 of 2,0.1260,27,HIT
LeBron James,401809836,2025-12-10,22.0000,27.1833,3,9,Luke Kornet defensive rebound,0.1320,27,HIT
LeBron James,401809836,2025-12-10,22.0000,27.5500,3,9,De'Aaron Fox misses 26-foot three point step back jumpshot,0.1270,27,HIT
LeBron James,401809836,2025-12-10,22.0000,27.6000,3,9,Austin Reaves defensive rebound,0.1060,27,HIT
LeBron James,401809836,2025-12-10,22.0000,27.7500,3,9,Austin Reaves misses driving layup,0.1160,27,HIT
LeBron James,401809836,2025-12-10,22.0000,27.7833,3,9,Luke Kornet defensive rebound,0.0920,27,HIT
LeBron James,401809836,2025-12-10,22.0000,27.9167,3,9,Austin Reaves blocks Stephon Castle 's 24-foot three point jumper,0.1020,27,HIT
LeBron James,401809836,2025-12-10,22.0000,27.9500,3,9,LeBron James defensive rebound,0.1150,27,HIT
LeBron James,401809836,2025-12-10,22.0000,28.0167,3,11,LeBron James makes two point shot,0.2940,27,HIT
LeBron James,401809836,2025-12-10,22.0000,28.3333,3,11,Dylan Harper enters the game for Harrison Barnes,0.2740,27,HIT
LeBron James,401809836,2025-12-10,22.0000,28.3333,3,11,Austin Reaves shooting foul,0.2490,27,HIT
LeBron James,401809836,2025-12-10,22.0000,28.3333,3,11,Stephon Castle makes free throw 1 of 2,0.2650,27,HIT
LeBron James,401809836,2025-12-10,22.0000,28.3333,3,11,Keldon Johnson enters the game for De'Aaron Fox,0.2750,27,HIT
LeBron James,401809836,2025-12-10,22.0000,28.3333,3,11,Stephon Castle makes free throw 2 of 2,0.2640,27,HIT
LeBron James,401809836,2025-12-10,22.0000,28.6500,3,11,LeBron James misses driving layup,0.2230,27,HIT
LeBron James,401809836,2025-12-10,22.0000,28.6667,3,11,Keldon Johnson defensive rebound,0.2680,27,HIT
LeBron James,401809836,2025-12-10,22.0000,28.6667,3,11,LeBron James personal foul,0.2600,27,HIT
LeBron James,401809836,2025-12-10,22.0000,28.8167,3,11,Austin Reaves personal foul,0.2500,27,HIT
LeBron James,401809836,2025-12-10,22.0000,29.0333,3,11,Luka Doncic shooting foul,0.2320,27,HIT
LeBron James,401809836,2025-12-10,22.0000,29.0333,3,11,Keldon Johnson misses free throw 1 of 3,0.2150,27,HIT
LeBron James,401809836,2025-12-10,22.0000,29.0333,3,11,Spurs offensive team rebound,0.2210,27,HIT
LeBron James,401809836,2025-12-10,22.0000,29.0333,3,11,Keldon Johnson misses free throw 2 of 3,0.2700,27,HIT
LeBron James,401809836,2025-12-10,22.0000,29.0333,3,11,Spurs offensive team rebound,0.2360,27,HIT
LeBron James,401809836,2025-12-10,22.0000,29.0333,3,11,Keldon Johnson misses free throw 3 of 3,0.2300,27,HIT
LeBron James,401809836,2025-12-10,22.0000,29.0333,3,11,LeBron James defensive rebound,0.2330,27,HIT
LeBron James,401809836,2025-12-10,22.0000,29.1667,3,11,Stephon Castle personal foul,0.2180,27,HIT
LeBron James,401809836,2025-12-10,22.0000,29.1667,3,11,Julian Champagnie enters the game for Stephon Castle,0.2140,27,HIT
LeBron James,401809836,2025-12-10,22.0000,29.1667,3,11,Keldon Johnson personal foul,0.2360,27,HIT
LeBron James,401809836,2025-12-10,22.0000,29.2167,3,11,Luka Doncic makes free throw 1 of 2,0.2290,27,HIT
LeBron James,401809836,2025-12-10,22.0000,29.2167,3,11,Luka Doncic makes free throw 2 of 2,0.1990,27,HIT
LeBron James,401809836,2025-12-10,22.0000,29.2167,3,11,Dylan Harper shooting foul,0.2090,27,HIT
LeBron James,401809836,2025-12-10,22.0000,29.5167,3,11,Dylan Harper offensive foul,0.2010,27,HIT
LeBron James,401809836,2025-12-10,22.0000,29.5167,3,11,Dylan Harper turnover,0.2080,27,HIT
LeBron James,401809836,2025-12-10,22.0000,29.8833,3,11,Deandre Ayton misses 9-foot two point shot,0.1610,27,HIT
LeBron James,401809836,2025-12-10,22.0000,29.9333,3,11,Austin Reaves offensive rebound,0.1610,27,HIT
LeBron James,401809836,2025-12-10,22.0000,29.9667,3,11,LeBron James misses 27-foot three point jumper,0.1730,27,HIT
LeBron James,401809836,2025-12-10,22.0000,29.9667,3,11,Devin Vassell defensive rebound,0.1530,27,HIT
LeBron James,401809836,2025-12-10,22.0000,30.2500,3,11,Devin Vassell misses 26-foot three point pullup jump shot,0.1730,27,HIT
LeBron James,401809836,2025-12-10,22.0000,30.3000,3,11,LeBron James defensive rebound,0.1510,27,HIT
LeBron James,401809836,2025-12-10,22.0000,30.3333,3,11,LeBron James out of bounds lost ball turnover,0.1390,27,HIT
LeBron James,401809836,2025-12-10,22.0000,30.5333,3,11,Julian Champagnie makes 2-foot driving floating jump shot (Dylan Harper assists),0.1520,27,HIT
LeBron James,401809836,2025-12-10,22.0000,30.7500,3,11,Keldon Johnson personal foul,0.1410,27,HIT
LeBron James,401809836,2025-12-10,22.0000,30.7500,3,12,LeBron James makes free throw 1 of 2,0.2640,27,HIT
LeBron James,401809836,2025-12-10,22.0000,30.7500,3,13,LeBron James makes free throw 2 of 2,0.3990,27,HIT
LeBron James,401809836,2025-12-10,22.0000,30.9500,3,13,Gabe Vincent enters the game for Rui Hachimura,0.3610,27,HIT
LeBron James,401809836,2025-12-10,22.0000,30.9500,3,13,Marcus Smart enters the game for LeBron James,0.3940,27,HIT
LeBron James,401809836,2025-12-10,22.0000,31.0500,3,13,Keldon Johnson misses driving floating jump shot,0.3690,27,HIT
LeBron James,401809836,2025-12-10,22.0000,31.0667,3,13,Austin Reaves defensive rebound,0.3730,27,HIT
LeBron James,401809836,2025-12-10,22.0000,31.2167,3,13,Luka Doncic misses 15-foot two point shot,0.3660,27,HIT
LeBron James,401809836,2025-12-10,22.0000,31.2667,3,13,Deandre Ayton offensive rebound,0.3330,27,HIT
LeBron James,401809836,2025-12-10,22.0000,31.3000,3,13,Austin Reaves misses driving floating jump shot,0.3340,27,HIT
LeBron James,401809836,2025-12-10,22.0000,31.3000,3,13,Keldon Johnson defensive rebound,0.3550,27,HIT
LeBron James,401809836,2025-12-10,22.0000,31.4333,3,13,Dylan Harper misses layup,0.3440,27,HIT
LeBron James,401809836,2025-12-10,22.0000,31.4500,3,13,Luka Doncic defensive rebound,0.3300,27,HIT
LeBron James,401809836,2025-12-10,22.0000,31.5000,3,13,Austin Reaves makes 28-foot three point shot (Luka Doncic assists),0.3300,27,HIT
LeBron James,401809836,2025-12-10,22.0000,31.5167,3,13,Spurs Full timeout,0.3440,27,HIT
LeBron James,401809836,2025-12-10,22.0000,31.8333,3,13,Julian Champagnie misses 26-foot three point jumper,0.3110,27,HIT
LeBron James,401809836,2025-12-10,22.0000,31.8833,3,13,Luka Doncic defensive rebound,0.3430,27,HIT
LeBron James,401809836,2025-12-10,22.0000,32.0333,3,13,Luka Doncic makes 6-foot driving floating jump shot,0.2950,27,HIT
LeBron James,401809836,2025-12-10,22.0000,32.3833,3,13,Deandre Ayton personal foul,0.2760,27,HIT
LeBron James,401809836,2025-12-10,22.0000,32.3833,3,13,Luke Kornet makes free throw 1 of 1,0.2940,27,HIT
LeBron James,401809836,2025-12-10,22.0000,32.3833,3,13,De'Aaron Fox enters the game for Devin Vassell,0.2680,27,HIT
LeBron James,401809836,2025-12-10,22.0000,32.3833,3,13,Dylan Harper makes driving layup,0.2610,27,HIT
LeBron James,401809836,2025-12-10,22.0000,32.3833,3,13,Jaxson Hayes enters the game for Deandre Ayton,0.2810,27,HIT
LeBron James,401809836,2025-12-10,22.0000,32.6667,3,13,Dylan Harper shooting foul,0.2460,27,HIT
LeBron James,401809836,2025-12-10,22.0000,32.6667,3,13,Luka Doncic makes free throw 1 of 2,0.2320,27,HIT
LeBron James,401809836,2025-12-10,22.0000,32.6667,3,13,Kelly Olynyk enters the game for Dylan Harper,0.2730,27,HIT
LeBron James,401809836,2025-12-10,22.0000,32.6667,3,13,Harrison Barnes enters the game for Luke Kornet,0.2490,27,HIT
LeBron James,401809836,2025-12-10,22.0000,32.6667,3,13,Luka Doncic misses free throw 2 of 2,0.2890,27,HIT
LeBron James,401809836,2025-12-10,22.0000,32.7167,3,13,Kelly Olynyk defensive rebound,0.2390,27,HIT
LeBron James,401809836,2025-12-10,22.0000,32.8000,3,13,Marcus Smart personal foul,0.2470,27,HIT
LeBron James,401809836,2025-12-10,22.0000,32.8000,3,13,Keldon Johnson makes free throw 1 of 2,0.2530,27,HIT
LeBron James,401809836,2025-12-10,22.0000,32.8000,3,13,Keldon Johnson makes free throw 2 of 2,0.2570,27,HIT
LeBron James,401809836,2025-12-10,22.0000,33.0000,3,13,Marcus Smart makes 26-foot three point jumper (Luka Doncic assists),0.2150,27,HIT
LeBron James,401809836,2025-12-10,22.0000,33.3500,3,13,Kelly Olynyk makes free throw 1 of 2,0.2320,27,HIT
LeBron James,401809836,2025-12-10,22.0000,33.3500,3,13,Kelly Olynyk makes free throw 2 of 2,0.2270,27,HIT
LeBron James,401809836,2025-12-10,22.0000,33.3500,3,13,Austin Reaves shooting foul,0.2000,27,HIT
LeBron James,401809836,2025-12-10,22.0000,33.3500,3,13,LeBron James enters the game for Austin Reaves,0.2020,27,HIT
LeBron James,401809836,2025-12-10,22.0000,33.6333,3,13,Marcus Smart makes 27-foot three point jumper (Luka Doncic assists),0.2190,27,HIT
LeBron James,401809836,2025-12-10,22.0000,33.9667,3,13,Keldon Johnson misses 27-foot three point jumper,0.1790,27,HIT
LeBron James,401809836,2025-12-10,22.0000,34.0167,3,13,Harrison Barnes offensive rebound,0.1700,27,HIT
LeBron James,401809836,2025-12-10,22.0000,34.2000,3,13,De'Aaron Fox misses 22-foot pullup jump shot,0.1530,27,HIT
LeBron James,401809836,2025-12-10,22.0000,34.2833,3,13,LeBron James defensive rebound,0.1530,27,HIT
LeBron James,401809836,2025-12-10,22.0000,34.3667,3,13,Marcus Smart misses 26-foot three point shot,0.1360,27,HIT
LeBron James,401809836,2025-12-10,22.0000,34.4333,3,13,Julian Champagnie defensive rebound,0.1660,27,HIT
LeBron James,401809836,2025-12-10,22.0000,34.4833,3,13,Marcus Smart shooting foul,0.1710,27,HIT
LeBron James,401809836,2025-12-10,22.0000,34.4833,3,13,Julian Champagnie makes free throw 1 of 1,0.1240,27,HIT
LeBron James,401809836,2025-12-10,22.0000,34.4833,3,13,Julian Champagnie makes two point shot (Harrison Barnes assists),0.1620,27,HIT
LeBron James,401809836,2025-12-10,22.0000,34.7833,3,13,Luka Doncic makes 12-foot two point shot,0.1320,27,HIT
LeBron James,401809836,2025-12-10,22.0000,35.0000,3,13,Keldon Johnson makes free throw 1 of 2,0.1240,27,HIT
LeBron James,401809836,2025-12-10,22.0000,35.0000,3,13,Jaxson Hayes shooting foul,0.1120,27,HIT
LeBron James,401809836,2025-12-10,22.0000,35.0000,3,13,Keldon Johnson makes free throw 2 of 2,0.1060,27,HIT
LeBron James,401809836,2025-12-10,22.0000,35.2633,3,13,Marcus Smart makes 26-foot three pointer (Luka Doncic assists),0.0800,27,HIT
LeBron James,401809836,2025-12-10,22.0000,35.4950,3,13,De'Aaron Fox makes 26-foot three point step back jumpshot,0.0840,27,HIT
LeBron James,401809836,2025-12-10,22.0000,35.6500,3,13,Marcus Smart misses 26-foot three point jumper,0.0760,27,HIT
LeBron James,401809836,2025-12-10,22.0000,35.7000,3,13,De'Aaron Fox defensive rebound,0.0680,27,HIT
LeBron James,401809836,2025-12-10,22.0000,35.9633,3,13,De'Aaron Fox misses 27-foot three point pullup jump shot,0.0620,27,HIT
LeBron James,401809836,2025-12-10,22.0000,35.9633,3,13,LeBron James defensive rebound,0.0630,27,HIT
LeBron James,401809836,2025-12-10,22.0000,36.0000,3,13,End of the 3rd Quarter,0.0690,27,HIT
LeBron James,401809836,2025-12-10,22.0000,36.0000,4,13,Jake LaRavia enters the game for Jaxson Hayes,0.0640,27,HIT
LeBron James,401809836,2025-12-10,22.0000,36.0000,4,13,Deandre Ayton enters the game for Marcus Smart,0.0740,27,HIT
LeBron James,401809836,2025-12-10,22.0000,36.0000,4,13,Austin Reaves enters the game for Luka Doncic,0.0700,27,HIT
LeBron James,401809836,2025-12-10,22.0000,36.0000,4,13,Devin Vassell enters the game for Keldon Johnson,0.0860,27,HIT
LeBron James,401809836,2025-12-10,22.0000,36.0000,4,13,Luke Kornet enters the game for Kelly Olynyk,0.0590,27,HIT
LeBron James,401809836,2025-12-10,22.0000,36.0000,4,13,Stephon Castle enters the game for Harrison Barnes,0.0530,27,HIT
LeBron James,401809836,2025-12-10,22.0000,36.3000,4,16,Austin Reaves makes 25-foot three point jumper (LeBron James assists),0.4390,27,HIT
LeBron James,401809836,2025-12-10,22.0000,36.5167,4,16,Stephon Castle makes driving layup,0.3930,27,HIT
LeBron James,401809836,2025-12-10,22.0000,36.8000,4,16,Jake LaRavia bad pass (Devin Vassell steals),0.3610,27,HIT
LeBron James,401809836,2025-12-10,22.0000,36.8500,4,16,LeBron James blocks Devin Vassell 's 2-foot two point shot,0.3600,27,HIT
LeBron James,401809836,2025-12-10,22.0000,36.9333,4,16,Julian Champagnie offensive rebound,0.3560,27,HIT
LeBron James,401809836,2025-12-10,22.0000,36.9333,4,16,Julian Champagnie makes tip shot,0.3800,27,HIT
LeBron James,401809836,2025-12-10,22.0000,37.0333,4,16,Austin Reaves misses 26-foot three point pullup jump shot,0.3500,27,HIT
LeBron James,401809836,2025-12-10,22.0000,37.0833,4,16,Devin Vassell defensive rebound,0.3820,27,HIT
LeBron James,401809836,2025-12-10,22.0000,37.2500,4,16,Luke Kornet makes 3-foot layup (Devin Vassell assists),0.3460,27,HIT
LeBron James,401809836,2025-12-10,22.0000,37.2500,4,16,Lakers Full timeout,0.3710,27,HIT
LeBron James,401809836,2025-12-10,22.0000,37.2500,4,16,Rui Hachimura enters the game for Gabe Vincent,0.3440,27,HIT
LeBron James,401809836,2025-12-10,22.0000,37.2500,4,16,Marcus Smart enters the game for Deandre Ayton,0.3580,27,HIT
LeBron James,401809836,2025-12-10,22.0000,37.5833,4,16,Marcus Smart misses 27-foot three point jumper,0.3260,27,HIT
LeBron James,401809836,2025-12-10,22.0000,37.6333,4,16,Devin Vassell defensive rebound,0.3170,27,HIT
LeBron James,401809836,2025-12-10,22.0000,37.9000,4,16,Stephon Castle makes 26-foot three point step back jumpshot (Devin Vassell assists),0.2870,27,HIT
LeBron James,401809836,2025-12-10,22.0000,38.0667,4,16,Marcus Smart bad pass (Julian Champagnie steals),0.2890,27,HIT
LeBron James,401809836,2025-12-10,22.0000,38.1333,4,16,Luka Doncic enters the game for Jake LaRavia,0.2850,27,HIT
LeBron James,401809836,2025-12-10,22.0000,38.1333,4,16,Luke Kornet makes free throw 2 of 2,0.2740,27,HIT
LeBron James,401809836,2025-12-10,22.0000,38.1333,4,16,Spurs offensive team rebound,0.2870,27,HIT
LeBron James,401809836,2025-12-10,22.0000,38.1333,4,16,Luke Kornet misses free throw 1 of 2,0.2620,27,HIT
LeBron James,401809836,2025-12-10,22.0000,38.1333,4,16,Marcus Smart shooting foul,0.2590,27,HIT
LeBron James,401809836,2025-12-10,22.0000,38.4000,4,16,Marcus Smart makes 26-foot three point jumper (Austin Reaves assists),0.2590,27,HIT
LeBron James,401809836,2025-12-10,22.0000,38.7667,4,16,Stephon Castle lost ball turnover (Luka Doncic steals),0.1840,27,HIT
LeBron James,401809836,2025-12-10,22.0000,38.7833,4,16,De'Aaron Fox shooting foul,0.2130,27,HIT
LeBron James,401809836,2025-12-10,22.0000,38.7833,4,17,LeBron James makes free throw 1 of 2,0.3780,27,HIT
LeBron James,401809836,2025-12-10,22.0000,38.7833,4,17,Keldon Johnson enters the game for Devin Vassell,0.3800,27,HIT
LeBron James,401809836,2025-12-10,22.0000,38.7833,4,17,Harrison Barnes enters the game for Julian Champagnie,0.3750,27,HIT
LeBron James,401809836,2025-12-10,22.0000,38.7833,4,17,LeBron James misses free throw 2 of 2,0.3870,27,HIT
LeBron James,401809836,2025-12-10,22.0000,38.8167,4,17,Stephon Castle defensive rebound,0.3520,27,HIT
LeBron James,401809836,2025-12-10,22.0000,39.2000,4,17,Harrison Barnes misses 22-foot pullup jump shot,0.3380,27,HIT
LeBron James,401809836,2025-12-10,22.0000,39.2833,4,17,Marcus Smart defensive rebound,0.3120,27,HIT
LeBron James,401809836,2025-12-10,22.0000,39.3000,4,17,Luka Doncic out of bounds lost ball turnover,0.3270,27,HIT
LeBron James,401809836,2025-12-10,22.0000,39.3833,4,17,Harrison Barnes misses 26-foot three point pullup jump shot,0.3280,27,HIT
LeBron James,401809836,2025-12-10,22.0000,39.4333,4,17,Luke Kornet offensive rebound,0.2960,27,HIT
LeBron James,401809836,2025-12-10,22.0000,39.4500,4,17,Rui Hachimura blocks Luke Kornet 's 4-foot two point shot,0.2860,27,HIT
LeBron James,401809836,2025-12-10,22.0000,39.5167,4,17,Stephon Castle offensive rebound,0.3270,27,HIT
LeBron James,401809836,2025-12-10,22.0000,39.5333,4,17,Stephon Castle makes two point shot,0.3030,27,HIT
LeBron James,401809836,2025-12-10,22.0000,39.7667,4,19,Austin Reaves makes two point shot (LeBron James assists),0.7170,27,HIT
LeBron James,401809836,2025-12-10,22.0000,39.9833,4,19,De'Aaron Fox makes driving layup,0.7060,27,HIT
LeBron James,401809836,2025-12-10,22.0000,40.2667,4,22,Marcus Smart makes 26-foot three point jumper (LeBron James assists),1.0000,27,HIT
LeBron James,401809836,2025-12-10,22.0000,40.3000,4,22,Julian Champagnie enters the game for De'Aaron Fox,1.0000,27,HIT
LeBron James,401809836,2025-12-10,22.0000,40.3000,4,22,Dylan Harper enters the game for Luke Kornet,1.0000,27,HIT
LeBron James,401809836,2025-12-10,22.0000,40.3000,4,22,Spurs Full timeout,1.0000,27,HIT
LeBron James,401809836,2025-12-10,22.0000,40.6333,4,22,Dylan Harper misses driving layup,1.0000,27,HIT
LeBron James,401809836,2025-12-10,22.0000,40.7000,4,22,Rui Hachimura defensive rebound,1.0000,27,HIT
LeBron James,401809836,2025-12-10,22.0000,40.7000,4,22,Julian Champagnie shooting foul,1.0000,27,HIT
LeBron James,401809836,2025-12-10,22.0000,40.7000,4,22,Luka Doncic makes free throw 1 of 2,1.0000,27,HIT
LeBron James,401809836,2025-12-10,22.0000,40.7000,4,22,Luka Doncic makes free throw 2 of 2,1.0000,27,HIT
LeBron James,401809836,2025-12-10,22.0000,40.9833,4,22,Stephon Castle makes driving layup (Julian Champagnie assists),1.0000,27,HIT
LeBron James,401809836,2025-12-10,22.0000,41.1833,4,22,Luka Doncic makes driving layup,1.0000,27,HIT
LeBron James,401809836,2025-12-10,22.0000,41.3333,4,22,Harrison Barnes misses 24-foot three point jumper,1.0000,27,HIT
LeBron James,401809836,2025-12-10,22.0000,41.4000,4,22,Austin Reaves defensive rebound,1.0000,27,HIT
LeBron James,401809836,2025-12-10,22.0000,41.5000,4,22,Austin Reaves misses two point shot,1.0000,27,HIT
LeBron James,401809836,2025-12-10,22.0000,41.5333,4,22,Stephon Castle defensive rebound,1.0000,27,HIT
LeBron James,401809836,2025-12-10,22.0000,41.6500,4,22,Stephon Castle misses 27-foot three point pullup jump shot,1.0000,27,HIT
LeBron James,401809836,2025-12-10,22.0000,41.7333,4,22,Julian Champagnie offensive rebound,1.0000,27,HIT
LeBron James,401809836,2025-12-10,22.0000,41.8500,4,22,Keldon Johnson misses 27-foot three point pullup jump shot,1.0000,27,HIT
LeBron James,401809836,2025-12-10,22.0000,41.9000,4,22,LeBron James defensive rebound,1.0000,27,HIT
LeBron James,401809836,2025-12-10,22.0000,42.1833,4,22,Luka Doncic misses driving floating jump shot,1.0000,27,HIT
LeBron James,401809836,2025-12-10,22.0000,42.2333,4,22,Dylan Harper defensive rebound,1.0000,27,HIT
LeBron James,401809836,2025-12-10,22.0000,42.2833,4,22,Dylan Harper makes driving layup,1.0000,27,HIT
LeBron James,401809836,2025-12-10,22.0000,42.2833,4,22,Rui Hachimura defensive goaltending violation,1.0000,27,HIT
LeBron James,401809836,2025-12-10,22.0000,42.5667,4,22,Marcus Smart makes 26-foot three point jumper (Luka Doncic assists),1.0000,27,HIT
LeBron James,401809836,2025-12-10,22.0000,42.9000,4,22,Devin Vassell enters the game for Stephon Castle,1.0000,27,HIT
LeBron James,401809836,2025-12-10,22.0000,42.9000,4,22,Stephon Castle out of bounds bad pass turnover,1.0000,27,HIT
LeBron James,401809836,2025-12-10,22.0000,43.1500,4,22,Julian Champagnie shooting foul,1.0000,27,HIT
LeBron James,401809836,2025-12-10,22.0000,43.1500,4,22,(04:51) [Spurs] REF-INITIATED REVIEW (CALL STANDS),1.0000,27,HIT
LeBron James,401809836,2025-12-10,22.0000,43.1500,4,23,LeBron James makes free throw 1 of 2,1.0000,27,HIT
LeBron James,401809836,2025-12-10,22.0000,43.1500,4,23,De'Aaron Fox enters the game for Dylan Harper,1.0000,27,HIT
LeBron James,401809836,2025-12-10,22.0000,43.1500,4,24,LeBron James makes free throw 2 of 2,1.0000,27,HIT
LeBron James,401809836,2025-12-10,22.0000,43.4833,4,24,Devin Vassell misses 13-foot pullup jump shot,1.0000,27,HIT
LeBron James,401809836,2025-12-10,22.0000,43.5333,4,24,LeBron James defensive rebound,1.0000,27,HIT
LeBron James,401809836,2025-12-10,22.0000,43.6333,4,27,Marcus Smart makes 26-foot three point jumper (LeBron James assists),1.0000,27,HIT
LeBron James,401809836,2025-12-10,22.0000,43.9000,4,27,Julian Champagnie traveling,1.0000,27,HIT
LeBron James,401809836,2025-12-10,22.0000,43.9000,4,27,Stephon Castle enters the game for Keldon Johnson,1.0000,27,HIT
LeBron James,401809836,2025-12-10,22.0000,43.9000,4,27,Luke Kornet enters the game for Julian Champagnie,1.0000,27,HIT
LeBron James,401809836,2025-12-10,22.0000,44.1000,4,27,Austin Reaves makes free throw 1 of 1,1.0000,27,HIT
LeBron James,401809836,2025-12-10,22.0000,44.1000,4,27,Austin Reaves makes driving layup (Luka Doncic assists),1.0000,27,HIT
LeBron James,401809836,2025-12-10,22.0000,44.1000,4,27,Harrison Barnes shooting foul,1.0000,27,HIT
LeBron James,401809836,2025-12-10,22.0000,44.4167,4,27,De'Aaron Fox makes 26-foot three point jumper (Stephon Castle assists),1.0000,27,HIT
LeBron James,401809836,2025-12-10,22.0000,44.8000,4,27,Rui Hachimura makes driving layup (LeBron James assists),1.0000,27,HIT
LeBron James,401809836,2025-12-10,22.0000,45.1333,4,27,Luka Doncic shooting foul,1.0000,27,HIT
LeBron James,401809836,2025-12-10,22.0000,45.1333,4,27,Luke Kornet makes free throw 1 of 2,1.0000,27,HIT
LeBron James,401809836,2025-12-10,22.0000,45.1333,4,27,Luke Kornet makes free throw 2 of 2,1.0000,27,HIT
LeBron James,401809836,2025-12-10,22.0000,45.4167,4,27,Austin Reaves misses 12-foot two point shot,1.0000,27,HIT
LeBron James,401809836,2025-12-10,22.0000,45.4333,4,27,Spurs defensive team rebound,1.0000,27,HIT
LeBron James,401809836,2025-12-10,22.0000,45.7667,4,27,Stephon Castle traveling,1.0000,27,HIT
LeBron James,401809836,2025-12-10,22.0000,46.0000,4,27,Rui Hachimura misses 28-foot three point jumper,1.0000,27,HIT
LeBron James,401809836,2025-12-10,22.0000,46.0667,4,27,Stephon Castle defensive rebound,1.0000,27,HIT
LeBron James,401809836,2025-12-10,22.0000,46.3167,4,27,(01:41) [Spurs] REF-INITIATED REVIEW (CALL STANDS),1.0000,27,HIT
LeBron James,401809836,2025-12-10,22.0000,46.3167,4,27,Stephon Castle makes 26-foot three point step back jumpshot,1.0000,27,HIT
LeBron James,401809836,2025-12-10,22.0000,46.6000,4,27,Luka Doncic misses 27-foot three point jumper,1.0000,27,HIT
LeBron James,401809836,2025-12-10,22.0000,46.6333,4,27,Harrison Barnes defensive rebound,1.0000,27,HIT
LeBron James,401809836,2025-12-10,22.0000,46.8500,4,27,Julian Champagnie enters the game for Luke Kornet,1.0000,27,HIT
LeBron James,401809836,2025-12-10,22.0000,46.8500,4,27,Jordan McLaughlin enters the game for Stephon Castle,1.0000,27,HIT
LeBron James,401809836,2025-12-10,22.0000,46.8500,4,27,Dylan Harper enters the game for Harrison Barnes,1.0000,27,HIT
LeBron James,401809836,2025-12-10,22.0000,46.8500,4,27,Kelly Olynyk enters the game for Devin Vassell,1.0000,27,HIT
LeBron James,401809836,2025-12-10,22.0000,46.8500,4,27,Lindy Waters III enters the game for De'Aaron Fox,1.0000,27,HIT
LeBron James,401809836,2025-12-10,22.0000,46.8500,4,27,Bronny James enters the game for LeBron James,1.0000,27,HIT
LeBron James,401809836,2025-12-10,22.0000,46.8500,4,27,Dalton Knecht enters the game for Rui Hachimura,1.0000,27,HIT
LeBron James,401809836,2025-12-10,22.0000,46.8500,4,27,Jake LaRavia enters the game for Austin Reaves,1.0000,27,HIT
LeBron James,401809836,2025-12-10,22.0000,46.8500,4,27,Austin Reaves personal foul,1.0000,27,HIT
LeBron James,401809836,2025-12-10,22.0000,46.8500,4,27,Adou Thiero enters the game for Luka Doncic,1.0000,27,HIT
LeBron James,401809836,2025-12-10,22.0000,46.9667,4,27,Julian Champagnie makes 4-foot layup (Kelly Olynyk assists),1.0000,27,HIT
LeBron James,401809836,2025-12-10,22.0000,47.1067,4,27,Marcus Smart misses 25-foot three point jumper,1.0000,27,HIT
LeBron James,401809836,2025-12-10,22.0000,47.1483,4,27,Lindy Waters III defensive rebound,1.0000,27,HIT
LeBron James,401809836,2025-12-10,22.0000,47.4917,4,27,Dylan Harper lost ball turnover (Adou Thiero steals),1.0000,27,HIT
LeBron James,401809836,2025-12-10,22.0000,47.5500,4,27,Dalton Knecht makes 26-foot running pullup jump shot (Jake LaRavia assists),1.0000,27,HIT
LeBron James,401809836,2025-12-10,22.0000,47.9633,4,27,shot clock turnover ,1.0000,27,HIT
LeBron James,401809836,2025-12-10,22.0000,48.0000,4,27,End of the 4th Quarter,1.0000,27,HIT
LeBron James,401809836,2025-12-10,22.0000,48.0000,4,27,End of Game,1.0000,27,HIT
