player,player_id,paint_fga,paint_fgm,paint_fg_pct,paint_rate,paint_ppg,games,rank
Jericho Sims,1630579,45,39,86.7,91.8,3.7,21,1
Kelly Olynyk,203482,25,20,80.0,38.5,2.9,14,2
Ryan Kalkbrenner,1641750,125,99,79.2,95.4,7.1,28,3
Robert Williams III,1629057,89,70,78.7,85.6,5.4,26,4
Jaxson Hayes,1629637,101,79,78.2,94.4,5.1,31,5
Joan Beringer,1642866,26,20,76.9,96.3,4.0,10,6
Jakob Poeltl,1627751,97,74,76.3,76.4,7.0,21,7
Goga Bitadze,1629048,115,87,75.7,87.1,5.0,35,8
Giannis Antetokounmpo,203507,332,251,75.6,74.8,20.1,25,9
Deandre Ayton,1629028,219,163,74.4,68.2,9.6,34,10
Rudy Gobert,203497,240,177,73.8,94.5,8.8,40,11
Isaiah Hartenstein,1628392,130,96,73.8,72.2,8.0,24,12
Will Richard,1642954,57,42,73.7,30.8,3.0,28,13
Jalen Suggs,1630591,72,53,73.6,28.0,4.8,22,14
Mouhamed Gueye,1631243,68,50,73.5,41.7,3.4,29,15
Zach Edey,1641744,68,50,73.5,69.4,9.1,11,16
Thomas Bryant,1628418,45,33,73.3,47.4,3.7,18,17
Karlo Matković,1631255,71,52,73.2,71.7,3.9,27,18
Mikal Bridges,1628969,138,101,73.2,28.0,5.3,38,19
Chet Holmgren,1631096,197,144,73.1,47.8,8.2,35,20
Jay Huff,1630643,85,62,72.9,31.7,3.6,34,21
Derrick Jones Jr.,1627884,55,40,72.7,47.0,5.0,16,22
Luka Dončić,1629029,116,84,72.4,16.7,6.0,28,23
John Collins,1628381,172,124,72.1,49.1,6.7,37,24
Kevin Durant,201142,89,64,71.9,14.3,4.3,30,25
Ziaire Williams,1630533,46,33,71.7,22.5,3.1,21,26
Austin Reaves,1630559,120,86,71.7,32.2,7.5,23,27
Neemias Queta,1629674,211,151,71.6,84.4,8.2,37,28
Asa Newell,1642854,49,35,71.4,45.4,4.4,16,29
Nikola Jokić,203999,266,190,71.4,47.5,11.9,32,30
Keon Ellis,1631165,28,20,71.4,15.2,2.2,18,31
Walker Kessler,1631117,28,20,71.4,75.7,8.0,5,32
Branden Carlson,1642382,59,42,71.2,51.3,3.5,24,33
Tristan Vukcevic,1641774,52,37,71.2,34.9,3.9,19,34
Trey Murphy III,1630530,203,144,70.9,34.6,7.6,38,35
Johnny Furphy,1642277,41,29,70.7,50.6,3.6,16,36
Zach Collins,1628380,34,24,70.6,53.1,5.3,9,37
Michael Porter Jr.,1629008,156,110,70.5,27.9,7.3,30,38
Vít Krejčí,1630249,37,26,70.3,13.4,2.2,24,39
Dominick Barlow,1631230,113,79,69.9,66.1,5.6,28,40
Wendell Carter Jr.,1628976,136,95,69.9,41.7,5.0,38,41
Victor Wembanyama,1641705,172,120,69.8,40.4,9.2,26,42
Caris LeVert,1627747,56,39,69.6,29.9,3.1,25,43
Naji Marshall,1630230,158,109,69.0,43.1,5.6,39,44
Corey Kispert,1630557,42,29,69.0,31.3,2.9,20,45
Luka Garza,1630568,74,51,68.9,54.4,4.2,24,46
Mark Williams,1631109,221,152,68.8,85.7,8.9,34,47
Julian Champagnie,1630577,64,44,68.8,18.4,2.9,30,48
Drake Powell,1642962,35,24,68.6,27.8,2.7,18,49
Sandro Mamukelashvili,1630572,149,102,68.5,49.0,5.4,38,50
Day'Ron Sharpe,1630549,143,98,68.5,81.2,5.4,36,51
Anthony Edwards,1630162,215,147,68.4,32.7,8.9,33,52
Oso Ighodaro,1642345,110,75,68.2,73.3,4.4,34,53
Jordan Walsh,1641775,75,51,68.0,51.7,3.8,27,54
LeBron James,2544,155,105,67.7,45.7,10.0,21,55
Evan Mobley,1630596,238,161,67.6,51.1,9.2,35,56
GG Jackson,1641713,37,25,67.6,36.3,3.6,14,57
Kawhi Leonard,202695,111,75,67.6,19.6,5.6,27,58
Zeke Nnaji,1630192,43,29,67.4,56.6,3.1,19,59
Jonathan Isaac,1628371,43,29,67.4,55.1,2.4,24,60
Hugo González,1642864,52,35,67.3,46.0,3.3,21,61
Gary Payton II,1627780,107,72,67.3,67.7,5.1,28,62
Kevin Huerter,1628989,119,80,67.2,35.7,5.0,32,63
Payton Pritchard,1630202,79,53,67.1,14.3,3.0,35,64
Drew Eubanks,1629234,73,49,67.1,66.4,3.6,27,65
Luke Kornet,1628436,140,94,67.1,92.1,6.1,31,66
Craig Porter Jr.,1641854,54,36,66.7,37.2,2.5,29,67
Gui Santos,1630611,30,20,66.7,33.0,2.1,19,68
Marcus Smart,203935,45,30,66.7,20.3,2.4,25,69
Kris Dunn,1627739,84,56,66.7,34.0,3.3,34,70
Marvin Bagley III,1628963,170,113,66.5,82.9,7.3,31,71
Jonas Valančiūnas,202685,107,71,66.4,55.2,4.7,30,72
Paul Reed,1630194,83,55,66.3,64.3,4.2,26,73
Brice Sensabaugh,1641729,74,49,66.2,23.4,3.4,29,74
Donovan Clingan,1642270,177,117,66.1,60.8,6.3,37,75
Spencer Jones,1642461,59,39,66.1,39.3,3.4,23,76
Jalen Johnson,1630552,303,200,66.0,47.4,10.5,38,77
Jake LaRavia,1631222,120,79,65.8,41.5,4.8,33,78
PJ Hall,1641790,35,23,65.7,79.5,4.6,10,79
Quinten Post,1642366,70,46,65.7,25.0,3.2,29,80
Amen Thompson,1641708,312,205,65.7,60.5,11.1,37,81
DeMar DeRozan,201942,108,71,65.7,20.0,3.8,37,82
Aaron Gordon,203932,93,61,65.6,41.7,7.2,17,83
Keldon Johnson,1629640,209,137,65.6,57.9,6.8,40,84
Dalton Knecht,1642261,32,21,65.6,21.5,1.9,22,85
Jalen Duren,1631105,296,194,65.5,86.8,12.5,31,86
Jarrett Allen,1628386,203,133,65.5,76.3,9.2,29,87
Alex Caruso,1627936,52,34,65.4,34.0,2.8,24,88
Zach LaVine,203897,130,85,65.4,31.9,6.1,28,89
Josh Minott,1631169,49,32,65.3,37.4,3.0,21,90
Naz Reid,1629675,147,96,65.3,30.6,4.7,41,91
Bones Hyland,1630538,46,30,65.2,26.3,2.6,23,92
Keegan Murray,1631099,69,45,65.2,26.6,5.0,18,93
Tyler Herro,1629639,43,28,65.1,25.9,5.6,10,94
Shai Gilgeous-Alexander,1628983,252,164,65.1,32.4,8.4,39,95
Josh Hart,1628404,106,69,65.1,38.7,5.1,27,96
Mitchell Robinson,1629011,80,52,65.0,98.8,4.3,24,97
Moussa Diabaté,1631217,168,109,64.9,91.3,5.9,37,98
Collin Murray-Boyles,1642867,134,87,64.9,68.4,5.6,31,99
Lauri Markkanen,1628374,268,174,64.9,41.2,10.5,33,100
Yanic Konan Niederhäuser,1642949,34,22,64.7,87.2,2.9,15,101
Stephen Curry,201939,139,90,64.7,22.7,6.0,30,102
Cedric Coward,1642907,147,95,64.6,38.6,5.4,35,103
Jalen Smith,1630188,99,64,64.6,42.7,4.1,31,104
Anthony Davis,203076,172,111,64.5,51.5,11.1,20,105
Isaiah Stewart,1630191,163,105,64.4,63.7,6.4,33,106
Nic Claxton,1629651,261,168,64.4,83.1,9.6,35,107
Buddy Hield,1627741,56,36,64.3,25.0,3.0,24,108
Jae'Sean Tate,1630256,28,18,64.3,56.0,2.6,14,109
Brandin Podziemski,1641764,81,52,64.2,21.8,3.1,34,110
Svi Mykhailiuk,1629004,67,43,64.2,26.5,3.2,27,111
Santi Aldama,1630583,159,102,64.2,36.3,5.4,38,112
Collin Sexton,1629012,134,86,64.2,41.4,5.7,30,113
Alperen Sengun,1630578,254,163,64.2,51.5,11.2,29,114
Maxime Raynaud,1642875,142,91,64.1,55.7,5.9,31,115
Dean Wade,1629731,36,23,63.9,21.3,1.9,24,116
Ivica Zubac,1627826,280,179,63.9,78.9,10.5,34,117
Julius Randle,203944,281,179,63.7,43.9,8.7,41,118
Olivier-Maxence Prosper,1641765,33,21,63.6,51.6,3.0,14,119
Daniel Gafford,1629655,129,82,63.6,93.5,6.6,25,120
Cam Whitmore,1641715,88,56,63.6,52.1,5.6,20,121
Kel'el Ware,1642276,208,132,63.5,61.0,6.8,39,122
Kyle Kuzma,1628398,200,126,63.0,56.5,7.0,36,123
Pascal Siakam,1627783,262,165,63.0,37.1,8.5,39,124
Tari Eason,1631106,70,44,62.9,35.2,4.6,19,125
Tre Jones,1630200,164,103,62.8,62.1,6.2,33,126
Cody Williams,1642262,59,37,62.7,50.4,3.4,22,127
Matas Buzelis,1641824,219,137,62.6,50.1,7.0,39,128
Jimmy Butler III,202710,243,152,62.6,56.6,8.4,36,129
OG Anunoby,1628384,139,87,62.6,41.1,6.2,28,130
Donovan Mitchell,1628378,219,137,62.6,28.3,7.4,37,131
Dwight Powell,203939,32,20,62.5,97.0,2.7,15,132
Nae'Qwan Tomlin,1641772,96,60,62.5,62.7,4.1,29,133
Jase Richardson,1642859,48,30,62.5,39.7,3.3,18,134
Rui Hachimura,1629060,72,45,62.5,27.3,3.9,23,135
Scottie Barnes,1630567,290,181,62.4,48.5,9.0,40,136
Reed Sheppard,1642263,61,38,62.3,15.4,2.6,29,137
Onyeka Okongwu,1630168,220,137,62.3,44.0,6.8,40,138
Gradey Dick,1641711,61,38,62.3,29.2,2.4,32,139
Ace Bailey,1642846,74,46,62.2,25.7,3.2,29,140
Quentin Grimes,1629656,127,79,62.2,34.2,4.5,35,141
Zaccharie Risacher,1642258,129,80,62.0,38.2,4.4,36,142
Brandon Ingram,1627742,142,88,62.0,21.2,4.9,36,143
Draymond Green,203110,79,49,62.0,31.6,3.3,30,144
Jalen Williams,1631114,157,97,61.8,49.1,8.8,22,145
T.J. McConnell,204456,68,42,61.8,28.5,3.4,25,146
Nique Clifford,1642363,60,37,61.7,32.8,3.2,23,147
Coby White,1629632,94,58,61.7,39.2,6.8,17,148
Duncan Robinson,1629130,47,29,61.7,14.5,2.2,26,149
Jock Landale,1629111,151,93,61.6,48.9,5.3,35,150
Jaylen Brown,1627759,252,155,61.5,31.9,8.6,36,151
Jordan Clarkson,203903,101,62,61.4,30.6,3.4,36,152
Kenrich Williams,1629026,31,19,61.3,35.6,2.5,15,153
Jaden McDaniels,1630183,185,113,61.1,43.6,5.8,39,154
Joel Embiid,203954,123,75,61.0,36.1,7.9,19,155
Kelly Oubre Jr.,1626162,69,42,60.9,39.4,6.0,14,156
Shaedon Sharpe,1631101,271,165,60.9,40.8,8.9,37,157
Zion Williamson,1629627,322,196,60.9,86.8,15.1,26,158
Alex Sarr,1642259,227,138,60.8,56.3,9.5,29,159
Justin Champagnie,1630551,117,71,60.7,61.9,4.7,30,160
Pelle Larsson,1641796,104,63,60.6,46.8,4.7,27,161
Dillon Brooks,1628415,109,66,60.6,18.6,4.0,33,162
Isaiah Jackson,1630543,132,80,60.6,93.0,5.7,28,163
Moussa Cisse,1630619,43,26,60.5,100.0,3.7,14,164
Isaiah Collier,1642268,114,69,60.5,60.0,4.8,29,165
Jabari Smith Jr.,1631095,106,64,60.4,23.3,4.0,32,166
Ryan Dunn,1642346,96,58,60.4,48.0,3.9,30,167
Trendon Watford,1630570,53,32,60.4,60.2,4.6,14,168
Jeremy Sochan,1631110,53,32,60.4,55.8,3.8,17,169
Kris Murray,1631200,96,58,60.4,54.9,3.7,31,170
Devin Booker,1626164,156,94,60.3,23.1,5.2,36,171
RJ Barrett,1629628,161,97,60.2,47.5,8.4,23,172
Julian Phillips,1641763,30,18,60.0,40.5,2.1,17,173
Will Riley,1642860,50,30,60.0,39.7,2.5,24,174
Jaime Jaquez Jr.,1631170,275,165,60.0,61.2,9.2,36,175
Bam Adebayo,1628389,145,87,60.0,33.4,5.4,32,176
Tristan da Silva,1641783,97,58,59.8,34.2,3.5,33,177
Stephon Castle,1642264,184,110,59.8,46.8,7.1,31,178
Jose Alvarado,1630631,62,37,59.7,26.1,2.7,27,179
Cameron Johnson,1629661,77,46,59.7,31.4,3.5,26,180
Tyler Kolek,1642278,57,34,59.6,35.8,2.6,26,181
De'Aaron Fox,1628368,146,87,59.6,29.2,5.6,31,182
Derik Queen,1642852,262,156,59.5,63.7,7.6,41,183
Luguentz Dort,1629652,37,22,59.5,15.9,2.0,22,184
Peyton Watson,1631212,185,110,59.5,50.3,5.9,37,185
Ausar Thompson,1641709,219,130,59.4,71.6,7.6,34,186
Kon Knueppel,1642851,128,76,59.4,23.9,4.1,37,187
Miles McBride,1630540,32,19,59.4,11.7,2.5,15,188
Immanuel Quickley,1630193,106,63,59.4,19.6,3.4,37,189
Cooper Flagg,1642843,268,159,59.3,45.3,8.2,39,190
Max Christie,1631108,91,54,59.3,27.3,3.4,32,191
Toumani Camara,1641739,125,74,59.2,28.2,3.8,39,192
Taylor Hendricks,1641707,44,26,59.1,40.7,2.6,20,193
Tyrese Maxey,1630178,303,179,59.1,37.5,9.9,36,194
Tidjane Salaün,1642275,51,30,58.8,43.6,2.9,21,195
Christian Braun,1631128,68,40,58.8,61.3,5.7,14,196
Harrison Barnes,203084,109,64,58.7,30.8,3.5,37,197
Saddiq Bey,1630180,184,108,58.7,43.1,6.5,33,198
Anthony Black,1641710,230,135,58.7,47.1,6.8,40,199
Yves Missi,1642274,126,74,58.7,92.6,4.8,31,200
Isaac Okoro,1630171,111,65,58.6,52.6,4.3,30,201
Jarred Vanderbilt,1629020,65,38,58.5,55.6,3.0,25,202
Adem Bona,1641737,65,38,58.5,92.9,3.0,25,203
Jabari Walker,1631133,65,38,58.5,54.6,3.0,25,204
Ajay Mitchell,1642349,193,113,58.5,46.4,5.9,38,205
Trayce Jackson-Davis,1631218,89,52,58.4,100.0,4.0,26,206
Keyonte George,1641718,178,104,58.4,28.4,5.5,38,207
Dyson Daniels,1630700,274,160,58.4,64.6,7.8,41,208
De'Andre Hunter,1629631,89,52,58.4,22.4,3.0,35,209
Paolo Banchero,1631094,218,127,58.3,46.6,8.5,30,210
Jaylon Tyson,1642281,163,95,58.3,47.1,5.3,36,211
Jordan Miller,1641757,36,21,58.3,45.6,3.0,14,212
Kobe Sanders,1642920,43,25,58.1,26.9,2.4,21,213
Bobby Portis,1626171,93,54,58.1,21.9,2.9,37,214
Ja'Kobe Walter,1642266,50,29,58.0,27.6,2.3,25,215
Nikola Vučević,202696,192,111,57.8,37.1,5.8,38,216
Terance Mann,1629611,90,52,57.8,42.3,3.7,28,217
Franz Wagner,1630532,206,119,57.8,53.9,9.9,24,218
Paul George,202331,52,30,57.7,19.0,3.2,19,219
Andrew Wiggins,203952,184,106,57.6,39.1,5.9,36,220
Bruce Brown,1628971,134,77,57.5,54.7,3.8,40,221
Quenton Jackson,1631245,40,23,57.5,47.6,3.1,15,222
Moses Moody,1630541,73,42,57.5,22.1,2.6,32,223
Miles Bridges,1628970,251,144,57.4,41.6,7.6,38,224
Ryan Rollins,1631157,195,112,57.4,36.1,5.6,40,225
Desmond Bane,1630217,288,165,57.3,46.7,8.2,40,226
Andrew Nembhard,1629614,110,63,57.3,25.6,4.2,30,227
P.J. Washington,1629023,166,95,57.2,46.0,6.6,29,228
Ayo Dosunmu,1630245,182,104,57.1,53.8,6.3,33,229
De'Anthony Melton,1629001,49,28,57.1,34.5,4.0,14,230
Kevon Looney,1626172,28,16,57.1,62.2,2.7,12,231
Norman Powell,1626181,211,120,56.9,37.7,7.1,34,232
Deni Avdija,1630166,308,175,56.8,45.4,8.8,40,233
Donte DiVincenzo,1628978,74,42,56.8,16.9,2.5,34,234
Jonathan Kuminga,1630228,90,51,56.7,49.7,6.0,17,235
Ryan Nembhard,1642948,30,17,56.7,16.1,1.7,20,236
Russell Westbrook,201566,175,99,56.6,34.2,5.0,40,237
Jalen Brunson,1628973,191,108,56.5,24.8,6.2,35,238
James Harden,201935,195,110,56.4,31.2,6.1,36,239
Ronald Holland II,1641842,140,79,56.4,51.7,4.6,34,240
Kyle Filipowski,1642271,142,80,56.3,51.3,4.2,38,241
Domantas Sabonis,1627734,105,59,56.2,72.4,10.7,11,242
Javonte Green,1629750,89,50,56.2,41.6,3.0,33,243
Karl-Anthony Towns,1626157,300,168,56.0,57.5,9.3,36,244
Kyshawn George,1642273,93,52,55.9,27.5,3.9,27,245
Josh Okogie,1629006,68,38,55.9,41.2,2.9,26,246
Dalen Terry,1631207,34,19,55.9,54.8,1.9,20,247
Jaren Jackson Jr.,1628991,181,101,55.8,34.2,5.6,36,248
Malik Monk,1628370,77,43,55.8,24.4,2.9,30,249
Jrue Holiday,201950,52,29,55.8,28.1,4.1,14,250
Tre Johnson,1642848,52,29,55.8,17.0,2.3,25,251
Jaylen Clark,1641740,61,34,55.7,45.2,2.5,27,252
Nickeil Alexander-Walker,1629638,212,118,55.7,33.1,5.9,40,253
Ochai Agbaji,1630534,79,44,55.7,62.2,3.3,27,254
Guerschon Yabusele,1627824,27,15,55.6,29.3,1.9,16,255
Cade Cunningham,1630595,267,148,55.4,40.6,9.2,32,256
D'Angelo Russell,1626156,47,26,55.3,20.3,2.4,22,257
Grayson Allen,1628960,67,37,55.2,23.1,3.2,23,258
Precious Achiuwa,1630173,134,74,55.2,68.0,4.9,30,259
Brandon Miller,1641706,96,53,55.2,25.2,4.6,23,260
Ja Morant,1629630,107,59,55.1,36.4,6.6,18,261
Kevin Porter Jr.,1629645,98,54,55.1,34.3,5.1,21,262
LaMelo Ball,1630163,129,71,55.0,25.4,4.9,29,263
Collin Gillespie,1631221,60,33,55.0,14.0,2.2,30,264
Andre Drummond,203083,126,69,54.8,70.4,4.5,31,265
Jusuf Nurkić,203994,168,92,54.8,63.9,5.8,32,266
Jamal Murray,1627750,186,102,54.8,27.5,5.8,35,267
Tim Hardaway Jr.,203501,53,29,54.7,13.7,1.8,32,268
Derrick White,1628401,95,52,54.7,15.4,3.1,34,269
Noah Clowney,1641730,95,52,54.7,25.2,3.2,32,270
Bilal Coulibaly,1641731,97,53,54.6,46.6,4.4,24,271
Anfernee Simons,1629014,66,36,54.5,15.5,2.5,29,272
Malaki Branham,1631103,33,18,54.5,53.2,2.8,13,273
Jerami Grant,203924,145,79,54.5,40.5,6.1,26,274
Davion Mitchell,1630558,123,67,54.5,42.0,3.8,35,275
Tobias Harris,202699,88,48,54.5,36.1,4.6,21,276
Brandon Williams,1630314,173,94,54.3,53.9,5.5,34,277
Dylan Harper,1642844,162,88,54.3,56.1,5.9,30,278
Clint Capela,203991,94,51,54.3,94.9,3.3,31,279
Aaron Wiggins,1630598,94,51,54.3,38.5,4.1,25,280
Dylan Cardwell,1642928,37,20,54.1,82.2,4.0,10,281
Myles Turner,1626167,93,50,53.8,25.1,2.9,34,282
Sidy Cissoko,1631321,52,28,53.8,28.3,2.4,23,283
Jaylen Wells,1642377,95,51,53.7,23.9,2.7,38,284
Josh Giddey,1630581,209,112,53.6,48.7,7.5,30,285
Tony Bradley,1628396,69,37,53.6,80.2,2.7,27,286
Jaden Ivey,1631093,56,30,53.6,35.7,2.7,22,287
Devin Vassell,1630170,43,23,53.5,10.8,2.3,20,288
Daniss Jenkins,1642450,66,35,53.0,32.8,3.5,20,289
Kyle Anderson,203937,51,27,52.9,68.9,4.5,12,290
Trae Young,1629027,36,19,52.8,26.7,3.8,10,291
Cam Thomas,1630560,55,29,52.7,25.2,4.5,13,292
Kristaps Porziņģis,204001,57,30,52.6,27.1,3.5,17,293
CJ McCollum,203468,128,67,52.3,22.6,3.6,37,294
Royce O'Neale,1626220,44,23,52.3,13.0,2.0,23,295
VJ Edgecombe,1642845,180,94,52.2,37.9,5.5,34,296
Yang Hansen,1642905,25,13,52.0,38.5,1.6,16,297
Tyrese Proctor,1642878,25,13,52.0,20.3,2.0,13,298
Jordan Goodwin,1630692,102,53,52.0,32.0,3.4,31,299
Jalen Pickett,1629618,27,14,51.9,22.5,1.8,16,300
Christian Koloko,1631132,27,14,51.9,77.1,2.8,10,301
Micah Peavy,1642877,85,44,51.8,47.5,3.1,28,302
Jeremiah Fears,1642847,271,140,51.7,52.0,6.7,42,303
Cason Wallace,1641717,97,50,51.5,36.9,2.8,36,304
Caleb Martin,1628997,33,17,51.5,54.1,1.8,19,305
Bryce McGowens,1631121,74,38,51.4,52.1,3.8,20,306
Tyrese Martin,1631213,70,36,51.4,31.2,2.5,29,307
Nikola Jović,1631107,82,42,51.2,38.7,3.2,26,308
Caleb Love,1631126,90,46,51.1,26.8,2.9,32,309
Kentavious Caldwell-Pope,203484,57,29,50.9,21.1,2.0,29,310
Nick Richards,1630208,53,27,50.9,74.6,2.7,20,311
Steven Adams,203500,120,61,50.8,92.3,4.2,29,312
Khris Middleton,203114,40,20,50.0,19.0,2.2,18,313
Gary Trent Jr.,1629018,30,15,50.0,10.2,1.7,18,314
Dru Smith,1630696,86,43,50.0,43.9,2.3,38,315
Cole Anthony,1630175,50,25,50.0,28.1,2.3,22,316
Darius Garland,1629636,96,48,50.0,26.4,3.8,25,317
Dennis Schröder,203471,95,47,49.5,28.4,3.4,28,318
Pat Spencer,1630311,53,26,49.1,36.8,2.6,20,319
Ben Sheppard,1641767,55,27,49.1,29.9,2.2,24,320
Egor Dëmin,1642856,55,27,49.1,18.8,2.1,26,321
Walter Clayton Jr.,1642383,43,21,48.8,22.5,1.7,25,322
Herbert Jones,1630529,78,38,48.7,38.4,3.5,22,323
Jamal Shead,1642347,74,36,48.6,28.2,2.2,32,324
Bennedict Mathurin,1631097,95,46,48.4,30.0,4.2,22,325
Kevin Love,201567,29,14,48.3,21.6,1.9,15,326
Simone Fontecchio,1631323,58,28,48.3,23.8,1.9,29,327
Sion James,1642883,69,33,47.8,35.4,2.1,32,328
Tre Mann,1630544,59,28,47.5,27.2,2.9,19,329
Noah Penda,1642869,55,26,47.3,55.0,2.7,19,330
Danny Wolf,1642874,72,34,47.2,45.0,3.4,20,331
Luke Kennard,1628379,34,16,47.1,17.9,1.9,17,332
Jordan Poole,1629673,77,36,46.8,26.7,3.6,20,333
Larry Nance Jr.,1626204,26,12,46.2,40.0,2.4,10,334
Rayan Rupert,1641712,37,17,45.9,40.2,2.1,16,335
Klay Thompson,202691,37,17,45.9,9.3,1.5,23,336
Terrence Shannon Jr.,1630545,35,16,45.7,43.2,2.1,15,337
Cam Spencer,1642285,42,19,45.2,13.6,1.7,22,338
Keshad Johnson,1642352,29,13,44.8,58.0,2.0,13,339
Justin Edwards,1642348,29,13,44.8,20.7,1.5,17,340
Jett Howard,1641724,36,16,44.4,30.8,1.9,17,341
Aaron Nesmith,1630174,65,28,43.1,26.3,2.8,20,342
Jaden Hardy,1630702,28,12,42.9,19.9,1.7,14,343
Jared McCain,1642272,63,27,42.9,32.6,2.1,26,344
Vince Williams Jr.,1631246,43,18,41.9,22.5,1.8,20,345
Jeremiah Robinson-Earl,1630526,41,17,41.5,49.4,2.3,15,346
Cam Christie,1642353,29,12,41.4,42.6,1.8,13,347
Carter Bryant,1642868,27,11,40.7,37.5,1.4,16,348
Jalen Wilson,1630592,27,11,40.7,25.2,1.3,17,349
Jarace Walker,1641716,94,38,40.4,28.8,2.4,32,350
KJ Simpson,1642354,30,12,40.0,33.7,2.2,11,351
Nolan Traore,1642849,28,11,39.3,32.2,1.8,12,352
Patrick Williams,1630172,64,23,35.9,28.3,1.6,29,353
Rob Dillingham,1642265,59,21,35.6,44.4,1.8,24,354
Bub Carrington,1642267,45,15,33.3,14.6,1.2,25,355
AJ Johnson,1642358,34,8,23.5,63.0,1.1,15,356
