game_id,game_time,week,away_abbr,home_abbr,consensus_spread,best_away_spread,best_home_spread,abs_spread,spread_cat,away_is_favorite,home_is_favorite,away_score,home_score,actual_margin,away_covered,home_covered,away_covered_consensus,home_covered_consensus,away_current_luck,away_current_off_luck,away_current_def_luck,home_current_luck,home_current_off_luck,home_current_def_luck,away_prior_luck,away_prior_off_luck,away_prior_def_luck,away_prior_week,away_prior_opp,away_prior_score,away_prior_opp_score,away_prior_adj_score,away_prior_opp_adj_score,away_prior_won,home_prior_luck,home_prior_off_luck,home_prior_def_luck,home_prior_week,home_prior_opp,home_prior_score,home_prior_opp_score,home_prior_adj_score,home_prior_opp_adj_score,home_prior_won,away_prior_luck_cat,home_prior_luck_cat,matchup_type
01cf1a14fcbc340975a08ea987d52aac,2020-09-18 00:20:00+00:00,2,CIN,CLE,6.0,6.5,-6.0,6.0,3.5-7,False,True,34.0,27.0,7.0,True,False,True,False,7.5,9.3,-1.8000000000000007,-7.5,1.8000000000000007,-9.3,3.3999999999999986,2.1999999999999993,1.1999999999999993,1,MIN,27.0,24.0,24.8,25.2,True,-7.0,-0.8999999999999986,-6.100000000000001,1,KC,29.0,33.0,29.9,26.9,False,Neutral,Unlucky,Neutral vs Unlucky
07cb89c69e1afeb6754c4ab0cbd142ea,2020-10-04 17:03:00+00:00,4,MIN,HOU,3.5,14.0,-3.5,3.5,3.5-7,False,True,31.0,23.0,8.0,True,False,True,False,1.1999999999999993,-0.8000000000000007,2.0,-1.1999999999999993,-2.0,0.8000000000000007,15.600000000000001,6.5,9.100000000000001,3,SEA,30.0,17.0,23.5,26.1,True,-7.600000000000001,-7.100000000000001,-0.5,3,CAR,9.0,24.0,16.1,23.5,False,Lucky,Unlucky,Lucky vs Unlucky
08ab71ff4f245281c9e31d4db7202a0c,2020-12-11 01:20:00+00:00,8,NE,LAR,4.5,5.0,-4.5,4.5,3.5-7,False,True,45.0,7.0,38.0,True,False,True,False,29.900000000000002,14.3,15.600000000000001,-29.900000000000002,-15.600000000000001,-14.3,29.800000000000004,19.200000000000003,10.600000000000001,7,NYJ,54.0,13.0,34.8,23.6,True,4.800000000000001,3.0,1.8000000000000007,7,DET,28.0,19.0,25.0,20.8,True,Lucky,Neutral,Lucky vs Neutral
0f6561a4f5b772cc7c841e649b69ffa3,2020-10-23 00:20:00+00:00,3,NYG,PHI,4.5,15.5,-4.5,4.5,3.5-7,False,True,24.0,27.0,-3.0,True,False,True,False,-3.6000000000000014,-3.5,-0.10000000000000142,3.6000000000000014,0.10000000000000142,3.5,3.0,4.300000000000001,-1.3000000000000007,2,WAS,29.0,30.0,24.7,28.7,False,-7.900000000000002,-11.100000000000001,3.1999999999999993,2,SF,11.0,17.0,22.1,20.2,False,Neutral,Unlucky,Neutral vs Unlucky
106628ff1be3d4a6cfc5aef931bbe09b,2020-10-09 00:20:00+00:00,2,TB,CHI,-3.5,6.0,4.0,3.5,3.5-7,True,False,29.0,7.0,22.0,True,False,True,False,16.3,6.199999999999999,10.100000000000001,-16.3,-10.100000000000001,-6.199999999999999,2.3999999999999986,0.1999999999999993,2.1999999999999993,1,DAL,31.0,29.0,30.8,31.2,True,-20.2,-10.2,-10.0,1,LAR,14.0,34.0,24.2,24.0,False,Neutral,Unlucky,Neutral vs Unlucky
1278dccd68fcaf7adbf8557fc580802b,2020-11-15 21:06:00+00:00,2,LAC,MIA,2.0,7.5,-1.5,2.0,0-3,False,True,17.0,19.0,-2.0,True,False,False,True,-8.8,-9.600000000000001,0.8000000000000007,8.8,-0.8000000000000007,9.600000000000001,-5.399999999999999,-5.399999999999999,0.0,1,WAS,20.0,16.0,25.4,16.0,True,2.1000000000000014,-3.5,5.600000000000001,1,NE,17.0,16.0,20.5,21.6,True,Neutral,Neutral,Neutral vs Neutral
12ae12b14bdfc604d3a1d03d8e5b46c8,2020-10-04 17:00:00+00:00,4,CLE,DAL,3.5,15.5,-3.5,3.5,3.5-7,False,True,49.0,38.0,11.0,True,False,True,False,12.399999999999999,13.799999999999997,-1.3999999999999986,-12.399999999999999,1.3999999999999986,-13.799999999999997,5.6,0.6999999999999993,4.9,3,CHI,26.0,6.0,25.3,10.9,True,5.199999999999999,7.5,-2.3000000000000007,3,PHI,41.0,21.0,33.5,18.7,True,Neutral,Neutral,Neutral vs Neutral
14f9c25042039d592061dfff0716569c,2020-10-04 17:03:00+00:00,4,NO,DET,-3.0,7.0,3.5,3.0,0-3,True,False,35.0,29.0,6.0,True,False,True,False,-0.8999999999999986,4.800000000000001,-5.699999999999999,0.8999999999999986,5.699999999999999,-4.800000000000001,5.300000000000001,-1.0,6.300000000000001,3,NE,28.0,13.0,29.0,19.3,True,1.0999999999999979,-1.3000000000000007,2.3999999999999986,3,BAL,17.0,19.0,18.3,21.4,False,Neutral,Neutral,Neutral vs Neutral
15ce9b77a68a6d4a78e6479fc1fa1c59,2020-10-11 17:00:00+00:00,3,PHI,PIT,7.5,17.0,-7.5,7.5,7.5+,False,True,34.0,3.0,31.0,True,False,True,False,21.099999999999998,10.399999999999999,10.7,-21.099999999999998,-10.7,-10.399999999999999,-7.900000000000002,-11.100000000000001,3.1999999999999993,2,SF,11.0,17.0,22.1,20.2,False,1.5,0.8000000000000007,0.6999999999999993,2,LV,17.0,26.0,16.2,26.7,False,Unlucky,Neutral,Unlucky vs Neutral
19403d425040de935c88f1200d47ed77,2020-12-08 01:15:00+00:00,5,BUF,SF,1.0,1.5,1.0,1.0,0-3,False,True,3.0,45.0,-42.0,False,True,False,True,-20.799999999999997,-12.4,-8.399999999999999,20.799999999999997,8.399999999999999,12.4,11.000000000000002,6.100000000000001,4.9,4,HOU,40.0,0.0,33.9,4.9,True,-16.0,-8.7,-7.300000000000001,4,SEA,21.0,28.0,29.7,20.7,False,Lucky,Unlucky,Lucky vs Unlucky
1ad3b58b63642f4386dfda3aaef9d9cc,2020-12-13 21:05:00+00:00,4,NYJ,SEA,16.5,16.5,-15.5,16.5,7.5+,False,True,17.0,27.0,-10.0,True,False,True,False,-2.3999999999999986,-0.3999999999999986,-2.0,2.3999999999999986,2.0,0.3999999999999986,-15.3,-13.5,-1.8000000000000007,3,DEN,0.0,26.0,13.5,24.2,False,-15.600000000000001,-9.100000000000001,-6.5,3,MIN,17.0,30.0,26.1,23.5,False,Unlucky,Unlucky,Unlucky vs Unlucky
1c8902d59d9341d2fac823280f61620d,2021-01-03 18:00:00+00:00,2,MIA,BUF,-3.0,-2.5,3.0,3.0,0-3,True,False,28.0,31.0,-3.0,False,True,False,True,-3.1999999999999993,-1.8999999999999986,-1.3000000000000007,3.1999999999999993,1.3000000000000007,1.8999999999999986,2.1000000000000014,-3.5,5.600000000000001,1,NE,17.0,16.0,20.5,21.6,True,-5.399999999999999,-2.8999999999999986,-2.5,1,PIT,16.0,23.0,18.9,20.5,False,Neutral,Neutral,Neutral vs Neutral
1d2b84991ca9d3a4632c9fc9b1c1ab9e,2020-10-18 17:03:00+00:00,2,BAL,PHI,-10.0,4.0,10.5,10.0,7.5+,True,False,23.0,24.0,-1.0,True,False,False,True,5.300000000000001,-0.8999999999999986,6.199999999999999,-5.300000000000001,-6.199999999999999,0.8999999999999986,-0.8999999999999986,2.6000000000000014,-3.5,1,LV,27.0,33.0,24.4,29.5,False,14.600000000000001,3.6000000000000014,11.0,1,ATL,32.0,6.0,28.4,17.0,True,Neutral,Lucky,Neutral vs Lucky
1d83e19fa3cf5b34c5a71076b69a5b3b,2020-12-20 18:00:00+00:00,2,CHI,MIN,2.5,3.0,-2.5,2.5,0-3,False,True,31.0,30.0,1.0,True,False,True,False,-9.3,-0.3000000000000007,-9.0,9.3,9.0,0.3000000000000007,-20.2,-10.2,-10.0,1,LAR,14.0,34.0,24.2,24.0,False,-3.3999999999999986,-1.1999999999999993,-2.1999999999999993,1,CIN,24.0,27.0,25.2,24.8,False,Unlucky,Neutral,Unlucky vs Neutral
1f8b007171f72d7d9b9ba47416c0e6e3,2020-11-15 21:05:00+00:00,3,BUF,ARI,3.0,7.0,-1.5,3.0,0-3,False,True,33.0,18.0,15.0,True,False,True,False,15.599999999999998,10.7,4.899999999999999,-15.599999999999998,-4.899999999999999,-10.7,25.5,10.600000000000001,14.9,2,MIA,35.0,0.0,24.4,14.9,True,-0.3000000000000007,5.899999999999999,-6.199999999999999,2,MIN,34.0,33.0,28.1,26.8,True,Lucky,Neutral,Lucky vs Neutral
20311a21785b89acacdf2e52aa312eab,2020-10-19 21:00:00+00:00,2,KC,BUF,-5.5,6.5,5.5,5.5,3.5-7,True,False,17.0,35.0,-18.0,False,True,False,True,-16.1,-7.0,-9.100000000000001,16.1,9.100000000000001,7.0,7.0,6.100000000000001,0.8999999999999986,1,CLE,33.0,29.0,26.9,29.9,True,-5.399999999999999,-2.8999999999999986,-2.5,1,PIT,16.0,23.0,18.9,20.5,False,Lucky,Neutral,Lucky vs Neutral
21d5f894ebfa014174c6557aa290d30a,2020-11-29 21:25:00+00:00,6,KC,TB,-3.5,-3.5,4.0,3.5,3.5-7,True,False,10.0,38.0,-28.0,False,True,False,True,-18.4,-5.199999999999999,-13.2,18.4,13.2,5.199999999999999,-17.1,-6.0,-11.100000000000001,5,BUF,20.0,38.0,26.0,26.9,False,13.299999999999997,7.399999999999999,5.899999999999999,5,MIA,45.0,17.0,37.6,22.9,True,Unlucky,Lucky,Unlucky vs Lucky
23ee05ed3a821d77aaefc2405bf59d7c,2020-12-09 01:05:00+00:00,6,DAL,BAL,9.0,9.5,-8.0,9.0,7.5+,False,True,29.0,31.0,-2.0,True,False,True,False,-2.5,0.10000000000000142,-2.6000000000000014,2.5,2.6000000000000014,-0.10000000000000142,18.700000000000003,16.6,2.1000000000000014,5,NYG,44.0,20.0,27.4,22.1,True,-0.5999999999999979,-3.799999999999997,3.1999999999999993,5,IND,31.0,25.0,34.8,28.2,True,Lucky,Neutral,Lucky vs Neutral
23f5989b036b26a98d34763763ae1c39,2021-01-24 23:40:00+00:00,2,BUF,KC,3.0,3.5,-3.0,3.0,0-3,False,True,35.0,17.0,18.0,True,False,True,False,16.1,9.100000000000001,7.0,-16.1,-7.0,-9.100000000000001,-5.399999999999999,-2.8999999999999986,-2.5,1,PIT,16.0,23.0,18.9,20.5,False,7.0,6.100000000000001,0.8999999999999986,1,CLE,33.0,29.0,26.9,29.9,True,Neutral,Lucky,Neutral vs Lucky
25589a2909d32ad39d77c72a34cd6dd2,2020-11-29 18:00:00+00:00,2,TEN,IND,3.0,3.0,-3.0,3.0,0-3,False,True,17.0,19.0,-2.0,True,False,True,False,-1.3999999999999986,-4.199999999999999,2.8000000000000007,1.3999999999999986,-2.8000000000000007,4.199999999999999,-24.099999999999998,-7.399999999999999,-16.7,1,ARI,13.0,38.0,20.4,21.3,False,-9.7,-6.5,-3.1999999999999993,1,SEA,16.0,28.0,22.5,24.8,False,Unlucky,Unlucky,Unlucky vs Unlucky
287488b39bad16d5b37a7728aa72c699,2020-11-01 21:25:00+00:00,5,NO,CHI,-5.0,7.5,5.5,5.0,3.5-7,True,False,26.0,18.0,8.0,True,False,True,False,8.2,2.1999999999999993,6.0,-8.2,-6.0,-2.1999999999999993,-8.599999999999998,-4.199999999999999,-4.399999999999999,4,NYG,21.0,27.0,25.2,22.6,False,11.0,0.3999999999999986,10.600000000000001,4,DET,24.0,14.0,23.6,24.6,True,Unlucky,Lucky,Unlucky vs Lucky
28b5cae2ac18515a29f743e69c9e6d29,2020-11-01 18:00:00+00:00,3,TEN,CIN,-7.0,7.0,7.5,7.0,3.5-7,True,False,7.0,33.0,-26.0,False,True,False,True,-20.0,-15.3,-4.699999999999999,20.0,4.699999999999999,15.3,-4.700000000000003,0.29999999999999716,-5.0,2,SEA,33.0,30.0,32.7,25.0,True,-6.9,-0.3000000000000007,-6.6,2,CHI,17.0,20.0,17.3,13.4,False,Neutral,Neutral,Neutral vs Neutral
2a3b012ed8a92dd19c2a24aeaeaf0dfb,2020-10-13 00:15:00+00:00,4,LAC,NO,7.0,18.0,-6.5,7.0,3.5-7,False,True,34.0,35.0,-1.0,True,False,True,False,3.3000000000000007,11.3,-8.0,-3.3000000000000007,8.0,-11.3,6.900000000000002,1.6000000000000014,5.300000000000001,3,KC,30.0,24.0,28.4,29.3,True,5.300000000000001,-1.0,6.300000000000001,3,NE,28.0,13.0,29.0,19.3,True,Neutral,Neutral,Neutral vs Neutral
2a7d7947fabbb94054e1db4c925e69eb,2020-12-13 18:00:00+00:00,3,KC,MIA,-7.0,-7.0,7.5,7.0,3.5-7,True,False,34.0,15.0,19.0,True,False,True,False,14.0,8.0,6.0,-14.0,-6.0,-8.0,0.09999999999999787,4.399999999999999,-4.300000000000001,2,BAL,35.0,36.0,30.6,31.7,False,-25.5,-14.9,-10.600000000000001,2,BUF,0.0,35.0,14.9,24.4,False,Neutral,Unlucky,Neutral vs Unlucky
2bf40ff37383207af38a6bb491029126,2020-10-04 20:25:00+00:00,4,BUF,LV,-3.0,9.0,3.5,3.0,0-3,True,False,30.0,23.0,7.0,True,False,True,False,7.700000000000003,6.600000000000001,1.1000000000000014,-7.700000000000003,-1.1000000000000014,-6.600000000000001,8.8,13.8,-5.0,3,WAS,43.0,21.0,29.2,16.0,True,-0.7000000000000028,5.899999999999999,-6.600000000000001,3,MIA,31.0,28.0,25.1,21.4,True,Lucky,Neutral,Lucky vs Neutral
3363f4f4f32ea54db1ec6245400768fa,2020-12-01 01:15:00+00:00,11,SEA,PHI,-6.5,-6.0,6.5,6.5,3.5-7,True,False,26.0,15.0,11.0,True,False,True,False,10.8,3.8000000000000007,7.0,-10.8,-7.0,-3.8000000000000007,-12.8,-19.8,7.0,10,GB,0.0,17.0,19.8,24.0,False,11.399999999999999,6.5,4.899999999999999,10,DEN,30.0,13.0,23.5,17.9,True,Unlucky,Lucky,Unlucky vs Lucky
36bea6d1f425a89d35c6b384a16fb1b8,2020-10-18 17:03:00+00:00,5,CHI,CAR,1.75,12.5,-1.0,1.75,0-3,False,True,24.0,31.0,-7.0,True,False,False,True,-5.699999999999999,2.3000000000000007,-8.0,5.699999999999999,8.0,-2.3000000000000007,11.0,0.3999999999999986,10.600000000000001,4,DET,24.0,14.0,23.6,24.6,True,-7.399999999999999,0.5,-7.899999999999999,4,DAL,28.0,36.0,27.5,28.1,False,Lucky,Unlucky,Lucky vs Unlucky
37ed1d6633e8d4ac49fb37ad0a4cd61b,2020-11-22 21:05:00+00:00,11,MIA,DEN,-3.5,3.5,4.0,3.5,3.5-7,True,False,13.0,20.0,-7.0,False,True,False,True,-3.6999999999999993,-4.5,0.8000000000000007,3.6999999999999993,-0.8000000000000007,4.5,16.1,2.0,14.100000000000001,10,BAL,22.0,10.0,20.0,24.1,True,-11.399999999999999,-4.899999999999999,-6.5,10,PHI,13.0,30.0,17.9,23.5,False,Lucky,Unlucky,Lucky vs Unlucky
3859bf354ff2603a1e5b2e220a25644f,2020-10-18 17:03:00+00:00,5,DEN,NE,7.0,19.5,-7.0,7.0,3.5-7,False,True,21.0,31.0,-10.0,True,False,False,True,-5.299999999999997,-4.899999999999999,-0.3999999999999986,5.299999999999997,0.3999999999999986,4.899999999999999,-6.899999999999999,-10.899999999999999,4.0,4,BAL,7.0,23.0,17.9,27.0,False,-1.1000000000000014,-7.300000000000001,6.199999999999999,4,TB,17.0,19.0,24.3,25.2,False,Neutral,Neutral,Neutral vs Neutral
389f043f17bbe9c66b2f30d6207fd3fb,2020-09-27 17:00:00+00:00,3,SF,NYG,-3.0,-2.5,3.5,3.0,0-3,True,False,36.0,9.0,27.0,True,False,True,False,12.0,7.800000000000001,4.199999999999999,-12.0,-4.199999999999999,-7.800000000000001,7.900000000000002,-3.1999999999999993,11.100000000000001,2,PHI,17.0,11.0,20.2,22.1,True,3.0,4.300000000000001,-1.3000000000000007,2,WAS,29.0,30.0,24.7,28.7,False,Lucky,Neutral,Lucky vs Neutral
3ab48d6e82a7f750c8e0bc61d544707a,2020-11-29 18:00:00+00:00,2,MIA,NYJ,-7.5,-7.0,7.5,7.5,7.5+,True,False,20.0,12.0,8.0,True,False,True,False,-0.8999999999999986,-5.899999999999999,5.0,0.8999999999999986,-5.0,5.899999999999999,2.1000000000000014,-3.5,5.600000000000001,1,NE,17.0,16.0,20.5,21.6,True,0.8000000000000007,-3.1999999999999993,4.0,1,CAR,14.0,19.0,17.2,23.0,False,Neutral,Neutral,Neutral vs Neutral
4019020aa0499539a04bbf9e1d378c5e,2020-12-21 01:20:00+00:00,5,CLE,NYG,-6.5,-6.5,7.0,6.5,3.5-7,True,False,27.0,41.0,-14.0,False,True,False,True,-9.0,1.8999999999999986,-10.899999999999999,9.0,10.899999999999999,-1.8999999999999986,1.1999999999999993,-6.5,7.699999999999999,4,MIN,14.0,7.0,20.5,14.7,True,8.599999999999998,4.399999999999999,4.199999999999999,4,NO,27.0,21.0,22.6,25.2,True,Neutral,Lucky,Neutral vs Lucky
4231ca70aeec085efe60c2fd80ff61a1,2020-12-20 21:05:00+00:00,10,NYJ,LAR,17.0,17.5,-17.0,17.0,7.5+,False,True,6.0,9.0,-3.0,True,False,True,False,-1.8000000000000007,-8.8,7.0,1.8000000000000007,-7.0,8.8,-10.599999999999998,2.6000000000000014,-13.2,9,IND,30.0,45.0,27.4,31.8,False,-10.5,-4.699999999999999,-5.800000000000001,9,TEN,16.0,28.0,20.7,22.2,False,Unlucky,Unlucky,Unlucky vs Unlucky
42e9beda7edacb69b315f9a778b82db3,2021-01-24 20:05:00+00:00,6,TB,GB,3.0,4.0,-3.0,3.0,0-3,False,True,38.0,10.0,28.0,True,False,True,False,20.900000000000002,15.600000000000001,5.300000000000001,-20.900000000000002,-5.300000000000001,-15.600000000000001,13.299999999999997,7.399999999999999,5.899999999999999,5,MIA,45.0,17.0,37.6,22.9,True,1.8999999999999986,-3.6000000000000014,5.5,5,CIN,25.0,22.0,28.6,27.5,True,Lucky,Neutral,Lucky vs Neutral
43cf67662a7802f767bf8ee05d25becc,2020-12-27 01:15:00+00:00,2,MIA,LV,-2.5,-2.0,3.0,2.5,0-3,True,False,35.0,13.0,22.0,True,False,True,False,13.2,5.899999999999999,7.300000000000001,-13.2,-7.300000000000001,-5.899999999999999,2.1000000000000014,-3.5,5.600000000000001,1,NE,17.0,16.0,20.5,21.6,True,0.8999999999999986,3.5,-2.6000000000000014,1,BAL,33.0,27.0,29.5,24.4,True,Neutral,Neutral,Neutral vs Neutral
4449361911697bab678547edb0acd4a1,2020-09-29 00:15:00+00:00,2,KC,BAL,3.25,3.5,-3.0,3.25,3.5-7,False,True,35.0,36.0,-1.0,True,False,True,False,0.09999999999999787,4.399999999999999,-4.300000000000001,-0.09999999999999787,4.300000000000001,-4.399999999999999,7.0,6.100000000000001,0.8999999999999986,1,CLE,33.0,29.0,26.9,29.9,True,-0.8999999999999986,2.6000000000000014,-3.5,1,LV,27.0,33.0,24.4,29.5,False,Lucky,Neutral,Lucky vs Neutral
48abff403656a2b3c7e41b72672f2610,2020-12-20 18:00:00+00:00,4,HOU,IND,7.0,8.0,-7.0,7.0,3.5-7,False,True,37.0,34.0,3.0,True,False,True,False,-0.29999999999999716,4.200000000000003,-4.5,0.29999999999999716,4.5,-4.200000000000003,-7.600000000000001,-7.100000000000001,-0.5,3,CAR,9.0,24.0,16.1,23.5,False,-7.399999999999999,-4.399999999999999,-3.0,3,TEN,16.0,25.0,20.4,22.0,False,Unlucky,Unlucky,Unlucky vs Unlucky
493fea3bb315f11602bc38c5409e96c9,2020-09-27 20:05:00+00:00,3,CAR,LAC,6.5,6.5,-6.5,6.5,3.5-7,False,True,21.0,16.0,5.0,True,False,True,False,5.100000000000001,0.8000000000000007,4.300000000000001,-5.100000000000001,-4.300000000000001,-0.8000000000000007,5.399999999999999,0.6999999999999993,4.699999999999999,2,NO,26.0,7.0,25.3,11.7,True,2.5,-3.8999999999999986,6.399999999999999,2,DAL,17.0,20.0,20.9,26.4,False,Neutral,Neutral,Neutral vs Neutral
4ae06ed05a0cebf29357e18e9fdcffd5,2020-11-23 01:20:00+00:00,2,KC,LV,-7.5,-1.5,7.5,7.5,7.5+,True,False,28.0,10.0,18.0,True,False,True,False,12.599999999999998,1.6999999999999993,10.899999999999999,-12.599999999999998,-10.899999999999999,-1.6999999999999993,7.0,6.100000000000001,0.8999999999999986,1,CLE,33.0,29.0,26.9,29.9,True,0.8999999999999986,3.5,-2.6000000000000014,1,BAL,33.0,27.0,29.5,24.4,True,Lucky,Neutral,Lucky vs Neutral
4c498d6e8c46c98dc38c374c9e09b14e,2020-12-13 21:25:00+00:00,5,NO,PHI,-7.5,-7.5,8.5,7.5,7.5+,True,False,17.0,39.0,-22.0,False,True,False,True,-14.299999999999997,-7.399999999999999,-6.899999999999999,14.299999999999997,6.899999999999999,7.399999999999999,-8.599999999999998,-4.199999999999999,-4.399999999999999,4,NYG,21.0,27.0,25.2,22.6,False,-3.8999999999999986,4.100000000000001,-8.0,4,KC,30.0,42.0,25.9,34.0,False,Unlucky,Neutral,Unlucky vs Neutral
51323d7d11d7781b7a9b82e7f41da7fe,2020-12-13 21:25:00+00:00,3,ATL,LAC,1.5,2.0,-1.0,1.5,0-3,False,True,27.0,3.0,24.0,True,False,True,False,11.5,-0.8000000000000007,12.3,-11.5,-12.3,0.8000000000000007,-16.6,3.0,-19.6,2,TB,25.0,48.0,22.0,28.4,False,2.5,-3.8999999999999986,6.399999999999999,2,DAL,17.0,20.0,20.9,26.4,False,Unlucky,Neutral,Unlucky vs Neutral
5170290986b88d89b4d17deea25c58d9,2020-12-13 18:00:00+00:00,5,DAL,CIN,-3.0,-3.0,3.5,3.0,0-3,True,False,28.0,14.0,14.0,True,False,True,False,14.600000000000001,-0.1999999999999993,14.8,-14.600000000000001,-14.8,0.1999999999999993,7.399999999999999,7.899999999999999,-0.5,4,CAR,36.0,28.0,28.1,27.5,True,3.5,-2.6000000000000014,6.100000000000001,4,JAX,24.0,21.0,26.6,27.1,True,Lucky,Neutral,Lucky vs Neutral
51e43ca09704599cd854645ba6703784,2021-01-03 21:25:00+00:00,2,TEN,HOU,-7.0,-7.0,7.5,7.0,3.5-7,True,False,24.0,30.0,-6.0,False,True,False,True,-2.200000000000003,2.3999999999999986,-4.600000000000001,2.200000000000003,4.600000000000001,-2.3999999999999986,-24.099999999999998,-7.399999999999999,-16.7,1,ARI,13.0,38.0,20.4,21.3,False,13.400000000000002,9.100000000000001,4.300000000000001,1,JAX,37.0,21.0,27.9,25.3,True,Unlucky,Lucky,Unlucky vs Lucky
52506ea8c49403b3ffb458d6e3362dd1,2020-10-13 23:00:00+00:00,5,BUF,TEN,-3.5,3.5,4.0,3.5,3.5-7,True,False,14.0,13.0,1.0,True,False,False,True,2.4999999999999982,-1.4000000000000004,3.8999999999999986,-2.4999999999999982,-3.8999999999999986,1.4000000000000004,11.000000000000002,6.100000000000001,4.9,4,HOU,40.0,0.0,33.9,4.9,True,-6.199999999999999,-4.399999999999999,-1.8000000000000007,4,NYJ,24.0,27.0,28.4,25.2,False,Lucky,Neutral,Lucky vs Neutral
538acf983d28befd9ffe699fb0c1d750,2020-12-20 21:05:00+00:00,3,PHI,ARI,6.5,7.0,-6.0,6.5,3.5-7,False,True,6.0,27.0,-21.0,False,True,False,True,-18.3,-11.2,-7.100000000000001,18.3,7.100000000000001,11.2,-7.900000000000002,-11.100000000000001,3.1999999999999993,2,SF,11.0,17.0,22.1,20.2,False,-0.3000000000000007,5.899999999999999,-6.199999999999999,2,MIN,34.0,33.0,28.1,26.8,True,Unlucky,Neutral,Unlucky vs Neutral
56362ddbe5a757d6d0401877d400d8b6,2020-11-02 01:21:00+00:00,2,DAL,PHI,10.5,17.0,-10.0,10.5,7.5+,False,True,20.0,10.0,10.0,True,False,True,False,9.600000000000001,0.0,9.600000000000001,-9.600000000000001,-9.600000000000001,0.0,-2.3999999999999986,-2.1999999999999993,-0.1999999999999993,1,TB,29.0,31.0,31.2,30.8,False,14.600000000000001,3.6000000000000014,11.0,1,ATL,32.0,6.0,28.4,17.0,True,Neutral,Lucky,Neutral vs Lucky
5b0bf9c1161d097a11f36d3a768f2a4b,2020-12-27 18:00:00+00:00,6,NYG,BAL,9.5,10.0,-9.5,9.5,7.5+,False,True,27.0,23.0,4.0,True,False,True,False,1.3999999999999986,3.5,-2.1000000000000014,-1.3999999999999986,2.1000000000000014,-3.5,-18.700000000000003,-2.1000000000000014,-16.6,5,DAL,20.0,44.0,22.1,27.4,False,-0.5999999999999979,-3.799999999999997,3.1999999999999993,5,IND,31.0,25.0,34.8,28.2,True,Unlucky,Neutral,Unlucky vs Neutral
5d58a209d766f7dd008699deb3736173,2020-09-27 17:00:00+00:00,3,HOU,PIT,3.5,4.0,-3.5,3.5,3.5-7,False,True,21.0,28.0,-7.0,False,True,False,True,2.8000000000000007,2.6999999999999993,0.10000000000000142,-2.8000000000000007,-0.10000000000000142,-2.6999999999999993,0.3000000000000007,2.1999999999999993,-1.8999999999999986,2,CLE,21.0,31.0,18.8,29.1,False,1.5,0.8000000000000007,0.6999999999999993,2,LV,17.0,26.0,16.2,26.7,False,Neutral,Neutral,Neutral vs Neutral
5dbd0f21114a27e787053a18360f21d9,2020-09-27 20:25:00+00:00,2,DAL,SEA,5.5,5.5,-5.0,5.5,3.5-7,False,True,7.0,27.0,-20.0,False,True,False,True,-17.099999999999998,-9.899999999999999,-7.199999999999999,17.099999999999998,7.199999999999999,9.899999999999999,-2.3999999999999986,-2.1999999999999993,-0.1999999999999993,1,TB,29.0,31.0,31.2,30.8,False,9.7,3.1999999999999993,6.5,1,IND,28.0,16.0,24.8,22.5,True,Neutral,Lucky,Neutral vs Lucky
5ff082f2ceb2548275ebe7fe498e4687,2020-12-07 01:20:00+00:00,2,DEN,KC,13.5,14.0,-13.0,13.5,7.5+,False,True,24.0,17.0,7.0,True,False,True,False,3.3000000000000007,0.3000000000000007,3.0,-3.3000000000000007,-3.0,-0.3000000000000007,13.299999999999997,2.8999999999999986,10.399999999999999,1,NYG,27.0,13.0,24.1,23.4,True,7.0,6.100000000000001,0.8999999999999986,1,CLE,33.0,29.0,26.9,29.9,True,Lucky,Lucky,Lucky vs Lucky
6033b90189cce0e7bfbb714a83999e55,2020-09-20 17:00:00+00:00,2,BUF,MIA,-5.5,-5.5,6.0,5.5,3.5-7,True,False,31.0,28.0,3.0,False,True,False,True,3.1999999999999993,1.3000000000000007,1.8999999999999986,-3.1999999999999993,-1.8999999999999986,-1.3000000000000007,-5.399999999999999,-2.8999999999999986,-2.5,1,PIT,16.0,23.0,18.9,20.5,False,2.1000000000000014,-3.5,5.600000000000001,1,NE,17.0,16.0,20.5,21.6,True,Neutral,Neutral,Neutral vs Neutral
616dc178613a3ec8478e0a4ee0b7901f,2021-01-10 18:05:00+00:00,6,BAL,TEN,-3.5,-3.5,3.5,3.5,3.5-7,True,False,21.0,0.0,21.0,True,False,True,False,9.899999999999999,0.8999999999999986,9.0,-9.899999999999999,-9.0,-0.8999999999999986,-0.5999999999999979,-3.799999999999997,3.1999999999999993,5,IND,31.0,25.0,34.8,28.2,True,19.099999999999998,10.399999999999999,8.7,5,JAX,37.0,19.0,26.6,27.7,True,Neutral,Lucky,Neutral vs Lucky
64afaef7c10a5ccc43793af3cae38d55,2020-09-20 17:00:00+00:00,2,MIN,IND,3.5,3.5,-3.0,3.5,3.5-7,False,True,20.0,23.0,-3.0,True,False,True,False,-6.899999999999999,-3.6999999999999993,-3.1999999999999993,6.899999999999999,3.1999999999999993,3.6999999999999993,-3.3999999999999986,-1.1999999999999993,-2.1999999999999993,1,CIN,24.0,27.0,25.2,24.8,False,-9.7,-6.5,-3.1999999999999993,1,SEA,16.0,28.0,22.5,24.8,False,Neutral,Unlucky,Neutral vs Unlucky
676d92426674debb1d4ed6581b448683,2021-01-03 21:25:00+00:00,2,SEA,SF,-7.0,-7.0,7.5,7.0,3.5-7,True,False,29.0,3.0,26.0,True,False,True,False,21.5,11.7,9.8,-21.5,-9.8,-11.7,9.7,3.1999999999999993,6.5,1,IND,28.0,16.0,24.8,22.5,True,4.100000000000001,10.100000000000001,-6.0,1,DET,41.0,33.0,30.9,27.0,True,Lucky,Neutral,Lucky vs Neutral
6cd7093fe1029eb160a0c131875c8a11,2020-11-22 18:00:00+00:00,2,DET,CAR,-3.0,-2.5,3.0,3.0,0-3,True,False,7.0,24.0,-17.0,False,True,False,True,-14.399999999999999,-14.5,0.10000000000000142,14.399999999999999,-0.10000000000000142,14.5,-4.100000000000001,6.0,-10.100000000000001,1,SF,33.0,41.0,27.0,30.9,False,-0.8000000000000007,-4.0,3.1999999999999993,1,NYJ,19.0,14.0,23.0,17.2,True,Neutral,Neutral,Neutral vs Neutral
6d35bb24f76281197576e7d4c1378a47,2020-12-28 01:20:00+00:00,10,TEN,GB,3.0,3.5,-3.0,3.0,0-3,False,True,47.0,25.0,22.0,True,False,True,False,22.4,20.2,2.1999999999999993,-22.4,-2.1999999999999993,-20.2,10.5,5.800000000000001,4.699999999999999,9,LAR,28.0,16.0,22.2,20.7,True,-8.100000000000001,-13.0,4.899999999999999,9,KC,7.0,13.0,20.0,17.9,False,Lucky,Unlucky,Lucky vs Unlucky
6d5efe528b5b55a39032506e44897f7b,2020-12-20 01:15:00+00:00,7,CAR,GB,8.0,9.0,-7.5,8.0,7.5+,False,True,17.0,38.0,-21.0,False,True,False,True,-16.0,-9.600000000000001,-6.399999999999999,16.0,6.399999999999999,9.600000000000001,-1.4000000000000021,4.199999999999999,-5.600000000000001,6,MIN,28.0,34.0,23.8,28.4,False,2.1999999999999993,-4.600000000000001,6.800000000000001,6,CHI,24.0,14.0,28.6,20.8,True,Neutral,Neutral,Neutral vs Neutral
6ec3c2eb6c177374ba9bdf7426825499,2020-10-25 20:25:00+00:00,2,KC,DEN,-7.0,-1.5,7.5,7.0,3.5-7,True,False,17.0,24.0,-7.0,False,True,False,True,-3.3000000000000007,-3.0,-0.3000000000000007,3.3000000000000007,0.3000000000000007,3.0,7.0,6.100000000000001,0.8999999999999986,1,CLE,33.0,29.0,26.9,29.9,True,13.299999999999997,2.8999999999999986,10.399999999999999,1,NYG,27.0,13.0,24.1,23.4,True,Lucky,Lucky,Lucky vs Lucky
7025b74b5e4b23cfbc365693c5e6ca9d,2020-11-01 18:00:00+00:00,3,LV,CLE,1.0,13.0,-1.0,1.0,0-3,False,True,27.0,20.0,7.0,True,False,True,False,7.0,4.399999999999999,2.6000000000000014,-7.0,-2.6000000000000014,-4.399999999999999,-1.5,-0.6999999999999993,-0.8000000000000007,2,PIT,26.0,17.0,26.7,16.2,True,-0.3000000000000007,1.8999999999999986,-2.1999999999999993,2,HOU,31.0,21.0,29.1,18.8,True,Neutral,Neutral,Neutral vs Neutral
7041ac91a3030e82f5c04d3d3feb9231,2020-12-26 18:00:00+00:00,12,TB,DET,-11.0,-10.5,11.5,11.0,7.5+,True,False,24.0,21.0,3.0,False,True,False,True,6.399999999999999,8.5,-2.1000000000000014,-6.399999999999999,2.1000000000000014,-8.5,6.299999999999999,1.1999999999999993,5.1,11,NYG,30.0,10.0,28.8,15.1,True,2.3999999999999986,-5.0,7.399999999999999,11,CLE,10.0,13.0,15.0,20.4,False,Neutral,Neutral,Neutral vs Neutral
7146803eccc63aeaa79438b863bb36a0,2020-11-22 18:00:00+00:00,5,PIT,JAX,-10.5,-5.0,10.5,10.5,7.5+,True,False,17.0,9.0,8.0,True,False,False,True,-1.200000000000001,-7.800000000000001,6.6,1.200000000000001,-6.6,7.800000000000001,-0.8000000000000007,-1.5,0.6999999999999993,4,GB,17.0,27.0,18.5,27.7,False,-3.5,-6.100000000000001,2.6000000000000014,4,CIN,21.0,24.0,27.1,26.6,False,Neutral,Neutral,Neutral vs Neutral
745aafba0d97e78c7e9d337dd0704d36,2021-01-16 21:35:00+00:00,5,LAR,GB,6.5,7.0,-6.5,6.5,3.5-7,False,True,10.0,24.0,-14.0,False,True,False,True,-11.899999999999999,-6.5,-5.399999999999999,11.899999999999999,5.399999999999999,6.5,-16.3,-10.600000000000001,-5.699999999999999,4,ARI,20.0,37.0,30.6,31.3,False,0.8000000000000007,-0.6999999999999993,1.5,4,PIT,27.0,17.0,27.7,18.5,True,Unlucky,Neutral,Unlucky vs Neutral
74b0cfc6ebcf515bc6b6f7984a594987,2020-11-26 17:30:00+00:00,8,HOU,DET,-3.0,-3.0,3.5,3.0,0-3,True,False,20.0,13.0,7.0,True,False,True,False,5.199999999999999,-2.1999999999999993,7.399999999999999,-5.199999999999999,-7.399999999999999,2.1999999999999993,-8.999999999999998,-5.6,-3.3999999999999986,7,ARI,5.0,31.0,10.6,27.6,False,-4.800000000000001,-1.8000000000000007,-3.0,7,LAR,19.0,28.0,20.8,25.0,False,Unlucky,Neutral,Unlucky vs Neutral
770a5fd42b096e2b4bf13ed293bad40d,2020-11-03 01:15:00+00:00,2,TB,NYG,-12.5,1.5,13.0,12.5,7.5+,True,False,34.0,41.0,-7.0,False,True,False,True,4.200000000000003,12.5,-8.299999999999997,-4.200000000000003,8.299999999999997,-12.5,2.3999999999999986,0.1999999999999993,2.1999999999999993,1,DAL,31.0,29.0,30.8,31.2,True,-13.299999999999997,-10.399999999999999,-2.8999999999999986,1,DEN,13.0,27.0,23.4,24.1,False,Neutral,Unlucky,Neutral vs Unlucky
7a22bb8a0286abb87123177224827249,2020-09-27 20:25:00+00:00,3,TB,DEN,-5.5,-5.5,6.0,5.5,3.5-7,True,False,28.0,10.0,18.0,True,False,True,False,7.800000000000001,2.0,5.800000000000001,-7.800000000000001,-5.800000000000001,-2.0,16.6,19.6,-3.0,2,ATL,48.0,25.0,28.4,22.0,True,1.4000000000000021,-3.1999999999999993,4.600000000000001,2,JAX,23.0,13.0,26.2,17.6,True,Lucky,Neutral,Lucky vs Neutral
7f327a30467737b4ad03a0453ff35c8a,2020-11-08 18:01:00+00:00,9,CAR,KC,10.0,16.5,-9.0,10.0,7.5+,False,True,31.0,33.0,-2.0,True,False,True,False,-1.8000000000000007,3.8000000000000007,-5.600000000000001,1.8000000000000007,5.600000000000001,-3.8000000000000007,0.09999999999999787,-5.600000000000001,5.699999999999999,8,ATL,19.0,13.0,24.6,18.7,True,-4.0,-6.100000000000001,2.1000000000000014,8,NYG,20.0,17.0,26.1,19.1,True,Neutral,Neutral,Neutral vs Neutral
7fbacfac6e742e7c1d88c654ea7f28d9,2020-12-13 21:25:00+00:00,2,GB,DET,-9.5,-7.5,9.5,9.5,7.5+,True,False,35.0,17.0,18.0,True,False,True,False,14.3,6.199999999999999,8.100000000000001,-14.3,-8.100000000000001,-6.199999999999999,-23.200000000000003,-11.6,-11.600000000000001,1,NO,3.0,38.0,14.6,26.4,False,-4.100000000000001,6.0,-10.100000000000001,1,SF,33.0,41.0,27.0,30.9,False,Unlucky,Neutral,Unlucky vs Neutral
7fd92dc444bc4e4b1f846600a71e6cb4,2020-12-27 18:00:00+00:00,2,CIN,HOU,7.5,7.5,-7.0,7.5,7.5+,False,True,9.0,13.0,-4.0,True,False,True,False,0.7000000000000028,-8.399999999999999,9.100000000000001,-0.7000000000000028,-9.100000000000001,8.399999999999999,3.3999999999999986,2.1999999999999993,1.1999999999999993,1,MIN,27.0,24.0,24.8,25.2,True,13.400000000000002,9.100000000000001,4.300000000000001,1,JAX,37.0,21.0,27.9,25.3,True,Neutral,Lucky,Neutral vs Lucky
80178dfe567df676f544f00afa48f2be,2020-12-06 21:25:00+00:00,8,NE,LAC,2.0,2.0,-1.5,2.0,0-3,False,True,21.0,13.0,8.0,True,False,True,False,9.7,-3.0,12.7,-9.7,-12.7,3.0,29.800000000000004,19.200000000000003,10.600000000000001,7,NYJ,54.0,13.0,34.8,23.6,True,0.1999999999999993,8.399999999999999,-8.2,7,JAX,39.0,29.0,30.6,20.8,True,Lucky,Neutral,Lucky vs Neutral
81515f3f50167ab63a9e940368d12d21,2020-11-15 21:25:00+00:00,9,SF,NO,9.5,14.5,-9.5,9.5,7.5+,False,True,23.0,41.0,-18.0,False,True,False,True,-8.200000000000003,-0.5,-7.700000000000003,8.200000000000003,7.700000000000003,0.5,3.3000000000000007,6.300000000000001,-3.0,8,CHI,33.0,22.0,26.7,19.0,True,11.399999999999999,13.5,-2.1000000000000014,8,TB,36.0,27.0,22.5,24.9,True,Neutral,Lucky,Neutral vs Lucky
81d6286a7dcd33e814d947780f8bb12d,2020-09-25 00:20:00+00:00,2,MIA,JAX,3.0,3.5,-3.0,3.0,0-3,False,True,20.0,23.0,-3.0,True,False,False,True,-0.3999999999999986,-2.3999999999999986,2.0,0.3999999999999986,-2.0,2.3999999999999986,2.1000000000000014,-3.5,5.600000000000001,1,NE,17.0,16.0,20.5,21.6,True,-13.400000000000002,-4.300000000000001,-9.100000000000001,1,HOU,21.0,37.0,25.3,27.9,False,Neutral,Unlucky,Neutral vs Unlucky
828e809de88acdbf79dac207a6cbeb05,2020-12-20 18:00:00+00:00,3,JAX,BAL,12.5,13.5,-12.5,12.5,7.5+,False,True,17.0,19.0,-2.0,True,False,True,False,1.3999999999999986,-1.8000000000000007,3.1999999999999993,-1.3999999999999986,-3.1999999999999993,1.8000000000000007,-1.4000000000000021,-4.600000000000001,3.1999999999999993,2,DEN,13.0,23.0,17.6,26.2,False,-0.09999999999999787,4.300000000000001,-4.399999999999999,2,KC,36.0,35.0,31.7,30.6,True,Neutral,Neutral,Neutral vs Neutral
8292e76fed80b35938a2d6d6b13fbebb,2020-11-29 18:00:00+00:00,2,LV,ATL,-3.25,-3.0,3.5,3.25,3.5-7,True,False,28.0,35.0,-7.0,False,True,False,True,0.9999999999999964,-0.8000000000000007,1.7999999999999972,-0.9999999999999964,-1.7999999999999972,0.8000000000000007,0.8999999999999986,3.5,-2.6000000000000014,1,BAL,33.0,27.0,29.5,24.4,True,-14.600000000000001,-11.0,-3.6000000000000014,1,PHI,6.0,32.0,17.0,28.4,False,Neutral,Unlucky,Neutral vs Unlucky
82e41ffaf85777089e55cd9be5aa5472,2020-10-30 00:20:00+00:00,2,ATL,CAR,2.0,13.0,-2.0,2.0,0-3,False,True,31.0,24.0,7.0,True,False,True,False,3.6000000000000014,1.3000000000000007,2.3000000000000007,-3.6000000000000014,-2.3000000000000007,-1.3000000000000007,-14.600000000000001,-11.0,-3.6000000000000014,1,PHI,6.0,32.0,17.0,28.4,False,-0.8000000000000007,-4.0,3.1999999999999993,1,NYJ,19.0,14.0,23.0,17.2,True,Unlucky,Neutral,Unlucky vs Neutral
83346a57829e0d39c229bf9bff396b8a,2020-10-11 20:25:00+00:00,3,IND,CLE,1.0,10.0,-0.0,1.0,0-3,False,True,31.0,28.0,3.0,True,False,True,False,6.199999999999999,9.5,-3.3000000000000007,-6.199999999999999,3.3000000000000007,-9.5,0.0,2.8000000000000007,-2.8000000000000007,2,LAR,24.0,27.0,21.2,24.2,False,-0.3000000000000007,1.8999999999999986,-2.1999999999999993,2,HOU,31.0,21.0,29.1,18.8,True,Neutral,Neutral,Neutral vs Neutral
83a3e3c606e8d9cff0725e7c6c1e882f,2020-10-25 17:03:00+00:00,3,DET,ATL,1.0,13.0,-0.0,1.0,0-3,False,True,26.0,30.0,-4.0,True,False,False,True,3.0,5.5,-2.5,-3.0,2.5,-5.5,-14.3,-8.100000000000001,-6.199999999999999,2,GB,17.0,35.0,25.1,28.8,False,-16.6,3.0,-19.6,2,TB,25.0,48.0,22.0,28.4,False,Unlucky,Unlucky,Unlucky vs Unlucky
84abd1ee0a47dd0fb2b00330331476e9,2020-12-02 20:40:00+00:00,2,BAL,PIT,10.5,10.5,-10.0,10.5,7.5+,False,True,26.0,6.0,20.0,True,False,True,False,19.7,5.699999999999999,14.0,-19.7,-14.0,-5.699999999999999,-0.8999999999999986,2.6000000000000014,-3.5,1,LV,27.0,33.0,24.4,29.5,False,5.399999999999999,2.5,2.8999999999999986,1,BUF,23.0,16.0,20.5,18.9,True,Neutral,Neutral,Neutral vs Neutral
8988702970976e461ed7ef5d052dbd72,2020-09-20 17:00:00+00:00,2,SF,NYJ,-7.0,-7.0,7.5,7.0,3.5-7,True,False,31.0,13.0,18.0,True,False,True,False,14.3,9.100000000000001,5.199999999999999,-14.3,-5.199999999999999,-9.100000000000001,4.100000000000001,10.100000000000001,-6.0,1,DET,41.0,33.0,30.9,27.0,True,0.8000000000000007,-3.1999999999999993,4.0,1,CAR,14.0,19.0,17.2,23.0,False,Neutral,Neutral,Neutral vs Neutral
89b0d6731562e49bb11dba6a1056a525,2020-10-25 17:04:00+00:00,2,CAR,NO,7.0,17.0,-6.5,7.0,3.5-7,False,True,35.0,27.0,8.0,True,False,True,False,11.7,7.399999999999999,4.300000000000001,-11.7,-4.300000000000001,-7.399999999999999,-0.8000000000000007,-4.0,3.1999999999999993,1,NYJ,19.0,14.0,23.0,17.2,True,23.200000000000003,11.600000000000001,11.6,1,GB,38.0,3.0,26.4,14.6,True,Neutral,Lucky,Neutral vs Lucky
8f5c460ab82afd9d2cb288cb4fd7b90d,2020-11-08 18:00:00+00:00,9,SEA,BUF,-3.0,3.5,3.5,3.0,0-3,True,False,31.0,25.0,6.0,True,False,True,False,7.600000000000001,3.6000000000000014,4.0,-7.600000000000001,-4.0,-3.6000000000000014,18.3,5.699999999999999,12.600000000000001,8,JAX,31.0,7.0,25.3,19.6,True,10.3,2.6000000000000014,7.699999999999999,8,MIA,26.0,11.0,23.4,18.7,True,Lucky,Lucky,Lucky vs Lucky
92a3aa49e99d9aa09c80532343902926,2020-09-27 17:00:00+00:00,3,LAR,BUF,1.5,2.5,-1.5,1.5,0-3,False,True,32.0,35.0,-3.0,False,True,False,True,-8.7,0.0,-8.7,8.7,8.7,0.0,0.0,2.8000000000000007,-2.8000000000000007,2,IND,27.0,24.0,24.2,21.2,True,25.5,10.600000000000001,14.9,2,MIA,35.0,0.0,24.4,14.9,True,Neutral,Lucky,Neutral vs Lucky
95d4dc331a83c8544c739e87de07d98d,2020-09-27 20:05:00+00:00,2,NYJ,IND,12.0,12.5,-11.5,12.0,7.5+,False,True,20.0,7.0,13.0,True,False,True,False,9.599999999999998,-3.6000000000000014,13.2,-9.599999999999998,-13.2,3.6000000000000014,0.8000000000000007,-3.1999999999999993,4.0,1,CAR,14.0,19.0,17.2,23.0,False,-9.7,-6.5,-3.1999999999999993,1,SEA,16.0,28.0,22.5,24.8,False,Neutral,Unlucky,Neutral vs Unlucky
996f058838596c94595659a71aeacab5,2020-10-05 00:20:00+00:00,2,PHI,SF,9.0,16.0,-8.5,9.0,7.5+,False,True,11.0,17.0,-6.0,True,False,True,False,-7.900000000000002,-11.100000000000001,3.1999999999999993,7.900000000000002,-3.1999999999999993,11.100000000000001,14.600000000000001,3.6000000000000014,11.0,1,ATL,32.0,6.0,28.4,17.0,True,4.100000000000001,10.100000000000001,-6.0,1,DET,41.0,33.0,30.9,27.0,True,Lucky,Neutral,Lucky vs Neutral
9986288bc4835f813a6ad4b0c3ea7b90,2020-11-01 18:00:00+00:00,2,PIT,BAL,4.0,15.5,-3.5,4.0,3.5-7,False,True,6.0,26.0,-20.0,False,True,False,True,-19.7,-14.0,-5.699999999999999,19.7,5.699999999999999,14.0,5.399999999999999,2.5,2.8999999999999986,1,BUF,23.0,16.0,20.5,18.9,True,-0.8999999999999986,2.6000000000000014,-3.5,1,LV,27.0,33.0,24.4,29.5,False,Neutral,Neutral,Neutral vs Neutral
999a0664b40a9b1c74328a31b5d94075,2020-11-29 18:00:00+00:00,2,LAC,BUF,4.0,5.0,-4.0,4.0,3.5-7,False,True,31.0,20.0,11.0,True,False,True,False,7.599999999999998,6.699999999999999,0.8999999999999986,-7.599999999999998,-0.8999999999999986,-6.699999999999999,-5.399999999999999,-5.399999999999999,0.0,1,WAS,20.0,16.0,25.4,16.0,True,-5.399999999999999,-2.8999999999999986,-2.5,1,PIT,16.0,23.0,18.9,20.5,False,Neutral,Neutral,Neutral vs Neutral
99b78c373f0d35da124952d88c5f315f,2020-10-11 17:03:00+00:00,2,LV,KC,10.5,22.0,-9.5,10.5,7.5+,False,True,10.0,28.0,-18.0,True,False,False,True,-12.599999999999998,-10.899999999999999,-1.6999999999999993,12.599999999999998,1.6999999999999993,10.899999999999999,0.8999999999999986,3.5,-2.6000000000000014,1,BAL,33.0,27.0,29.5,24.4,True,7.0,6.100000000000001,0.8999999999999986,1,CLE,33.0,29.0,26.9,29.9,True,Neutral,Lucky,Neutral vs Lucky
99f4df1ec9baac558536e5f5bf426c47,2021-02-07 23:30:00+00:00,6,KC,TB,-3.0,-3.0,3.5,3.0,0-3,True,False,10.0,38.0,-28.0,False,True,False,True,-18.4,-5.199999999999999,-13.2,18.4,13.2,5.199999999999999,-17.1,-6.0,-11.100000000000001,5,BUF,20.0,38.0,26.0,26.9,False,13.299999999999997,7.399999999999999,5.899999999999999,5,MIA,45.0,17.0,37.6,22.9,True,Unlucky,Lucky,Unlucky vs Lucky
9d9ae0b51f238133b3cd21058e2cfa8f,2020-11-22 21:06:00+00:00,5,NYJ,LAC,10.0,13.5,-9.5,10.0,7.5+,False,True,0.0,31.0,-31.0,False,True,False,True,-23.2,-16.2,-7.0,23.2,7.0,16.2,6.199999999999999,1.8000000000000007,4.399999999999999,4,TEN,27.0,24.0,25.2,28.4,True,4.199999999999999,2.0,2.1999999999999993,4,LV,28.0,14.0,26.0,16.2,True,Neutral,Neutral,Neutral vs Neutral
9e7d5efc596c31b4c88100eeb51c3d31,2020-11-15 21:25:00+00:00,2,CIN,PIT,6.5,14.5,-6.5,6.5,3.5-7,False,True,20.0,10.0,10.0,True,False,True,False,0.1999999999999993,-5.600000000000001,5.800000000000001,-0.1999999999999993,-5.800000000000001,5.600000000000001,3.3999999999999986,2.1999999999999993,1.1999999999999993,1,MIN,27.0,24.0,24.8,25.2,True,5.399999999999999,2.5,2.8999999999999986,1,BUF,23.0,16.0,20.5,18.9,True,Neutral,Neutral,Neutral vs Neutral
9f100506551becd2de743ad5fdaf7b73,2020-11-08 21:25:00+00:00,9,PIT,DAL,-14.5,-8.0,14.5,14.5,7.5+,True,False,24.0,19.0,5.0,False,True,False,True,2.6000000000000014,-0.1999999999999993,2.8000000000000007,-2.6000000000000014,-2.8000000000000007,0.1999999999999993,3.900000000000002,-4.399999999999999,8.3,8,CLE,15.0,10.0,19.4,18.3,True,-3.6999999999999993,-2.8999999999999986,-0.8000000000000007,8,MIN,20.0,16.0,22.9,15.2,True,Neutral,Neutral,Neutral vs Neutral
9f1b68a11d955ee98663f66037c03bcf,2020-12-27 18:00:00+00:00,5,CHI,JAX,-8.5,-8.0,9.0,8.5,7.5+,True,False,41.0,3.0,38.0,True,False,True,False,16.799999999999997,12.2,4.6,-16.799999999999997,-4.6,-12.2,11.0,0.3999999999999986,10.600000000000001,4,DET,24.0,14.0,23.6,24.6,True,-3.5,-6.100000000000001,2.6000000000000014,4,CIN,21.0,24.0,27.1,26.6,False,Lucky,Neutral,Lucky vs Neutral
9fd22194c8ae7bc313bcb66134dd8377,2020-11-24 01:15:00+00:00,2,LAR,TB,4.0,4.5,-4.0,4.0,3.5-7,False,True,19.0,17.0,2.0,True,False,True,False,-2.6999999999999993,-9.7,7.0,2.6999999999999993,-7.0,9.7,20.2,10.0,10.2,1,CHI,34.0,14.0,24.0,24.2,True,2.3999999999999986,0.1999999999999993,2.1999999999999993,1,DAL,31.0,29.0,30.8,31.2,True,Lucky,Neutral,Lucky vs Neutral
a4c88ef2f19a448050fc0ce1dabd2fe5,2020-10-12 00:20:00+00:00,3,MIN,SEA,6.5,17.5,-6.5,6.5,3.5-7,False,True,30.0,17.0,13.0,True,False,True,False,15.600000000000001,6.5,9.100000000000001,-15.600000000000001,-9.100000000000001,-6.5,0.3000000000000007,6.199999999999999,-5.899999999999999,2,ARI,33.0,34.0,26.8,28.1,False,4.700000000000003,5.0,-0.29999999999999716,2,TEN,30.0,33.0,25.0,32.7,False,Neutral,Neutral,Neutral vs Neutral
a5d0953aed42d554ca4f710741efc606,2020-12-20 18:00:00+00:00,2,DET,TEN,9.0,10.5,-9.0,9.0,7.5+,False,True,15.0,16.0,-1.0,True,False,True,False,8.8,-2.6999999999999993,11.5,-8.8,-11.5,2.6999999999999993,-4.100000000000001,6.0,-10.100000000000001,1,SF,33.0,41.0,27.0,30.9,False,-24.099999999999998,-7.399999999999999,-16.7,1,ARI,13.0,38.0,20.4,21.3,False,Neutral,Unlucky,Neutral vs Unlucky
a668036350a1262aac30254a2dfe9cfa,2020-11-22 18:00:00+00:00,6,TEN,BAL,6.0,11.0,-6.0,6.0,3.5-7,False,True,0.0,21.0,-21.0,False,True,False,True,-9.899999999999999,-9.0,-0.8999999999999986,9.899999999999999,0.8999999999999986,9.0,19.099999999999998,10.399999999999999,8.7,5,JAX,37.0,19.0,26.6,27.7,True,-0.5999999999999979,-3.799999999999997,3.1999999999999993,5,IND,31.0,25.0,34.8,28.2,True,Lucky,Neutral,Lucky vs Neutral
a87a0b5c7085670354c7b998598f9ee0,2020-12-13 18:00:00+00:00,2,TEN,JAX,-7.5,-7.0,9.0,7.5,7.5+,True,False,33.0,30.0,3.0,False,True,False,True,3.8999999999999986,3.6999999999999993,0.1999999999999993,-3.8999999999999986,-0.1999999999999993,-3.6999999999999993,-24.099999999999998,-7.399999999999999,-16.7,1,ARI,13.0,38.0,20.4,21.3,False,-13.400000000000002,-4.300000000000001,-9.100000000000001,1,HOU,21.0,37.0,25.3,27.9,False,Unlucky,Unlucky,Unlucky vs Unlucky
a8dfe2f941d80e50536285e79ea8a145,2020-12-27 21:25:00+00:00,2,PHI,DAL,-3.0,-3.0,3.0,3.0,0-3,True,False,10.0,20.0,-10.0,False,True,False,True,-9.600000000000001,-9.600000000000001,0.0,9.600000000000001,0.0,9.600000000000001,14.600000000000001,3.6000000000000014,11.0,1,ATL,32.0,6.0,28.4,17.0,True,-2.3999999999999986,-2.1999999999999993,-0.1999999999999993,1,TB,29.0,31.0,31.2,30.8,False,Lucky,Neutral,Lucky vs Neutral
a9f96c56561285d07af8e2e5a47ed630,2020-10-25 17:00:00+00:00,2,CLE,CIN,-4.0,8.0,4.0,4.0,3.5-7,True,False,27.0,34.0,-7.0,True,False,False,True,-7.5,1.8000000000000007,-9.3,7.5,9.3,-1.8000000000000007,-7.0,-0.8999999999999986,-6.100000000000001,1,KC,29.0,33.0,29.9,26.9,False,3.3999999999999986,2.1999999999999993,1.1999999999999993,1,MIN,27.0,24.0,24.8,25.2,True,Unlucky,Neutral,Unlucky vs Neutral
aa0a0714b3177152f04a1613a9402f3f,2020-09-20 17:00:00+00:00,2,LAR,PHI,1.5,2.0,-1.5,1.5,0-3,False,True,37.0,19.0,18.0,True,False,True,False,10.3,4.0,6.300000000000001,-10.3,-6.300000000000001,-4.0,20.2,10.0,10.2,1,CHI,34.0,14.0,24.0,24.2,True,14.600000000000001,3.6000000000000014,11.0,1,ATL,32.0,6.0,28.4,17.0,True,Lucky,Lucky,Lucky vs Lucky
abf19a844b6fb9ac67df738cb817cea3,2020-10-18 17:04:00+00:00,2,HOU,TEN,3.5,13.5,-3.5,3.5,3.5-7,False,True,30.0,24.0,6.0,True,False,True,False,2.200000000000003,4.600000000000001,-2.3999999999999986,-2.200000000000003,2.3999999999999986,-4.600000000000001,13.400000000000002,9.100000000000001,4.300000000000001,1,JAX,37.0,21.0,27.9,25.3,True,-24.099999999999998,-7.399999999999999,-16.7,1,ARI,13.0,38.0,20.4,21.3,False,Lucky,Unlucky,Lucky vs Unlucky
abf32668cdb5c03074557bef34dbdbb1,2020-09-21 00:20:00+00:00,2,NE,SEA,4.0,4.0,-3.5,4.0,3.5-7,False,True,30.0,35.0,-5.0,False,True,False,True,-3.5,2.6000000000000014,-6.100000000000001,3.5,6.100000000000001,-2.6000000000000014,-2.1000000000000014,-5.600000000000001,3.5,1,MIA,16.0,17.0,21.6,20.5,False,9.7,3.1999999999999993,6.5,1,IND,28.0,16.0,24.8,22.5,True,Neutral,Lucky,Neutral vs Lucky
ac5e9bdc6ed6d42f7d2895dd3f9865f3,2020-11-01 18:04:00+00:00,6,LAR,MIA,-3.5,-3.0,3.5,3.5,3.5-7,True,False,14.0,17.0,-3.0,False,True,False,True,-7.300000000000001,-12.5,5.199999999999999,7.300000000000001,-5.199999999999999,12.5,0.5,-5.899999999999999,6.399999999999999,5,SEA,26.0,17.0,31.9,23.4,True,-13.299999999999997,-5.899999999999999,-7.399999999999999,5,TB,17.0,45.0,22.9,37.6,False,Neutral,Unlucky,Neutral vs Unlucky
af634ab3d7b04c16f5ce91f6d723eda1,2020-10-18 20:25:00+00:00,6,GB,TB,-2.0,10.0,2.5,2.0,0-3,True,False,10.0,38.0,-28.0,False,True,False,True,-20.900000000000002,-5.300000000000001,-15.600000000000001,20.900000000000002,15.600000000000001,5.300000000000001,1.8999999999999986,-3.6000000000000014,5.5,5,CIN,25.0,22.0,28.6,27.5,True,13.299999999999997,7.399999999999999,5.899999999999999,5,MIA,45.0,17.0,37.6,22.9,True,Neutral,Lucky,Neutral vs Lucky
afaf8c5cbb31279de326f165d0a3c802,2020-11-16 01:20:00+00:00,3,BAL,NE,-7.0,-1.5,7.5,7.0,3.5-7,True,False,31.0,30.0,1.0,False,True,False,True,-0.6000000000000014,2.3999999999999986,-3.0,0.6000000000000014,3.0,-2.3999999999999986,-0.09999999999999787,4.300000000000001,-4.399999999999999,2,KC,36.0,35.0,31.7,30.6,True,15.0,3.3999999999999986,11.600000000000001,2,NYJ,25.0,6.0,21.6,17.6,True,Neutral,Lucky,Neutral vs Lucky
b3737883403370af746121e11ec7f628,2020-10-18 20:05:00+00:00,2,NYJ,MIA,8.5,18.0,-8.5,8.5,7.5+,False,True,12.0,20.0,-8.0,True,False,True,False,0.8999999999999986,-5.0,5.899999999999999,-0.8999999999999986,-5.899999999999999,5.0,0.8000000000000007,-3.1999999999999993,4.0,1,CAR,14.0,19.0,17.2,23.0,False,2.1000000000000014,-3.5,5.600000000000001,1,NE,17.0,16.0,20.5,21.6,True,Neutral,Neutral,Neutral vs Neutral
b39498de54fd773bcadf6a947acb6e64,2020-11-29 18:00:00+00:00,7,CLE,JAX,-7.0,-7.0,7.5,7.0,3.5-7,True,False,6.0,24.0,-18.0,False,True,False,True,-7.000000000000002,-6.9,-0.10000000000000142,7.000000000000002,0.10000000000000142,6.9,-10.400000000000002,2.1999999999999993,-12.600000000000001,6,ARI,14.0,37.0,11.8,24.4,False,4.800000000000001,0.6000000000000014,4.199999999999999,6,MIA,23.0,20.0,22.4,24.2,True,Unlucky,Neutral,Unlucky vs Neutral
b486d307229bf228a2ff98df57b3fa45,2020-10-06 00:50:00+00:00,2,ATL,GB,6.0,17.0,-6.0,6.0,3.5-7,False,True,34.0,23.0,11.0,True,False,True,False,8.600000000000001,5.100000000000001,3.5,-8.600000000000001,-3.5,-5.100000000000001,-14.600000000000001,-11.0,-3.6000000000000014,1,PHI,6.0,32.0,17.0,28.4,False,-23.200000000000003,-11.6,-11.600000000000001,1,NO,3.0,38.0,14.6,26.4,False,Unlucky,Unlucky,Unlucky vs Unlucky
b4f8ba884819ff75823d7cd6d158b7ba,2021-01-10 21:40:00+00:00,5,CHI,NO,10.5,11.0,-10.5,10.5,7.5+,False,True,18.0,26.0,-8.0,True,False,True,False,-8.2,-6.0,-2.1999999999999993,8.2,2.1999999999999993,6.0,11.0,0.3999999999999986,10.600000000000001,4,DET,24.0,14.0,23.6,24.6,True,-8.599999999999998,-4.199999999999999,-4.399999999999999,4,NYG,21.0,27.0,25.2,22.6,False,Lucky,Unlucky,Lucky vs Unlucky
b6f269b66f79a03721c279edf0f172c5,2020-09-20 17:00:00+00:00,2,DET,GB,6.75,7.0,-6.0,6.75,3.5-7,False,True,17.0,35.0,-18.0,False,True,False,True,-14.3,-8.100000000000001,-6.199999999999999,14.3,6.199999999999999,8.100000000000001,-4.100000000000001,6.0,-10.100000000000001,1,SF,33.0,41.0,27.0,30.9,False,-23.200000000000003,-11.6,-11.600000000000001,1,NO,3.0,38.0,14.6,26.4,False,Neutral,Unlucky,Neutral vs Unlucky
b8355b9e4430ea57868415f4e2ffeff2,2020-11-08 18:00:00+00:00,5,BAL,IND,1.0,3.0,1.0,1.0,0-3,False,True,13.0,20.0,-7.0,False,True,False,True,-4.899999999999999,-9.7,4.800000000000001,4.899999999999999,-4.800000000000001,9.7,6.899999999999999,-4.0,10.899999999999999,4,DEN,23.0,7.0,27.0,17.9,True,5.5,4.5,1.0,4,MIA,27.0,17.0,22.5,18.0,True,Neutral,Neutral,Neutral vs Neutral
b962f86f11795ec081e13928bdd12774,2020-12-06 21:25:00+00:00,4,PHI,GB,8.0,8.5,-7.5,8.0,7.5+,False,True,34.0,27.0,7.0,True,False,True,False,7.599999999999998,4.399999999999999,3.1999999999999993,-7.599999999999998,-3.1999999999999993,-4.399999999999999,-5.199999999999999,2.3000000000000007,-7.5,3,DAL,21.0,41.0,18.7,33.5,False,1.0,3.5,-2.5,3,SF,30.0,28.0,26.5,25.5,True,Neutral,Neutral,Neutral vs Neutral
b997ff77b831a54fb260a26d9fe08b15,2020-10-11 20:05:00+00:00,5,MIA,SF,8.5,12.0,-8.0,8.5,7.5+,False,True,43.0,17.0,26.0,True,False,True,False,18.0,13.3,4.699999999999999,-18.0,-4.699999999999999,-13.3,-5.5,-1.0,-4.5,4,IND,17.0,27.0,18.0,22.5,False,-16.0,-8.7,-7.300000000000001,4,SEA,21.0,28.0,29.7,20.7,False,Neutral,Unlucky,Neutral vs Unlucky
bb29b2a6f36b81bddd13f03e28974638,2020-11-15 18:00:00+00:00,2,HOU,CLE,4.5,7.5,-3.5,4.5,3.5-7,False,True,21.0,31.0,-10.0,False,True,False,True,0.3000000000000007,2.1999999999999993,-1.8999999999999986,-0.3000000000000007,1.8999999999999986,-2.1999999999999993,13.400000000000002,9.100000000000001,4.300000000000001,1,JAX,37.0,21.0,27.9,25.3,True,-7.0,-0.8999999999999986,-6.100000000000001,1,KC,29.0,33.0,29.9,26.9,False,Lucky,Unlucky,Lucky vs Unlucky
bc573f8af1e49db164790fa74d5aa2a1,2020-10-04 17:00:00+00:00,3,ARI,CAR,-3.0,8.0,3.5,3.0,0-3,True,False,20.0,38.0,-18.0,False,True,False,True,-13.5,-3.3999999999999986,-10.100000000000001,13.5,10.100000000000001,3.3999999999999986,-0.3000000000000007,5.899999999999999,-6.199999999999999,2,MIN,34.0,33.0,28.1,26.8,True,5.399999999999999,0.6999999999999993,4.699999999999999,2,NO,26.0,7.0,25.3,11.7,True,Neutral,Neutral,Neutral vs Neutral
be346debd4086de5a64f146b028203e9,2020-10-04 17:00:00+00:00,4,LAC,TB,7.5,17.5,-7.5,7.5,7.5+,False,True,31.0,38.0,-7.0,True,False,True,False,2.3000000000000007,12.3,-10.0,-2.3000000000000007,10.0,-12.3,6.900000000000002,1.6000000000000014,5.300000000000001,3,KC,30.0,24.0,28.4,29.3,True,-12.5,-2.8999999999999986,-9.600000000000001,3,LAR,24.0,34.0,26.9,24.4,False,Neutral,Unlucky,Neutral vs Unlucky
c1204ec62df0a9c1db247fe93c74ea27,2020-10-20 00:15:00+00:00,3,ARI,DAL,1.0,9.0,-0.0,1.0,0-3,False,True,17.0,28.0,-11.0,False,True,False,True,-12.400000000000002,-6.100000000000001,-6.300000000000001,12.400000000000002,6.300000000000001,6.100000000000001,-0.3000000000000007,5.899999999999999,-6.199999999999999,2,MIN,34.0,33.0,28.1,26.8,True,-2.5,-6.399999999999999,3.8999999999999986,2,LAC,20.0,17.0,26.4,20.9,True,Neutral,Neutral,Neutral vs Neutral
c1850b9d2a3c80aa21dc0376479f5775,2020-10-25 20:25:00+00:00,7,SF,NE,3.0,12.5,-2.5,3.0,0-3,False,True,33.0,6.0,27.0,True,False,True,False,12.700000000000003,0.6000000000000014,12.100000000000001,-12.700000000000003,-12.100000000000001,-0.6000000000000014,8.0,2.5,5.5,6,LAR,24.0,16.0,21.5,21.5,True,-1.3000000000000007,4.0,-5.300000000000001,6,DAL,29.0,35.0,25.0,29.7,False,Lucky,Neutral,Lucky vs Neutral
c1851c5bc91e8db340758ebc1d512ef8,2020-11-01 18:00:00+00:00,3,NYJ,KC,19.5,25.0,-19.5,19.5,7.5+,False,True,3.0,24.0,-21.0,True,False,False,True,-20.5,-15.3,-5.199999999999999,20.5,5.199999999999999,15.3,-15.0,-11.600000000000001,-3.3999999999999986,2,NE,6.0,25.0,17.6,21.6,False,0.09999999999999787,4.399999999999999,-4.300000000000001,2,BAL,35.0,36.0,30.6,31.7,False,Unlucky,Neutral,Unlucky vs Neutral
c1b4176f3f35fe25ffdc005422d541f9,2020-12-19 21:30:00+00:00,3,BUF,DEN,-5.5,-5.5,6.0,5.5,3.5-7,True,False,26.0,16.0,10.0,True,False,True,False,9.900000000000002,6.800000000000001,3.1000000000000014,-9.900000000000002,-3.1000000000000014,-6.800000000000001,25.5,10.600000000000001,14.9,2,MIA,35.0,0.0,24.4,14.9,True,1.4000000000000021,-3.1999999999999993,4.600000000000001,2,JAX,23.0,13.0,26.2,17.6,True,Lucky,Neutral,Lucky vs Neutral
c5a6a4ea5c7a1b9913b5dc971df654f2,2020-11-10 01:15:00+00:00,2,NE,NYJ,-10.0,-2.5,10.0,10.0,7.5+,True,False,13.0,10.0,3.0,True,False,False,True,2.5,-7.5,10.0,-2.5,-10.0,7.5,-2.1000000000000014,-5.600000000000001,3.5,1,MIA,16.0,17.0,21.6,20.5,False,0.8000000000000007,-3.1999999999999993,4.0,1,CAR,14.0,19.0,17.2,23.0,False,Neutral,Neutral,Neutral vs Neutral
c6c461d7c16f661206b4d4fc50746d98,2020-12-22 01:15:00+00:00,2,PIT,CIN,-14.5,-14.0,14.5,14.5,7.5+,True,False,10.0,20.0,-10.0,False,True,False,True,-0.1999999999999993,-5.800000000000001,5.600000000000001,0.1999999999999993,-5.600000000000001,5.800000000000001,5.399999999999999,2.5,2.8999999999999986,1,BUF,23.0,16.0,20.5,18.9,True,3.3999999999999986,2.1999999999999993,1.1999999999999993,1,MIN,27.0,24.0,24.8,25.2,True,Neutral,Neutral,Neutral vs Neutral
c8b4fe632af0122ef8f2720164c78a3b,2020-10-04 17:00:00+00:00,4,JAX,CIN,1.0,13.0,-1.0,1.0,0-3,False,True,10.0,27.0,-17.0,False,True,False,True,-17.3,-12.600000000000001,-4.699999999999999,17.3,4.699999999999999,12.600000000000001,-6.699999999999999,-4.5,-2.1999999999999993,3,ARI,19.0,31.0,23.5,28.8,False,9.600000000000001,3.3000000000000007,6.300000000000001,3,PIT,24.0,10.0,20.7,16.3,True,Neutral,Lucky,Neutral vs Lucky
c957e9a21de19a39246c6ffcd49a88a5,2020-11-13 01:21:00+00:00,2,IND,TEN,-1.0,4.0,1.0,1.0,0-3,True,False,19.0,17.0,2.0,True,False,True,False,1.3999999999999986,-2.8000000000000007,4.199999999999999,-1.3999999999999986,-4.199999999999999,2.8000000000000007,-9.7,-6.5,-3.1999999999999993,1,SEA,16.0,28.0,22.5,24.8,False,-24.099999999999998,-7.399999999999999,-16.7,1,ARI,13.0,38.0,20.4,21.3,False,Unlucky,Unlucky,Unlucky vs Unlucky
c987fc5f6be548e784aa230565bddb61,2020-09-20 17:00:00+00:00,2,ATL,DAL,3.0,3.5,-2.5,3.0,0-3,False,True,39.0,40.0,-1.0,True,False,True,False,5.800000000000001,12.8,-7.0,-5.800000000000001,7.0,-12.8,-14.600000000000001,-11.0,-3.6000000000000014,1,PHI,6.0,32.0,17.0,28.4,False,-2.3999999999999986,-2.1999999999999993,-0.1999999999999993,1,TB,29.0,31.0,31.2,30.8,False,Unlucky,Neutral,Unlucky vs Neutral
cddb3307d9bd8b47f72c281e4a182380,2020-12-13 18:00:00+00:00,2,ARI,NYG,-3.0,-2.5,3.0,3.0,0-3,True,False,25.0,14.0,11.0,True,False,True,False,10.0,4.0,6.0,-10.0,-6.0,-4.0,24.099999999999998,16.7,7.399999999999999,1,TEN,38.0,13.0,21.3,20.4,True,-13.299999999999997,-10.399999999999999,-2.8999999999999986,1,DEN,13.0,27.0,23.4,24.1,False,Lucky,Unlucky,Lucky vs Unlucky
cf2fa6b8186fe7294ff1bc3a9c5dce70,2020-11-29 21:05:00+00:00,8,NO,DEN,-16.5,-16.0,17.0,16.5,7.5+,True,False,14.0,34.0,-20.0,False,True,False,True,-10.099999999999998,-6.899999999999999,-3.1999999999999993,10.099999999999998,3.1999999999999993,6.899999999999999,-0.40000000000000036,-6.300000000000001,5.9,7,SEA,13.0,10.0,19.3,15.9,True,2.3000000000000007,-7.5,9.8,7,CLE,14.0,17.0,21.5,26.8,False,Neutral,Neutral,Neutral vs Neutral
d1caeb400c63265ddb04a948e50e2228,2020-09-20 17:00:00+00:00,2,NYG,CHI,4.5,5.0,-4.5,4.5,3.5-7,False,True,13.0,17.0,-4.0,True,False,True,False,-11.100000000000001,-12.100000000000001,1.0,11.100000000000001,-1.0,12.100000000000001,-13.299999999999997,-10.399999999999999,-2.8999999999999986,1,DEN,13.0,27.0,23.4,24.1,False,-20.2,-10.2,-10.0,1,LAR,14.0,34.0,24.2,24.0,False,Unlucky,Unlucky,Unlucky vs Unlucky
d27ac8a0c3c58a4539615adc691e9bea,2020-10-18 17:00:00+00:00,6,DET,JAX,-3.0,8.5,3.5,3.0,0-3,True,False,34.0,16.0,18.0,True,False,True,False,8.899999999999999,8.2,0.6999999999999993,-8.899999999999999,-0.6999999999999993,-8.2,-0.6000000000000014,-1.6000000000000014,1.0,5,MIN,17.0,19.0,18.6,20.0,False,-19.099999999999998,-8.7,-10.399999999999999,5,TEN,19.0,37.0,27.7,26.6,False,Neutral,Unlucky,Neutral vs Unlucky
d2f44260cc55edf03224280b6872c906,2020-10-04 20:05:00+00:00,4,NYG,LAR,13.5,22.5,-13.5,13.5,7.5+,False,True,9.0,17.0,-8.0,True,False,True,False,-3.5,-6.699999999999999,3.1999999999999993,3.5,-3.1999999999999993,6.699999999999999,-8.200000000000003,-9.100000000000001,0.8999999999999986,3,ATL,14.0,17.0,23.1,17.9,False,12.5,9.600000000000001,2.8999999999999986,3,TB,34.0,24.0,24.4,26.9,True,Unlucky,Lucky,Unlucky vs Lucky
d74c7e3706c1ae6a981c1e149d0cf5ee,2021-01-03 21:25:00+00:00,2,NO,CAR,-6.0,-5.0,6.0,6.0,3.5-7,True,False,27.0,35.0,-8.0,False,True,False,True,-11.7,-4.300000000000001,-7.399999999999999,11.7,7.399999999999999,4.300000000000001,23.200000000000003,11.600000000000001,11.6,1,GB,38.0,3.0,26.4,14.6,True,-0.8000000000000007,-4.0,3.1999999999999993,1,NYJ,19.0,14.0,23.0,17.2,True,Lucky,Neutral,Lucky vs Neutral
d79c4c53091693753554bf930c673d7c,2020-09-27 17:00:00+00:00,3,LV,NE,7.0,7.5,-7.0,7.0,3.5-7,False,True,,,,False,True,False,True,,,,,,,-1.5,-0.6999999999999993,-0.8000000000000007,2,PIT,26.0,17.0,26.7,16.2,True,15.0,3.3999999999999986,11.600000000000001,2,NYJ,25.0,6.0,21.6,17.6,True,Neutral,Lucky,Neutral vs Lucky
d8bf865f2ff0d867113b4fe893551f48,2020-10-25 20:25:00+00:00,2,JAX,LAC,7.5,17.5,-7.5,7.5,7.5+,False,True,14.0,38.0,-24.0,False,True,False,True,-22.599999999999998,-10.399999999999999,-12.2,22.599999999999998,12.2,10.399999999999999,-13.400000000000002,-4.300000000000001,-9.100000000000001,1,HOU,21.0,37.0,25.3,27.9,False,-5.399999999999999,-5.399999999999999,0.0,1,WAS,20.0,16.0,25.4,16.0,True,Unlucky,Neutral,Unlucky vs Neutral
dcc7e7c6eed8b3ff0032865461efcf5f,2020-11-15 18:00:00+00:00,3,PHI,NYG,-5.0,3.5,5.0,5.0,3.5-7,True,False,27.0,24.0,3.0,True,False,False,True,3.6000000000000014,0.10000000000000142,3.5,-3.6000000000000014,-3.5,-0.10000000000000142,-7.900000000000002,-11.100000000000001,3.1999999999999993,2,SF,11.0,17.0,22.1,20.2,False,3.0,4.300000000000001,-1.3000000000000007,2,WAS,29.0,30.0,24.7,28.7,False,Unlucky,Neutral,Unlucky vs Neutral
e09a150340150c4d0b724eb3109e6926,2020-11-01 21:25:00+00:00,2,SF,SEA,1.5,4.0,-1.0,1.5,0-3,False,True,3.0,29.0,-26.0,False,True,False,True,-21.5,-9.8,-11.7,21.5,11.7,9.8,4.100000000000001,10.100000000000001,-6.0,1,DET,41.0,33.0,30.9,27.0,True,9.7,3.1999999999999993,6.5,1,IND,28.0,16.0,24.8,22.5,True,Neutral,Lucky,Neutral vs Lucky
e272be2ac670ed3ef4049fe8b3b03dec,2020-11-29 18:00:00+00:00,10,NYG,CIN,-6.5,-6.0,6.5,6.5,3.5-7,True,False,13.0,31.0,-18.0,False,True,False,True,-23.6,-13.0,-10.600000000000001,23.6,10.600000000000001,13.0,10.5,-0.1999999999999993,10.7,9,LV,23.0,16.0,23.2,26.7,True,-24.0,-4.5,-19.5,9,CLE,16.0,41.0,20.5,21.5,False,Lucky,Unlucky,Lucky vs Unlucky
e8fbb97622508fa1b6f361483fa99882,2020-09-20 20:25:00+00:00,2,BAL,HOU,-7.0,-7.0,7.5,7.0,3.5-7,True,False,33.0,16.0,17.0,True,False,True,False,11.8,7.199999999999999,4.600000000000001,-11.8,-4.600000000000001,-7.199999999999999,-0.8999999999999986,2.6000000000000014,-3.5,1,LV,27.0,33.0,24.4,29.5,False,13.400000000000002,9.100000000000001,4.300000000000001,1,JAX,37.0,21.0,27.9,25.3,True,Neutral,Lucky,Neutral vs Lucky
ec7b2fb4c07ef8a734e72654bbe74e84,2020-11-17 01:15:00+00:00,2,MIN,CHI,-3.5,4.0,3.5,3.5,3.5-7,True,False,30.0,31.0,-1.0,True,False,False,True,9.3,9.0,0.3000000000000007,-9.3,-0.3000000000000007,-9.0,-3.3999999999999986,-1.1999999999999993,-2.1999999999999993,1,CIN,24.0,27.0,25.2,24.8,False,-20.2,-10.2,-10.0,1,LAR,14.0,34.0,24.2,24.0,False,Neutral,Unlucky,Neutral vs Unlucky
eccb30456ade35fbd3590a080845a2c9,2020-09-20 17:00:00+00:00,2,JAX,TEN,7.0,7.5,-6.5,7.0,3.5-7,False,True,30.0,33.0,-3.0,True,False,True,False,-3.8999999999999986,-0.1999999999999993,-3.6999999999999993,3.8999999999999986,3.6999999999999993,0.1999999999999993,-13.400000000000002,-4.300000000000001,-9.100000000000001,1,HOU,21.0,37.0,25.3,27.9,False,-24.099999999999998,-7.399999999999999,-16.7,1,ARI,13.0,38.0,20.4,21.3,False,Unlucky,Unlucky,Unlucky vs Unlucky
eda4e580bbddce1d6618176756f28bd1,2020-10-02 00:20:00+00:00,3,DEN,NYJ,1.0,1.5,-1.0,1.0,0-3,False,True,26.0,0.0,26.0,True,False,True,False,15.3,1.8000000000000007,13.5,-15.3,-13.5,-1.8000000000000007,1.4000000000000021,-3.1999999999999993,4.600000000000001,2,JAX,23.0,13.0,26.2,17.6,True,-15.0,-11.600000000000001,-3.3999999999999986,2,NE,6.0,25.0,17.6,21.6,False,Neutral,Unlucky,Neutral vs Unlucky
ee451efb6ef8d56c96e422ae676dc993,2020-12-06 18:00:00+00:00,4,IND,HOU,-3.0,-3.0,3.5,3.0,0-3,True,False,34.0,37.0,-3.0,False,True,False,True,0.29999999999999716,4.5,-4.200000000000003,-0.29999999999999716,4.200000000000003,-4.5,-7.399999999999999,-4.399999999999999,-3.0,3,TEN,16.0,25.0,20.4,22.0,False,-7.600000000000001,-7.100000000000001,-0.5,3,CAR,9.0,24.0,16.1,23.5,False,Unlucky,Unlucky,Unlucky vs Unlucky
ee85c6ea839215cd36cc912a27da2154,2020-12-27 18:00:00+00:00,8,IND,PIT,-0.5,0.0,1.0,0.5,0-3,True,False,34.0,51.0,-17.0,False,True,False,True,-11.300000000000004,5.399999999999999,-16.700000000000003,11.300000000000004,16.700000000000003,-5.399999999999999,10.100000000000001,11.600000000000001,-1.5,7,SF,30.0,18.0,18.4,16.5,True,-3.8999999999999986,0.3000000000000007,-4.199999999999999,7,TEN,27.0,24.0,26.7,19.8,True,Lucky,Neutral,Lucky vs Neutral
efc9a2bdacfbb1f417e9d6217efdb38a,2020-11-22 21:25:00+00:00,8,DAL,MIN,7.5,13.5,-7.0,7.5,7.5+,False,True,20.0,16.0,4.0,True,False,True,False,-3.6999999999999993,-2.8999999999999986,-0.8000000000000007,3.6999999999999993,0.8000000000000007,2.8999999999999986,-12.999999999999998,-10.6,-2.3999999999999986,7,WAS,3.0,25.0,13.6,22.6,False,8.5,9.399999999999999,-0.8999999999999986,7,DET,42.0,30.0,32.6,29.1,True,Unlucky,Lucky,Unlucky vs Lucky
efe1476f36af917fb8a3790a8d0566e0,2020-12-06 21:05:00+00:00,7,NYG,SEA,10.5,11.0,-10.0,10.5,7.5+,False,True,7.0,24.0,-17.0,False,True,False,True,-3.3999999999999986,-5.199999999999999,1.8000000000000007,3.3999999999999986,-1.8000000000000007,5.199999999999999,-16.0,-7.5,-8.5,6,LAR,11.0,38.0,18.5,29.5,False,-4.800000000000001,-5.800000000000001,1.0,6,PIT,20.0,23.0,25.8,24.0,False,Unlucky,Neutral,Unlucky vs Neutral
f0ad9dafa528d4ff8c57f1436d3aedc1,2020-11-08 18:00:00+00:00,2,DEN,ATL,4.0,9.0,-4.0,4.0,3.5-7,False,True,21.0,27.0,-6.0,True,False,False,True,-12.2,-5.0,-7.199999999999999,12.2,7.199999999999999,5.0,13.299999999999997,2.8999999999999986,10.399999999999999,1,NYG,27.0,13.0,24.1,23.4,True,-14.600000000000001,-11.0,-3.6000000000000014,1,PHI,6.0,32.0,17.0,28.4,False,Lucky,Unlucky,Lucky vs Unlucky
f1177f9de03802695aa269530481cdf2,2020-10-25 20:05:00+00:00,7,TB,LV,-4.0,8.5,4.5,4.0,3.5-7,True,False,45.0,20.0,25.0,True,False,True,False,15.900000000000002,14.8,1.1000000000000014,-15.900000000000002,-1.1000000000000014,-14.8,-1.3999999999999986,-2.3999999999999986,1.0,6,PHI,28.0,22.0,30.4,23.0,True,9.0,4.699999999999999,4.300000000000001,6,DEN,34.0,24.0,29.3,28.3,True,Neutral,Lucky,Neutral vs Lucky
f307c66fc0803a0a37a80f459fc3e0dc,2020-12-13 18:00:00+00:00,3,MIN,TB,7.0,7.5,-6.5,7.0,3.5-7,False,True,34.0,17.0,17.0,True,False,True,False,17.299999999999997,7.899999999999999,9.399999999999999,-17.299999999999997,-9.399999999999999,-7.899999999999999,0.3000000000000007,6.199999999999999,-5.899999999999999,2,ARI,33.0,34.0,26.8,28.1,False,16.6,19.6,-3.0,2,ATL,48.0,25.0,28.4,22.0,True,Neutral,Lucky,Neutral vs Lucky
f502ad827a6e7fcd1197420d267d54e3,2020-11-22 21:25:00+00:00,5,GB,IND,2.0,6.5,-1.0,2.0,0-3,False,True,27.0,30.0,-3.0,True,False,False,True,-0.29999999999999716,-2.8999999999999986,2.6000000000000014,0.29999999999999716,-2.6000000000000014,2.8999999999999986,0.8000000000000007,-0.6999999999999993,1.5,4,PIT,27.0,17.0,27.7,18.5,True,5.5,4.5,1.0,4,MIA,27.0,17.0,22.5,18.0,True,Neutral,Neutral,Neutral vs Neutral
f50313980a4df8e661251ab981440681,2021-01-03 18:00:00+00:00,2,NYJ,NE,3.0,3.0,-3.0,3.0,0-3,False,True,10.0,13.0,-3.0,False,True,False,True,-2.5,-10.0,7.5,2.5,-7.5,10.0,0.8000000000000007,-3.1999999999999993,4.0,1,CAR,14.0,19.0,17.2,23.0,False,-2.1000000000000014,-5.600000000000001,3.5,1,MIA,16.0,17.0,21.6,20.5,False,Neutral,Neutral,Neutral vs Neutral
f61f4f6493f3f376e7c8d24c0e32fed1,2020-10-11 17:00:00+00:00,2,CAR,ATL,2.5,12.5,-2.0,2.5,0-3,False,True,24.0,31.0,-7.0,True,False,False,True,-3.6000000000000014,-2.3000000000000007,-1.3000000000000007,3.6000000000000014,1.3000000000000007,2.3000000000000007,-0.8000000000000007,-4.0,3.1999999999999993,1,NYJ,19.0,14.0,23.0,17.2,True,-14.600000000000001,-11.0,-3.6000000000000014,1,PHI,6.0,32.0,17.0,28.4,False,Neutral,Unlucky,Neutral vs Unlucky
f762310302e1f582872372728fc77411,2020-10-25 17:03:00+00:00,6,GB,HOU,-3.0,8.5,3.5,3.0,0-3,True,False,42.0,24.0,18.0,True,False,True,False,12.5,15.8,-3.3000000000000007,-12.5,3.3000000000000007,-15.8,1.8999999999999986,-3.6000000000000014,5.5,5,CIN,25.0,22.0,28.6,27.5,True,0.1999999999999993,1.5,-1.3000000000000007,5,NE,22.0,25.0,20.5,23.7,False,Neutral,Neutral,Neutral vs Neutral
f7790c39913c938954ac11a48b55b8cf,2020-11-08 21:25:00+00:00,4,MIA,ARI,6.0,10.0,-5.5,6.0,3.5-7,False,True,21.0,24.0,-3.0,True,False,True,False,-12.3,-8.8,-3.5,12.3,3.5,8.8,0.7000000000000028,6.600000000000001,-5.899999999999999,3,LV,28.0,31.0,21.4,25.1,False,6.699999999999999,2.1999999999999993,4.5,3,JAX,31.0,19.0,28.8,23.5,True,Neutral,Neutral,Neutral vs Neutral
f8caf31bff40c37bdaf7a9082a6427be,2020-09-27 17:00:00+00:00,3,CIN,PHI,5.5,6.0,-5.5,5.5,3.5-7,False,True,23.0,23.0,0.0,True,False,True,False,-5.399999999999999,-5.0,-0.3999999999999986,5.399999999999999,0.3999999999999986,5.0,-6.9,-0.3000000000000007,-6.6,2,CHI,17.0,20.0,17.3,13.4,False,-7.900000000000002,-11.100000000000001,3.1999999999999993,2,SF,11.0,17.0,22.1,20.2,False,Neutral,Unlucky,Neutral vs Unlucky
f93d6e2174dbb53f99caaf2cc4579b0b,2020-11-29 18:00:00+00:00,3,CAR,MIN,3.0,3.0,-3.0,3.0,0-3,False,True,10.0,22.0,-12.0,False,True,False,True,-13.0,-8.3,-4.699999999999999,13.0,4.699999999999999,8.3,5.399999999999999,0.6999999999999993,4.699999999999999,2,NO,26.0,7.0,25.3,11.7,True,0.3000000000000007,6.199999999999999,-5.899999999999999,2,ARI,33.0,34.0,26.8,28.1,False,Neutral,Neutral,Neutral vs Neutral
f995414945a343e116a53468ae834469,2020-12-20 21:25:00+00:00,3,KC,NO,-3.0,-2.5,3.5,3.0,0-3,True,False,27.0,24.0,3.0,True,False,False,True,0.6999999999999993,0.8000000000000007,-0.10000000000000142,-0.6999999999999993,0.10000000000000142,-0.8000000000000007,0.09999999999999787,4.399999999999999,-4.300000000000001,2,BAL,35.0,36.0,30.6,31.7,False,-5.399999999999999,-4.699999999999999,-0.6999999999999993,2,CAR,7.0,26.0,11.7,25.3,False,Neutral,Neutral,Neutral vs Neutral
faa5730cc55b7e5b6d5d7b40ca86564b,2020-12-06 18:03:00+00:00,4,CIN,MIA,10.5,10.5,-10.0,10.5,7.5+,False,True,22.0,7.0,15.0,True,False,True,False,7.300000000000001,0.6000000000000014,6.699999999999999,-7.300000000000001,-6.699999999999999,-0.6000000000000014,9.600000000000001,3.3000000000000007,6.300000000000001,3,PIT,24.0,10.0,20.7,16.3,True,0.7000000000000028,6.600000000000001,-5.899999999999999,3,LV,28.0,31.0,21.4,25.1,False,Lucky,Neutral,Lucky vs Neutral
fc301b216ea4cff264fd6f3f37a41e7c,2020-10-11 17:00:00+00:00,5,ARI,NYJ,-7.0,4.0,8.0,7.0,3.5-7,True,False,30.0,10.0,20.0,True,False,True,False,11.0,0.5,10.5,-11.0,-10.5,-0.5,16.3,5.699999999999999,10.600000000000001,4,LAR,37.0,20.0,31.3,30.6,True,6.199999999999999,1.8000000000000007,4.399999999999999,4,TEN,27.0,24.0,25.2,28.4,True,Lucky,Neutral,Lucky vs Neutral
fe94e2223a47e374e0aa2e3b46ddf61a,2020-11-08 18:00:00+00:00,9,CHI,TEN,6.0,10.5,-6.0,6.0,3.5-7,False,True,51.0,20.0,31.0,True,False,True,False,27.0,26.4,0.6000000000000014,-27.0,-0.6000000000000014,-26.4,-3.3000000000000007,3.0,-6.300000000000001,8,SF,22.0,33.0,19.0,26.7,False,6.900000000000002,11.100000000000001,-4.199999999999999,8,IND,34.0,31.0,22.9,26.8,True,Neutral,Neutral,Neutral vs Neutral
