game_id,game_time,week,away_abbr,home_abbr,consensus_spread,abs_spread,spread_cat,away_is_favorite,home_is_favorite,away_score,home_score,actual_margin,away_covered,home_covered,away_luck,home_luck,away_prior_luck,home_prior_luck,away_luck_cat,home_luck_cat,matchup_type
016f76d8237e8d4eb62b9c2ef68381bb,2025-11-02 18:00:00+00:00,9,CHI,CIN,-3.0,3.0,0-3,True,False,47,42,5,True,False,10.5,14.2,-4.899999999999999,5.399999999999999,Neutral,Neutral,Neutral vs Neutral
02522f48a7b7e7524881c1b1638cd94d,2025-09-21 17:03:00+00:00,3,NYJ,TB,6.5,6.5,3.5-7,False,True,27,29,-2,True,False,6.800000000000001,12.8,-1.1999999999999993,-7.399999999999999,Neutral,Unlucky,Neutral vs Unlucky
03a5eed2c8ef5d1c8a48866ea4b0d63a,2025-09-21 17:03:00+00:00,3,LV,WAS,3.0,3.0,0-3,False,True,24,41,-17,False,True,10.9,12.899999999999999,-2.5,1.1000000000000014,Neutral,Neutral,Neutral vs Neutral
051233db287b02fd3e7574955879ece2,2025-09-28 20:25:00+00:00,4,BAL,KC,-2.5,2.5,0-3,True,False,20,37,-17,False,True,1.3999999999999986,11.399999999999999,6.0,-3.0,Neutral,Neutral,Neutral vs Neutral
05a5b084f4e19535b2d3f91ef5c00169,2025-09-14 17:03:00+00:00,2,NYG,DAL,5.0,5.0,3.5-7,False,True,37,40,-3,True,False,11.399999999999999,13.600000000000001,-8.6,-2.1000000000000014,Unlucky,Neutral,Unlucky vs Neutral
09f55b4a19a83eb951a9400a11123477,2025-09-28 20:06:00+00:00,4,JAX,SF,3.0,3.0,0-3,False,True,26,21,5,True,False,3.3000000000000007,-1.8999999999999986,-4.0,-8.3,Neutral,Unlucky,Neutral vs Unlucky
0ae85bbc3711ad0cb94475a40e2364f0,2025-11-16 18:00:00+00:00,11,CAR,ATL,4.0,4.0,3.5-7,False,True,30,27,3,True,False,6.800000000000001,-2.1000000000000014,-6.800000000000001,-0.3000000000000007,Neutral,Neutral,Neutral vs Neutral
0c6e5d9821ce0d3e82f3e792879776a6,2025-09-12 00:16:00+00:00,2,WAS,GB,3.0,3.0,0-3,False,True,18,27,-9,False,True,1.1000000000000014,-2.1999999999999993,-4.300000000000001,4.899999999999999,Neutral,Neutral,Neutral vs Neutral
0c85b0939650e29689bb2651b33522eb,2025-10-12 20:26:00+00:00,6,CIN,GB,14.0,14.0,7.5+,False,True,18,27,-9,True,False,-6.300000000000001,-2.3999999999999986,6.899999999999999,9.7,Neutral,Lucky,Neutral vs Lucky
0e6f68b30237afc04d1517a193213a65,2025-09-14 17:01:00+00:00,2,LAR,TEN,-5.5,5.5,3.5-7,True,False,33,19,14,True,False,6.399999999999999,4.699999999999999,-4.699999999999999,1.8000000000000007,Neutral,Neutral,Neutral vs Neutral
0ee3f5a0078c21cfdffd1b97002e7da5,2025-09-21 20:05:00+00:00,3,DEN,LAC,2.5,2.5,0-3,False,True,20,23,-3,False,True,7.199999999999999,1.0,4.300000000000001,-0.3000000000000007,Neutral,Neutral,Neutral vs Neutral
0ff4e68cf39cc57ca7cf1276e4a44d2f,2025-11-23 18:00:00+00:00,12,SEA,TEN,-12.5,12.5,7.5+,True,False,30,24,6,False,True,5.5,13.2,-3.3000000000000007,-2.3000000000000007,Neutral,Neutral,Neutral vs Neutral
1036171316ac51350b388c99e000cfc1,2025-10-19 20:25:00+00:00,7,GB,ARI,-7.0,7.0,3.5-7,True,False,27,23,4,False,True,2.1999999999999993,3.3999999999999986,-2.3999999999999986,2.3999999999999986,Neutral,Neutral,Neutral vs Neutral
13bdffda97e8fb13179fe3f2f69d66f8,2025-11-07 01:15:00+00:00,10,LV,DEN,9.0,9.0,7.5+,False,True,7,10,-3,True,False,-6.699999999999999,-7.199999999999999,3.8000000000000007,-0.6999999999999993,Neutral,Neutral,Neutral vs Neutral
186868cc79ce1f5d22075b67ebbc7b64,2025-09-21 20:25:00+00:00,3,DAL,CHI,-1.0,1.0,0-3,True,False,14,31,-17,False,True,-9.399999999999999,4.100000000000001,13.600000000000001,4.899999999999999,Lucky,Neutral,Lucky vs Neutral
1910db6879dddf37e4f86f0bcf1c9547,2025-10-07 00:16:00+00:00,5,KC,JAX,-3.5,3.5,3.5-7,True,False,28,31,-3,False,True,-4.799999999999997,8.3,11.399999999999999,3.3000000000000007,Lucky,Neutral,Lucky vs Neutral
1a8f3d70399a5cad83c95196795ed77b,2025-11-23 18:00:00+00:00,12,NE,CIN,-7.5,7.5,7.5+,True,False,26,20,6,False,True,2.1000000000000014,0.10000000000000142,0.3000000000000007,0.09999999999999964,Neutral,Neutral,Neutral vs Neutral
1e3d3526039030b96471845ade5992cf,2025-10-05 17:01:00+00:00,5,LV,IND,7.0,7.0,3.5-7,False,True,6,40,-34,False,True,-10.100000000000001,13.2,-1.6000000000000014,-0.6000000000000014,Neutral,Neutral,Neutral vs Neutral
1ee9ea2c8256bc6be5dd92e60f6c17de,2025-09-14 17:03:00+00:00,2,CHI,DET,6.5,6.5,3.5-7,False,True,21,52,-31,False,True,4.899999999999999,18.799999999999997,4.100000000000001,-3.0,Neutral,Neutral,Neutral vs Neutral
1fe136913ef0e77717c0f0668163637f,2025-10-05 17:01:00+00:00,5,NYG,NO,2.5,2.5,0-3,False,True,14,26,-12,False,True,-5.899999999999999,2.5,1.8999999999999986,-3.1999999999999993,Neutral,Neutral,Neutral vs Neutral
20b50dac292089c063b21e1410f172ef,2025-09-21 20:26:00+00:00,3,ARI,SF,1.5,1.5,0-3,False,True,15,16,-1,True,False,-2.5,-8.3,9.100000000000001,0.3999999999999986,Lucky,Neutral,Lucky vs Neutral
21f47a328fb2ab65c01360a7a2bd9571,2025-11-09 18:00:00+00:00,10,NO,CAR,5.5,5.5,3.5-7,False,True,17,7,10,True,False,-3.1000000000000014,-6.800000000000001,-2.0,-4.199999999999999,Neutral,Neutral,Neutral vs Neutral
229a5e9ce60dcb344a8cc3c97121154e,2025-11-16 18:00:00+00:00,11,CHI,MIN,3.0,3.0,0-3,False,True,19,17,2,True,False,-4.300000000000001,-4.600000000000001,-3.1000000000000014,-1.6999999999999993,Neutral,Neutral,Neutral vs Neutral
2340a6e0794d5688996dcf8aaf634742,2025-11-02 18:00:00+00:00,9,IND,PIT,-3.0,3.0,0-3,True,False,20,27,-7,False,True,-4.300000000000001,4.699999999999999,11.0,8.8,Lucky,Lucky,Lucky vs Lucky
265f0188945bb81ec64751571eb724cb,2025-11-16 14:34:50+00:00,11,WAS,MIA,-2.25,2.25,0-3,True,False,13,16,-3,False,True,-10.600000000000001,-7.5,1.5,7.800000000000001,Neutral,Lucky,Neutral vs Lucky
2710103fe4fb0170ae03b4e34bde8132,2025-11-09 21:25:00+00:00,10,LAR,SF,-6.0,6.0,3.5-7,True,False,42,26,16,True,False,6.200000000000003,-0.8000000000000007,2.1999999999999993,5.300000000000001,Neutral,Neutral,Neutral vs Neutral
27f50ddbc4c3fbad10398c5187a28dc7,2025-11-23 21:05:00+00:00,12,CLE,LV,3.5,3.5,3.5-7,False,True,24,10,14,True,False,8.0,-2.5,4.199999999999999,-2.3999999999999986,Neutral,Neutral,Neutral vs Neutral
311c411c2d53e36a902763dc7a2ef678,2025-09-21 20:05:00+00:00,3,NO,SEA,7.0,7.0,3.5-7,False,True,13,44,-31,False,True,-9.0,14.2,0.5,5.100000000000001,Neutral,Neutral,Neutral vs Neutral
3127c0dd6ed51a44354af51791bc3e5a,2025-10-19 17:03:00+00:00,7,LV,KC,13.0,13.0,7.5+,False,True,0,31,-31,False,True,0.1,0.3000000000000007,-0.1999999999999993,0.6000000000000014,Neutral,Neutral,Neutral vs Neutral
32ec2bd4ac9e4c40f9f5cbed7e67f837,2025-11-14 01:15:00+00:00,11,NYJ,NE,13.0,13.0,7.5+,False,True,14,27,-13,False,True,-8.5,0.3000000000000007,17.3,5.100000000000001,Lucky,Neutral,Lucky vs Neutral
33e0adf378d2856ffe5f8452e7d5512d,2025-10-13 23:15:00+00:00,6,BUF,ATL,-3.5,3.5,3.5-7,True,False,14,24,-10,False,True,-8.100000000000001,-3.0,-4.300000000000001,7.800000000000001,Neutral,Lucky,Neutral vs Lucky
349d53a4f89591312ea528e81b786474,2025-11-10 01:20:00+00:00,10,PIT,LAC,2.5,2.5,0-3,False,True,10,25,-15,False,True,-4.1,3.0,4.699999999999999,-0.3000000000000007,Neutral,Neutral,Neutral vs Neutral
3536a3e857050d2dd6e2019ceb668f67,2025-10-26 17:03:00+00:00,8,CLE,NE,7.0,7.0,3.5-7,False,True,13,32,-19,False,True,0.1999999999999993,4.899999999999999,14.0,5.0,Lucky,Neutral,Lucky vs Neutral
365a766a3862bc47a5455dc3b097421e,2025-11-30 21:25:00+00:00,13,BUF,PIT,-3.0,3.0,0-3,True,False,26,7,19,True,False,6.699999999999999,-4.199999999999999,0.8999999999999986,2.1000000000000014,Neutral,Neutral,Neutral vs Neutral
36fcf5ca155a5dcd2f7a87fd2a985b02,2025-11-30 18:00:00+00:00,13,SF,CLE,-5.5,5.5,3.5-7,True,False,26,8,18,True,False,9.899999999999999,-10.0,-1.5,8.0,Neutral,Lucky,Neutral vs Lucky
37d09ce5d357536d0e58dd4ba0ab4106,2025-09-15 00:20:00+00:00,2,ATL,MIN,3.0,3.0,0-3,False,True,22,6,16,True,False,0.3999999999999986,-7.9,-2.1999999999999993,6.399999999999999,Neutral,Neutral,Neutral vs Neutral
38366aa83a3eb6cef71a1134c4fceb2c,2025-10-14 00:16:00+00:00,6,CHI,WAS,5.5,5.5,3.5-7,False,True,25,24,1,True,False,-1.1999999999999993,2.8000000000000007,5.199999999999999,-1.0,Neutral,Neutral,Neutral vs Neutral
39e7c1f6e36d5bc4d2613ebf7bb83c10,2025-11-09 18:00:00+00:00,10,NE,TB,2.5,2.5,0-3,False,True,28,23,5,True,False,5.100000000000001,-2.3999999999999986,2.0,7.800000000000001,Neutral,Lucky,Neutral vs Lucky
3b1a97366685a96e6e1940ae56cc4d31,2025-11-09 18:00:00+00:00,10,NYG,CHI,4.5,4.5,3.5-7,False,True,20,24,-4,True,False,-0.5,-3.1000000000000014,0.0,10.5,Neutral,Lucky,Neutral vs Lucky
3be866344dfa050e602a6e69170b3cbe,2025-10-19 20:05:00+00:00,7,NYG,DEN,8.0,8.0,7.5+,False,True,32,33,-1,True,False,10.0,8.7,9.8,-3.1000000000000014,Lucky,Neutral,Lucky vs Neutral
3c10bc18680995136017c3bfd3152334,2025-11-09 18:00:00+00:00,10,BUF,MIA,-8.0,8.0,7.5+,True,False,13,30,-17,False,True,-8.100000000000001,7.800000000000001,-1.1999999999999993,-10.899999999999999,Neutral,Unlucky,Neutral vs Unlucky
3e65786eddd4c7aee9e7f2504f6fdedc,2025-12-02 01:15:00+00:00,13,NYG,NE,7.0,7.0,3.5-7,False,True,15,33,-18,False,True,-2.1999999999999993,11.2,5.0,2.1000000000000014,Neutral,Neutral,Neutral vs Neutral
40c2ebd9ddd5ce8ff5b1ada730bb1785,2025-10-26 20:25:00+00:00,8,DAL,DEN,3.5,3.5,3.5-7,False,True,24,44,-20,False,True,-0.8999999999999986,11.700000000000003,16.0,8.7,Lucky,Lucky,Lucky vs Lucky
42473c1ddf8f424069ff3f264dd8dca4,2025-11-09 14:35:08+00:00,10,ATL,IND,2.5,2.5,0-3,False,True,25,31,-6,False,True,-0.3000000000000007,1.1999999999999993,3.8999999999999986,-4.300000000000001,Neutral,Neutral,Neutral vs Neutral
438868ff90501a1fe9a0fbecbee9dc12,2025-11-11 01:15:00+00:00,10,PHI,GB,1.0,1.0,0-3,False,True,10,7,3,True,False,-2.9000000000000004,-8.9,11.2,-7.800000000000001,Lucky,Unlucky,Lucky vs Unlucky
4553ba763cb3cfcfc33fd62672a2057f,2025-11-23 21:25:00+00:00,12,PHI,DAL,-3.0,3.0,0-3,True,False,21,24,-3,False,True,0.10000000000000142,-1.8000000000000007,-2.0,4.600000000000001,Neutral,Neutral,Neutral vs Neutral
4963bff460a5f26cab46a8e5ea6db148,2025-10-12 20:06:00+00:00,6,TEN,LV,3.5,3.5,3.5-7,False,True,10,20,-10,False,True,-2.0999999999999996,-0.1999999999999993,-3.1000000000000014,-10.100000000000001,Neutral,Unlucky,Neutral vs Unlucky
4a08b89f07a4a395620f6df5c1d239f4,2025-09-26 00:16:00+00:00,4,SEA,ARI,-1.5,1.5,0-3,True,False,23,20,3,True,False,1.3000000000000007,4.199999999999999,14.2,-2.5,Lucky,Neutral,Lucky vs Neutral
4c4ae4a2d54fc3f71c450187e9391ddc,2025-09-21 17:01:00+00:00,3,LAR,PHI,3.5,3.5,3.5-7,False,True,26,33,-7,False,True,1.3999999999999986,11.600000000000001,6.399999999999999,2.1000000000000014,Neutral,Neutral,Neutral vs Neutral
4dd631102a977fd398f7ea594ed208f2,2025-09-28 13:33:00+00:00,4,MIN,PIT,2.75,2.75,0-3,False,True,21,24,-3,False,True,0.6999999999999993,-5.100000000000001,17.3,-0.5,Lucky,Neutral,Lucky vs Neutral
52f539d9d080618aa8830a0b03846a80,2025-11-28 20:00:00+00:00,13,CHI,PHI,7.0,7.0,3.5-7,False,True,24,15,9,True,False,-0.8000000000000007,-5.800000000000001,8.2,0.10000000000000142,Lucky,Neutral,Lucky vs Neutral
535bbe97d4e56494b039ade88459c338,2025-11-23 18:00:00+00:00,12,NYG,DET,13.5,13.5,7.5+,False,True,27,34,-7,True,False,5.0,5.199999999999999,-1.6000000000000014,-6.4,Neutral,Neutral,Neutral vs Neutral
53d4369464c66630f03a5d128cd39b08,2025-10-26 17:03:00+00:00,8,BUF,CAR,-7.0,7.0,3.5-7,True,False,40,9,31,True,False,9.5,-4.300000000000001,-8.100000000000001,-4.600000000000001,Unlucky,Neutral,Unlucky vs Neutral
553edb8bf2452482b37dde58e832a6fb,2025-09-14 17:01:00+00:00,2,CLE,BAL,12.5,12.5,7.5+,False,True,17,41,-24,False,True,4.300000000000001,22.2,-2.5,9.0,Neutral,Lucky,Neutral vs Lucky
5737e4dbf6879c5061bb23033a4d8a55,2025-09-21 17:03:00+00:00,3,ATL,CAR,-4.5,4.5,3.5-7,True,False,0,30,-30,False,True,-13.8,9.5,0.3999999999999986,4.300000000000001,Neutral,Neutral,Neutral vs Neutral
575c1b169aab675ec72372ccb0f4c55f,2025-09-14 17:03:00+00:00,2,NE,MIA,2.5,2.5,0-3,False,True,33,27,6,True,False,11.5,7.100000000000001,-6.899999999999999,-3.0,Neutral,Neutral,Neutral vs Neutral
581955d1b79fe87a3a61a4885cd7ea67,2025-09-21 17:03:00+00:00,3,GB,CLE,-7.5,7.5,7.5+,True,False,10,13,-3,False,True,-4.4,-1.5,-2.1999999999999993,4.300000000000001,Neutral,Neutral,Neutral vs Neutral
591fd7cff37201a14cbdfbd457592445,2025-11-16 18:00:00+00:00,11,LAC,JAX,-3.0,3.0,0-3,True,False,6,35,-29,False,True,-8.7,3.5,3.0,13.2,Neutral,Lucky,Neutral vs Lucky
5c06e82838fcfade9adf1e89b8bd3081,2025-11-16 18:00:00+00:00,11,GB,NYG,-7.5,7.5,7.5+,True,False,27,20,7,False,True,2.8000000000000007,-1.6000000000000014,-8.9,-0.5,Unlucky,Neutral,Unlucky vs Neutral
6031b513e188fc19a2311499566c9258,2025-11-02 18:00:00+00:00,9,CAR,GB,13.0,13.0,7.5+,False,True,16,13,3,True,False,-4.199999999999999,-7.800000000000001,-4.300000000000001,4.300000000000001,Neutral,Neutral,Neutral vs Neutral
6076f9eab496770efc0ab7095b27c122,2025-10-17 00:15:00+00:00,7,PIT,CIN,-5.5,5.5,3.5-7,True,False,31,33,-2,False,True,6.199999999999999,4.100000000000001,4.800000000000001,-6.300000000000001,Neutral,Neutral,Neutral vs Neutral
61531628516decd1ee8116da5f6f9056,2025-11-02 21:25:00+00:00,9,KC,BUF,-2.0,2.0,0-3,True,False,21,28,-7,False,True,-0.10000000000000142,-1.1999999999999993,2.5,9.5,Neutral,Lucky,Neutral vs Lucky
61e1e459b2ddafd43e8808d4f40c01d9,2025-11-30 18:00:00+00:00,13,JAX,TEN,-6.0,6.0,3.5-7,True,False,25,3,22,True,False,2.3000000000000007,-7.6,2.6999999999999993,13.2,Neutral,Lucky,Neutral vs Lucky
6439b16f4a038f1c351dc3f1aef27471,2025-10-24 00:15:00+00:00,8,MIN,LAC,3.5,3.5,3.5-7,False,True,10,37,-27,False,True,-1.0999999999999996,8.8,-1.8999999999999986,1.8999999999999986,Neutral,Neutral,Neutral vs Neutral
677dbbb6ad96fc5f5b36bb20b43139dd,2025-10-31 00:15:00+00:00,9,BAL,MIA,-7.5,7.5,7.5+,True,False,28,6,22,True,False,0.5,-10.899999999999999,7.100000000000001,6.399999999999999,Lucky,Neutral,Lucky vs Neutral
67e51d17848485bed8737bd7043a275a,2025-11-30 18:00:00+00:00,13,LAR,CAR,-10.0,10.0,7.5+,True,False,28,31,-3,False,True,-1.1999999999999993,12.3,3.5,-6.800000000000001,Neutral,Neutral,Neutral vs Neutral
6a8d2daf7f75100d02656bc0217737e8,2025-10-19 17:03:00+00:00,7,PHI,MIN,-2.5,2.5,0-3,True,False,28,22,6,True,False,7.5,-1.8999999999999986,-4.100000000000001,-5.5,Neutral,Neutral,Neutral vs Neutral
6d209e0e637f3b116ec958e0634f2a02,2025-11-17 01:20:00+00:00,11,DET,PHI,2.5,2.5,0-3,False,True,9,16,-7,False,True,-6.4,-2.0,10.700000000000003,-2.9000000000000004,Lucky,Neutral,Lucky vs Neutral
6dd3b8a705ed0db85d59fa19b9062cc8,2025-11-02 18:00:00+00:00,9,ATL,NE,5.0,5.0,3.5-7,False,True,23,24,-1,True,False,3.8999999999999986,2.0,-3.4000000000000004,4.899999999999999,Neutral,Neutral,Neutral vs Neutral
6e206c7bc9379b07d27298a393305384,2025-10-05 13:31:00+00:00,5,MIN,CLE,-3.5,3.5,3.5-7,True,False,21,17,4,True,False,-5.5,-2.1999999999999993,0.6999999999999993,-4.4,Neutral,Neutral,Neutral vs Neutral
6e67ddae4bb01d1c2d3f461ee62d2666,2025-09-23 00:15:00+00:00,3,DET,BAL,4.5,4.5,3.5-7,False,True,38,30,8,True,False,4.600000000000001,6.0,18.799999999999997,22.2,Lucky,Lucky,Lucky vs Lucky
6eb8eeff6a052455649ddd2a50e0a188,2025-10-05 17:01:00+00:00,5,HOU,BAL,-2.5,2.5,0-3,True,False,44,10,34,True,False,9.100000000000001,-6.0,6.800000000000001,1.3999999999999986,Neutral,Neutral,Neutral vs Neutral
6f5a22a3ca33478094cef1e9212ba0fc,2025-10-05 20:06:00+00:00,5,TB,SEA,3.5,3.5,3.5-7,False,True,38,35,3,True,False,10.8,4.300000000000001,4.399999999999999,1.3000000000000007,Neutral,Neutral,Neutral vs Neutral
6f956074c4df48e7b07a3286a6c6ed2a,2025-11-30 21:05:00+00:00,13,MIN,SEA,12.0,12.0,7.5+,False,True,0,26,-26,False,True,-6.4,5.300000000000001,-5.5,5.5,Neutral,Neutral,Neutral vs Neutral
7147476b5d96c0ee874b838de3910ee3,2025-11-16 18:00:00+00:00,11,CIN,PIT,5.5,5.5,3.5-7,False,True,12,34,-22,False,True,0.09999999999999964,11.100000000000001,14.2,-4.1,Lucky,Neutral,Lucky vs Neutral
7159d60c7a31c7d593167637723d7663,2025-11-23 18:00:00+00:00,12,NYJ,BAL,13.5,13.5,7.5+,False,True,10,23,-13,True,False,-6.600000000000001,5.0,-8.5,1.0,Unlucky,Neutral,Unlucky vs Neutral
72e2ce6652bbb3901f60b38bec05bf5f,2025-11-02 18:00:00+00:00,9,DEN,HOU,2.0,2.0,0-3,False,True,18,15,3,True,False,-0.6999999999999993,-0.5999999999999996,11.700000000000003,0.0,Lucky,Neutral,Lucky vs Neutral
740b843794cc89176c4ffe38b66d30d9,2025-11-09 21:05:00+00:00,10,ARI,SEA,7.0,7.0,3.5-7,False,True,22,44,-22,False,True,1.6999999999999993,13.3,4.600000000000001,2.799999999999997,Neutral,Neutral,Neutral vs Neutral
76ac5a8d2c8679ae6ea8861114791bd8,2025-11-30 21:25:00+00:00,13,LV,LAC,10.0,10.0,7.5+,False,True,14,31,-17,False,True,-5.5,12.7,-2.5,-8.7,Neutral,Unlucky,Neutral vs Unlucky
79c4e9f40e2647dc2a7b377cf61c48cd,2025-10-05 20:26:00+00:00,5,WAS,LAC,3.0,3.0,0-3,False,True,27,10,17,True,False,-1.0,-2.6999999999999993,4.0,-1.0,Neutral,Neutral,Neutral vs Neutral
79de65f1b97c9145ebdcb019eb486500,2025-10-19 13:32:42+00:00,7,LAR,JAX,-3.0,3.0,0-3,True,False,35,7,28,True,False,9.0,-10.8,-6.199999999999999,-6.100000000000001,Neutral,Neutral,Neutral vs Neutral
7b2ded52498efcf97a08ef10ee99b0f3,2025-10-20 00:20:00+00:00,7,ATL,SF,1.0,1.0,0-3,False,True,10,20,-10,False,True,-8.100000000000001,-3.6999999999999993,-3.0,-2.0,Neutral,Neutral,Neutral vs Neutral
7ca953ab786f70b22cabbe4946d330fa,2025-10-21 02:00:00+00:00,7,HOU,SEA,3.0,3.0,0-3,False,True,19,27,-8,False,True,-0.5,3.6999999999999993,9.100000000000001,-1.6000000000000014,Lucky,Neutral,Lucky vs Neutral
7d9a04f411031528d9c1d2df7b9a0453,2025-09-15 23:01:00+00:00,2,TB,HOU,2.5,2.5,0-3,False,True,20,19,1,True,False,-7.399999999999999,0.10000000000000142,3.1999999999999993,-3.8000000000000007,Neutral,Neutral,Neutral vs Neutral
7e2ad5ef04493526707e0868f7b70c47,2025-09-14 20:05:00+00:00,2,CAR,ARI,7.0,7.0,3.5-7,False,True,22,27,-5,True,False,4.300000000000001,9.100000000000001,-3.4000000000000004,1.5,Neutral,Neutral,Neutral vs Neutral
7e3361e84d5223a8d210a887b249f247,2025-10-28 00:15:00+00:00,8,WAS,KC,11.0,11.0,7.5+,False,True,7,28,-21,False,True,-9.2,2.5,-1.8999999999999986,0.3000000000000007,Neutral,Neutral,Neutral vs Neutral
80d04ba917883a6438580ebae9fb0f22,2025-11-18 01:15:00+00:00,11,DAL,LV,-3.5,3.5,3.5-7,True,False,33,16,17,True,False,4.600000000000001,-2.3999999999999986,0.8999999999999986,-6.699999999999999,Neutral,Neutral,Neutral vs Neutral
82e432d5d8bc0b5a6cbe0c324de90de3,2025-10-13 00:20:00+00:00,6,DET,KC,2.5,2.5,0-3,False,True,17,30,-13,False,True,-8.2,0.6000000000000014,5.300000000000001,-4.799999999999997,Neutral,Neutral,Neutral vs Neutral
82f9fd7001598d5cf9c1bdd57c66cae4,2025-09-14 17:01:00+00:00,2,SEA,PIT,3.5,3.5,3.5-7,False,True,31,17,14,True,False,5.100000000000001,0.3000000000000007,-8.899999999999999,12.0,Unlucky,Lucky,Unlucky vs Lucky
844b89333f293f055f8e0c147fb9fec5,2025-11-09 18:00:00+00:00,10,CLE,NYJ,-2.0,2.0,0-3,True,False,20,27,-7,False,True,5.4,17.3,0.1999999999999993,6.100000000000001,Neutral,Neutral,Neutral vs Neutral
85c9b76cd6bd575b611cb4e8feb7a0b0,2025-09-28 17:01:00+00:00,4,TEN,HOU,7.5,7.5,7.5+,False,True,0,26,-26,False,True,-12.0,6.800000000000001,4.199999999999999,-7.199999999999999,Neutral,Unlucky,Neutral vs Unlucky
866d7405986fb4d14897cdb6c0aa5926,2025-09-14 17:01:00+00:00,2,SF,NO,-3.0,3.0,0-3,True,False,26,21,5,True,False,0.3999999999999986,0.5,-9.2,-7.300000000000001,Unlucky,Unlucky,Unlucky vs Unlucky
88187a33b007c088d75c6cd14c83086c,2025-10-26 20:25:00+00:00,8,TEN,IND,15.0,15.0,7.5+,False,True,14,38,-24,False,True,-6.399999999999999,11.0,-0.5999999999999996,9.100000000000001,Neutral,Lucky,Neutral vs Lucky
883a79a306b312fad75ebf04b441b4da,2025-11-28 01:20:00+00:00,13,CIN,BAL,7.5,7.5,7.5+,False,True,32,14,18,True,False,7.600000000000001,-3.6000000000000014,0.10000000000000142,5.0,Neutral,Neutral,Neutral vs Neutral
894976986c24d52cf1d45f0e6bb0e90c,2025-09-28 17:01:00+00:00,4,PHI,TB,-3.5,3.5,3.5-7,True,False,31,25,6,True,False,8.0,4.399999999999999,11.600000000000001,12.8,Lucky,Lucky,Lucky vs Lucky
8b39d8dc550ced94f9faa91878ebf6b6,2025-11-23 18:00:00+00:00,12,IND,KC,3.5,3.5,3.5-7,False,True,20,23,-3,True,False,2.5,-1.6000000000000014,1.1999999999999993,-2.8000000000000007,Neutral,Neutral,Neutral vs Neutral
8c2d6a56aa63f42227f18a18fc3d2146,2025-11-23 21:25:00+00:00,12,ATL,NO,1.5,1.5,0-3,False,True,24,10,14,True,False,2.6999999999999993,-6.199999999999999,-2.1000000000000014,-3.1000000000000014,Neutral,Neutral,Neutral vs Neutral
8dcb2a6bf542ccb7e6bc58f83c8fc2ac,2025-09-30 00:16:00+00:00,4,CIN,DEN,7.5,7.5,7.5+,False,True,3,28,-25,False,True,-12.6,1.3000000000000007,2.4000000000000004,7.199999999999999,Neutral,Lucky,Neutral vs Lucky
8f06a4b503cc7309cb0df4a8b67f9930,2025-10-19 17:03:00+00:00,7,NO,CHI,3.5,3.5,3.5-7,False,True,14,26,-12,False,True,-3.1000000000000014,4.300000000000001,-1.1999999999999993,-1.1999999999999993,Neutral,Neutral,Neutral vs Neutral
8fa3fd86eaa7b432469d43b84904e1dc,2025-10-05 20:06:00+00:00,5,TEN,ARI,7.5,7.5,7.5+,False,True,22,21,1,True,False,-3.1000000000000014,1.3999999999999986,-12.0,4.199999999999999,Unlucky,Neutral,Unlucky vs Neutral
90391be251d876bb41d36978a43c7ac2,2025-11-25 01:15:00+00:00,12,CAR,SF,7.5,7.5,7.5+,False,True,9,20,-11,False,True,-6.800000000000001,-1.5,6.800000000000001,10.7,Neutral,Lucky,Neutral vs Lucky
91019a528f43cd28965fdc68a3f3ef85,2025-11-23 18:00:00+00:00,12,MIN,GB,6.5,6.5,3.5-7,False,True,6,23,-17,False,True,-5.5,-2.1000000000000014,-4.600000000000001,2.8000000000000007,Neutral,Neutral,Neutral vs Neutral
91630b9c62640117918fa30d2a62d2db,2025-11-16 21:05:00+00:00,11,SF,ARI,-3.5,3.5,3.5-7,True,False,41,22,19,True,False,10.7,1.1000000000000014,-0.8000000000000007,1.6999999999999993,Neutral,Neutral,Neutral vs Neutral
93365f943b3aa23705bc9e1c7b47d7f8,2025-11-09 21:25:00+00:00,10,DET,WAS,-8.0,8.0,7.5+,True,False,44,22,22,True,False,10.700000000000003,1.5,6.100000000000001,-4.100000000000001,Neutral,Neutral,Neutral vs Neutral
96377d2fb55e3cef733cecccdecaed5f,2025-11-16 18:00:00+00:00,11,TB,BUF,6.0,6.0,3.5-7,False,True,32,44,-12,False,True,6.5,14.8,-2.3999999999999986,-8.100000000000001,Neutral,Unlucky,Neutral vs Unlucky
96ce7785b0980b03282c7e10d4c58d4a,2025-11-16 21:25:00+00:00,11,KC,DEN,-4.5,4.5,3.5-7,True,False,19,22,-3,False,True,-2.8000000000000007,0.6999999999999993,-0.10000000000000142,-7.199999999999999,Neutral,Unlucky,Neutral vs Unlucky
97de7672b61dbddbce982711c121e76d,2025-09-21 17:03:00+00:00,3,HOU,JAX,1.5,1.5,0-3,False,True,10,17,-7,False,True,-7.199999999999999,-4.0,0.10000000000000142,-0.8000000000000007,Neutral,Neutral,Neutral vs Neutral
9900b89c4776c5b47dd26ca4c755edf9,2025-11-09 18:00:00+00:00,10,BAL,MIN,-4.5,4.5,3.5-7,True,False,27,19,8,True,False,-0.6000000000000014,-1.6999999999999993,0.5,7.0,Neutral,Lucky,Neutral vs Lucky
9c040de8f1dfc3ddee20e0d65c9402de,2025-12-01 01:20:00+00:00,13,DEN,WAS,-6.0,6.0,3.5-7,True,False,27,26,1,False,True,3.0,4.600000000000001,0.6999999999999993,-10.600000000000001,Neutral,Unlucky,Neutral vs Unlucky
9c1f73e48ca9750f6e7d5d64874057c2,2025-10-26 17:00:00+00:00,8,NYJ,CIN,5.5,5.5,3.5-7,False,True,39,38,1,True,False,6.100000000000001,5.399999999999999,-6.0,4.100000000000001,Neutral,Neutral,Neutral vs Neutral
9da608f5bdae527b280abd61e47a110b,2025-11-30 18:00:00+00:00,13,ATL,NYJ,-3.0,3.0,0-3,True,False,24,27,-3,False,True,-6.5,3.6000000000000014,2.6999999999999993,-6.600000000000001,Neutral,Neutral,Neutral vs Neutral
9dbf94f23521c7cae7fd89b2d33fc3bd,2025-11-09 18:00:00+00:00,10,JAX,HOU,0.5,0.5,0-3,False,True,29,36,-7,False,True,13.2,11.2,4.300000000000001,-0.5999999999999996,Neutral,Neutral,Neutral vs Neutral
9e705d669039f2ca8364f408b7792a8a,2025-10-12 20:26:00+00:00,6,SF,TB,3.5,3.5,3.5-7,False,True,19,30,-11,False,True,-2.0,3.1999999999999993,-0.8999999999999986,10.8,Neutral,Lucky,Neutral vs Lucky
9e7119f5a24471c39145663b84f100b2,2025-11-24 01:20:00+00:00,12,TB,LAR,7.0,7.0,3.5-7,False,True,7,34,-27,False,True,-4.6,3.5,6.5,3.8999999999999986,Neutral,Neutral,Neutral vs Neutral
a061e80d1f50eab193b34d19f8e59f62,2025-10-26 17:03:00+00:00,8,CHI,BAL,2.5,2.5,0-3,False,True,16,30,-14,False,True,-4.899999999999999,7.100000000000001,4.300000000000001,-12.4,Neutral,Unlucky,Neutral vs Unlucky
a0ad5501e9d1d2ee9f61d9f293374f17,2025-10-19 20:05:00+00:00,7,IND,LAC,2.0,2.0,0-3,False,True,38,24,14,True,False,9.100000000000001,1.8999999999999986,3.8999999999999986,6.399999999999999,Neutral,Neutral,Neutral vs Neutral
a11bbccb332241029ebaeb519b93b776,2025-10-12 17:01:00+00:00,6,CLE,PIT,6.5,6.5,3.5-7,False,True,9,23,-14,False,True,-5.699999999999999,4.800000000000001,-2.1999999999999993,-5.100000000000001,Neutral,Neutral,Neutral vs Neutral
a7211a87bbd5fb2ee473eb9c93ee2e68,2025-10-12 17:01:00+00:00,6,LAC,MIA,-3.5,3.5,3.5-7,True,False,29,27,2,False,True,6.399999999999999,5.899999999999999,-2.6999999999999993,5.800000000000001,Neutral,Neutral,Neutral vs Neutral
a788e7cebff4b5fe10034710090e4529,2025-11-02 18:00:00+00:00,9,SF,NYG,-2.5,2.5,0-3,True,False,34,24,10,True,False,5.300000000000001,0.0,-3.1999999999999993,4.199999999999999,Neutral,Neutral,Neutral vs Neutral
a8dd9bb0681692540d067bd0e9e66989,2025-10-26 20:05:00+00:00,8,TB,NO,-3.5,3.5,3.5-7,True,False,23,3,20,True,False,7.800000000000001,-8.1,-7.899999999999999,-3.1000000000000014,Unlucky,Neutral,Unlucky vs Neutral
a8ebe01e05675c109b53a97f653f8653,2025-10-26 17:03:00+00:00,8,NYG,PHI,7.0,7.0,3.5-7,False,True,20,38,-18,False,True,4.199999999999999,11.2,10.0,7.5,Lucky,Lucky,Lucky vs Lucky
abc4104a9ac597ce37d703613256fd6c,2025-10-26 17:03:00+00:00,8,SF,HOU,3.0,3.0,0-3,False,True,15,26,-11,False,True,-3.1999999999999993,0.0,-3.6999999999999993,-0.5,Neutral,Neutral,Neutral vs Neutral
ac02b1b59aa0623845378a02bc530c68,2025-10-26 17:00:00+00:00,8,MIA,ATL,7.0,7.0,3.5-7,False,True,34,10,24,True,False,6.399999999999999,-3.4000000000000004,-2.3000000000000007,-8.100000000000001,Neutral,Unlucky,Neutral vs Unlucky
aca5234c57e31b1931e51d2d0d6046f5,2025-09-19 00:15:00+00:00,3,MIA,BUF,11.5,11.5,7.5+,False,True,21,31,-10,True,False,3.6999999999999993,3.1999999999999993,7.100000000000001,4.300000000000001,Lucky,Neutral,Lucky vs Neutral
af6fbb0a2e996613bc393115276c60e2,2025-09-28 20:26:00+00:00,4,CHI,LV,1.5,1.5,0-3,False,True,25,24,1,True,False,5.199999999999999,-1.6000000000000014,4.100000000000001,10.9,Neutral,Lucky,Neutral vs Lucky
b08df670a95f1809707b335dc75081c6,2025-11-02 21:05:00+00:00,9,NO,LAR,14.0,14.0,7.5+,False,True,10,34,-24,False,True,-2.0,2.1999999999999993,-8.1,9.0,Unlucky,Lucky,Unlucky vs Lucky
b235bc78609644cb28492cc1d6ad69fd,2025-10-12 17:01:00+00:00,6,LAR,BAL,-7.0,7.0,3.5-7,True,False,17,3,14,True,False,-6.199999999999999,-12.4,-9.0,-6.0,Unlucky,Neutral,Unlucky vs Neutral
b60025aea576e2e89ef7bc7303f847ec,2025-11-02 18:00:00+00:00,9,LAC,TEN,-10.0,10.0,7.5+,True,False,27,20,7,False,True,-0.3000000000000007,8.4,8.8,-6.399999999999999,Lucky,Neutral,Lucky vs Neutral
b7934d72587b62de0f563ac9acbaa770,2025-09-28 17:01:00+00:00,4,WAS,ATL,2.5,2.5,0-3,False,True,27,34,-7,False,True,4.0,7.800000000000001,12.899999999999999,-13.8,Lucky,Unlucky,Lucky vs Unlucky
b808059d3ccc754ace4a3d23b58e47e8,2025-10-20 23:00:00+00:00,7,TB,DET,6.0,6.0,3.5-7,False,True,9,24,-15,False,True,-7.899999999999999,1.1000000000000014,3.1999999999999993,-8.2,Neutral,Unlucky,Neutral vs Unlucky
ba4e8bfa1f4eeaa74c7b09f409361c0d,2025-10-19 17:03:00+00:00,7,CAR,NYJ,1.0,1.0,0-3,False,True,13,6,7,True,False,-4.600000000000001,-6.0,1.3000000000000007,3.0999999999999996,Neutral,Neutral,Neutral vs Neutral
ba826e757d625a676452b8d3d6971bb0,2025-10-06 00:21:00+00:00,5,NE,BUF,8.0,8.0,7.5+,False,True,23,20,3,True,False,0.5,-4.300000000000001,17.6,7.100000000000001,Lucky,Lucky,Lucky vs Lucky
bb506016737825f4d0b1f9862f95c246,2025-09-21 17:01:00+00:00,3,IND,TEN,-6.0,6.0,3.5-7,True,False,41,20,21,True,False,10.8,4.199999999999999,4.0,4.699999999999999,Neutral,Neutral,Neutral vs Neutral
bbec8d71145954cff67915c9b006bb6e,2025-09-14 20:25:00+00:00,2,PHI,KC,-1.0,1.0,0-3,True,False,20,17,3,True,False,2.1000000000000014,-0.10000000000000142,0.6999999999999993,1.3999999999999986,Neutral,Neutral,Neutral vs Neutral
bc4f9a719baf61261befad75f4bdb539,2025-10-05 17:01:00+00:00,5,DEN,PHI,4.0,4.0,3.5-7,False,True,21,17,4,True,False,-5.300000000000001,-2.8000000000000007,1.3000000000000007,8.0,Neutral,Lucky,Neutral vs Lucky
bc76fb8d846588ed46297aaab4e83de9,2025-09-29 23:16:00+00:00,4,NYJ,MIA,2.5,2.5,0-3,False,True,21,27,-6,False,True,-5.399999999999999,7.5,6.800000000000001,3.6999999999999993,Neutral,Neutral,Neutral vs Neutral
bcb1f89cf378a586097c50585e53acce,2025-09-28 17:03:00+00:00,4,CLE,DET,10.0,10.0,7.5+,False,True,10,34,-24,False,True,-4.4,12.399999999999999,-1.5,4.600000000000001,Neutral,Neutral,Neutral vs Neutral
bebae12f59f19bd877df7ac3cab05263,2025-09-16 02:00:00+00:00,2,LAC,LV,-3.5,3.5,3.5-7,True,False,20,9,11,True,False,-0.3000000000000007,-2.5,0.5,-4.100000000000001,Neutral,Neutral,Neutral vs Neutral
c0d324e29ce58b36bdc77564f7aae56f,2025-11-30 18:00:00+00:00,13,ARI,TB,3.5,3.5,3.5-7,False,True,17,20,-3,True,False,-13.3,-1.1000000000000014,0.8999999999999986,-4.6,Neutral,Neutral,Neutral vs Neutral
c2fd8a23091a954fb21ff6d3537db826,2025-11-03 01:20:00+00:00,9,SEA,WAS,-3.0,3.0,0-3,True,False,38,14,24,True,False,2.799999999999997,-4.100000000000001,3.6999999999999993,-9.2,Neutral,Unlucky,Neutral vs Unlucky
c4b72eabb3d557e73022ec730d8e3944,2025-10-03 00:16:00+00:00,5,SF,LAR,8.5,8.5,7.5+,False,True,26,23,3,True,False,-0.8999999999999986,-9.0,-1.8999999999999986,-0.8999999999999986,Neutral,Neutral,Neutral vs Neutral
c4c42918a645b1a4773f47d7eaa5cfcf,2025-09-21 17:03:00+00:00,3,PIT,NE,-1.0,1.0,0-3,True,False,21,14,7,True,False,-0.5,-8.7,0.3000000000000007,11.5,Neutral,Lucky,Neutral vs Lucky
c8913b70b63ae247f23a4e1dec08c668,2025-11-23 18:00:00+00:00,12,PIT,CHI,3.0,3.0,0-3,False,True,28,31,-3,False,True,2.1000000000000014,8.2,11.100000000000001,-4.300000000000001,Lucky,Neutral,Lucky vs Neutral
cc60225b5a907bd9ba7c27c23131fc5c,2025-11-16 21:25:00+00:00,11,BAL,CLE,-7.5,7.5,7.5+,True,False,23,16,7,False,True,1.0,4.199999999999999,-0.6000000000000014,5.4,Neutral,Neutral,Neutral vs Neutral
cd0fd9335b5182d3bfed35ab8d5ab6fb,2025-09-14 17:01:00+00:00,2,BUF,NYJ,-5.5,5.5,3.5-7,True,False,30,10,20,True,False,4.300000000000001,-1.1999999999999993,12.2,5.199999999999999,Lucky,Neutral,Lucky vs Neutral
cd2e0964817c30ad3f5144ea49b55f2b,2025-11-21 01:15:00+00:00,12,BUF,HOU,-5.5,5.5,3.5-7,True,False,19,23,-4,False,True,0.8999999999999986,2.3999999999999986,14.8,-4.600000000000001,Lucky,Neutral,Lucky vs Neutral
cf95657d78ab3e515203df1d19c3b0c2,2025-11-02 18:00:00+00:00,9,MIN,DET,9.5,9.5,7.5+,False,True,27,24,3,True,False,7.0,6.100000000000001,-1.0999999999999996,1.1000000000000014,Neutral,Neutral,Neutral vs Neutral
d0bf341e7959d69b55f1a8ff09065234,2025-11-02 21:05:00+00:00,9,JAX,LV,-2.5,2.5,0-3,True,False,30,29,1,False,True,4.300000000000001,3.8000000000000007,-10.8,0.1,Unlucky,Neutral,Unlucky vs Neutral
d16a43752aaac66e9ff8768d8590b662,2025-09-28 17:01:00+00:00,4,NO,BUF,14.5,14.5,7.5+,False,True,19,31,-12,True,False,-3.1999999999999993,7.100000000000001,-9.0,3.1999999999999993,Unlucky,Neutral,Unlucky vs Neutral
d90e0de2d5fa2d57e8812f31775ad0ba,2025-09-28 20:06:00+00:00,4,IND,LAR,3.5,3.5,3.5-7,False,True,20,27,-7,False,True,-0.6000000000000014,-0.8999999999999986,10.8,1.3999999999999986,Lucky,Neutral,Lucky vs Neutral
d921b1e86b0a30ad91000ffc360d302d,2025-09-28 17:03:00+00:00,4,LAC,NYG,-6.0,6.0,3.5-7,True,False,18,21,-3,False,True,-1.0,1.8999999999999986,1.0,-9.399999999999999,Neutral,Unlucky,Neutral vs Unlucky
dd3a14fa1529e79bd338a7bfd71d5b3a,2025-10-12 17:01:00+00:00,6,DAL,CAR,-3.0,3.0,0-3,True,False,27,30,-3,False,True,7.300000000000001,1.3000000000000007,10.2,4.0,Lucky,Neutral,Lucky vs Neutral
de432abcc3bd8d42a582ae9f71388dcd,2025-09-29 00:21:00+00:00,4,GB,DAL,-6.5,6.5,3.5-7,True,False,40,40,0,False,True,9.7,9.899999999999999,-4.4,-9.399999999999999,Neutral,Unlucky,Neutral vs Unlucky
de53b8a594fe830c5fd56484705cd756,2025-11-27 21:30:00+00:00,13,KC,DAL,-3.5,3.5,3.5-7,True,False,28,31,-3,False,True,8.2,5.899999999999999,-1.6000000000000014,-1.8000000000000007,Neutral,Neutral,Neutral vs Neutral
df7e32f3c6cfaaa66de560906faabe32,2025-10-05 17:01:00+00:00,5,DAL,NYJ,1.5,1.5,0-3,False,True,37,22,15,True,False,10.2,2.3000000000000007,9.899999999999999,-5.399999999999999,Lucky,Neutral,Lucky vs Neutral
dfa87b0532de1389297103c2e3195347,2025-10-12 17:01:00+00:00,6,ARI,IND,9.0,9.0,7.5+,False,True,27,31,-4,True,False,2.3999999999999986,3.8999999999999986,1.3999999999999986,13.2,Neutral,Lucky,Neutral vs Lucky
e10fe83ee6178a598e7fa84ea0913366,2025-10-10 00:15:00+00:00,6,PHI,NYG,-7.5,7.5,7.5+,True,False,17,34,-17,False,True,-4.100000000000001,9.8,-2.8000000000000007,-5.899999999999999,Neutral,Neutral,Neutral vs Neutral
e217b38ef8bc6e98d3512cb42b90782e,2025-09-14 20:06:00+00:00,2,DEN,IND,-1.0,1.0,0-3,True,False,28,29,-1,False,True,4.300000000000001,4.0,-1.8000000000000007,9.0,Neutral,Lucky,Neutral vs Lucky
e32e0030899c06fdf2c74745ca27d85a,2025-11-23 21:05:00+00:00,12,JAX,ARI,-2.5,2.5,0-3,True,False,27,24,3,True,False,2.6999999999999993,0.8999999999999986,3.5,1.1000000000000014,Neutral,Neutral,Neutral vs Neutral
e34812ee7fbf13bd75e4298bccfbdd10,2025-10-12 13:30:00+00:00,6,DEN,NYJ,-7.0,7.0,3.5-7,True,False,13,11,2,False,True,-3.1000000000000014,3.0999999999999996,-5.300000000000001,2.3000000000000007,Neutral,Neutral,Neutral vs Neutral
e3c9bfba57bbe784481d881ea3b4519d,2025-11-30 18:00:00+00:00,13,NO,MIA,5.5,5.5,3.5-7,False,True,17,21,-4,True,False,-3.3000000000000007,0.10000000000000142,-6.199999999999999,-7.5,Neutral,Unlucky,Neutral vs Unlucky
e5dd1fed586cfc0ec2d7c06f2a02c37a,2025-10-12 17:03:00+00:00,6,SEA,JAX,-1.0,1.0,0-3,True,False,20,12,8,True,False,-1.6000000000000014,-6.100000000000001,4.300000000000001,8.3,Neutral,Lucky,Neutral vs Lucky
e926e654cedeb65fcfcc389a5158ef4e,2025-11-16 21:05:00+00:00,11,SEA,LAR,3.25,3.25,3.5-7,False,True,19,21,-2,True,False,-3.3000000000000007,3.8999999999999986,13.3,6.200000000000003,Lucky,Neutral,Lucky vs Neutral
e9de9c4390a28a90f437760050b23531,2025-10-05 20:26:00+00:00,5,DET,CIN,-10.0,10.0,7.5+,True,False,37,24,13,True,False,5.300000000000001,6.899999999999999,12.399999999999999,-12.6,Lucky,Unlucky,Lucky vs Unlucky
ec75e45d75691f810f347e0c5ff25d6e,2025-09-14 17:03:00+00:00,2,JAX,CIN,3.5,3.5,3.5-7,False,True,27,31,-4,False,True,-0.8000000000000007,8.0,1.5,-1.1000000000000014,Neutral,Neutral,Neutral vs Neutral
ee840f13db8bd150fcdd8f6670fa7041,2025-09-22 00:21:00+00:00,3,KC,NYG,-6.0,6.0,3.5-7,True,False,22,9,13,True,False,-3.0,-9.399999999999999,-0.10000000000000142,11.399999999999999,Neutral,Lucky,Neutral vs Lucky
eefb7f130c8fc2c129e296fe5c6ba3e3,2025-09-21 17:03:00+00:00,3,CIN,MIN,3.0,3.0,0-3,False,True,10,48,-38,False,True,2.4000000000000004,17.3,8.0,-7.9,Lucky,Unlucky,Lucky vs Unlucky
f0336c9a3749716250afba387d157377,2025-10-19 17:03:00+00:00,7,MIA,CLE,2.5,2.5,0-3,False,True,6,31,-25,False,True,-2.3000000000000007,14.0,5.899999999999999,-5.699999999999999,Neutral,Neutral,Neutral vs Neutral
f2c642e1f95555424b9a9a4f03733b42,2025-10-12 17:03:00+00:00,6,NE,NO,-3.5,3.5,3.5-7,True,False,25,19,6,True,False,3.8000000000000007,-1.1999999999999993,0.5,2.5,Neutral,Neutral,Neutral vs Neutral
f3dfb574e0a542375a480534525ee6cf,2025-11-04 01:15:00+00:00,9,ARI,DAL,3.0,3.0,0-3,False,True,27,17,10,True,False,4.600000000000001,0.8999999999999986,3.3999999999999986,-0.8999999999999986,Neutral,Neutral,Neutral vs Neutral
f7fa9341eeffb08f7e6e769398cd32e2,2025-10-19 17:03:00+00:00,7,NE,TEN,-6.5,6.5,3.5-7,True,False,31,13,18,True,False,5.0,-0.5999999999999996,3.8000000000000007,-2.0999999999999996,Neutral,Neutral,Neutral vs Neutral
f8fe40924827231233dc10f6999d8ff7,2025-09-28 17:03:00+00:00,4,CAR,NE,5.5,5.5,3.5-7,False,True,13,42,-29,False,True,-9.899999999999999,17.6,9.5,-8.7,Lucky,Unlucky,Lucky vs Unlucky
fa46c661007f5f0cbbf6abf939ac9d51,2025-11-30 18:00:00+00:00,13,HOU,IND,3.0,3.0,0-3,False,True,20,16,4,True,False,0.0,0.5999999999999996,2.3999999999999986,2.5,Neutral,Neutral,Neutral vs Neutral
fb900eef07307ebf5c1930341ecd852a,2025-10-27 00:20:00+00:00,8,GB,PIT,-3.0,3.0,0-3,True,False,35,25,10,True,False,4.300000000000001,8.8,2.1999999999999993,6.199999999999999,Neutral,Neutral,Neutral vs Neutral
fd2f29289d6437a7c07d4780c5f04936,2025-11-16 18:00:00+00:00,11,HOU,TEN,-5.5,5.5,3.5-7,True,False,16,13,3,False,True,-4.600000000000001,-2.3000000000000007,11.2,8.4,Lucky,Lucky,Lucky vs Lucky
fe2eb07797580740af78037ab498198e,2025-11-27 18:00:00+00:00,13,GB,DET,3.0,3.0,0-3,False,True,31,24,7,True,False,6.399999999999999,6.300000000000001,-2.1000000000000014,5.199999999999999,Neutral,Neutral,Neutral vs Neutral
ff0c1ce30d562926ce40fc9bbaa2b7b1,2025-10-19 20:25:00+00:00,7,WAS,DAL,1.5,1.5,0-3,False,True,22,44,-22,False,True,-1.8999999999999986,16.0,2.8000000000000007,7.300000000000001,Neutral,Lucky,Neutral vs Lucky
ff8222149317a63ffe50fcda777d14c0,2025-10-05 17:01:00+00:00,5,MIA,CAR,-1.0,1.0,0-3,True,False,24,27,-3,False,True,5.800000000000001,4.0,7.5,-9.899999999999999,Lucky,Unlucky,Lucky vs Unlucky
