game_id,game_time,week,season,away_team,away_abbr,home_team,home_abbr,consensus_spread,best_spread_away,spread_std,num_books,away_score,home_score,actual_margin,away_adj_score,home_adj_score,away_score_diff,home_score_diff,away_covered,home_covered,cover_margin
016f76d8237e8d4eb62b9c2ef68381bb,2025-11-02 18:00:00+00:00,9,2025,Chicago Bears,CHI,Cincinnati Bengals,CIN,-3.0,-2.5,0.20225995873897262,11,47,42,5,36.5,27.8,10.5,14.2,True,False,2.0
02522f48a7b7e7524881c1b1638cd94d,2025-09-21 17:03:00+00:00,3,2025,New York Jets,NYJ,Tampa Bay Buccaneers,TB,6.5,6.5,0.2522624895547565,11,27,29,-2,20.2,16.2,6.800000000000001,12.8,True,False,4.5
03a5eed2c8ef5d1c8a48866ea4b0d63a,2025-09-21 17:03:00+00:00,3,2025,Las Vegas Raiders,LV,Washington Commanders,WAS,3.0,3.0,0.15075567228888181,11,24,41,-17,13.1,28.1,10.9,12.899999999999999,False,True,-14.0
051233db287b02fd3e7574955879ece2,2025-09-28 20:25:00+00:00,4,2025,Baltimore Ravens,BAL,Kansas City Chiefs,KC,-2.5,-2.5,0.2335496832484569,11,20,37,-17,18.6,25.6,1.3999999999999986,11.399999999999999,False,True,-19.5
05a5b084f4e19535b2d3f91ef5c00169,2025-09-14 17:03:00+00:00,2,2025,New York Giants,NYG,Dallas Cowboys,DAL,5.0,5.5,0.37537859676477414,11,37,40,-3,25.6,26.4,11.399999999999999,13.600000000000001,True,False,2.0
09f55b4a19a83eb951a9400a11123477,2025-09-28 20:06:00+00:00,4,2025,Jacksonville Jaguars,JAX,San Francisco 49ers,SF,3.0,3.5,0.2522624895547565,11,26,21,5,22.7,22.9,3.3000000000000007,-1.8999999999999986,True,False,8.0
0ae85bbc3711ad0cb94475a40e2364f0,2025-11-16 18:00:00+00:00,3,2025,Carolina Panthers,CAR,Atlanta Falcons,ATL,4.0,4.5,0.2838231060987733,10,30,0,30,20.5,13.8,9.5,-13.8,True,False,34.0
0b2455795dfcd692dd607503e4f20d04,2025-09-07 17:03:00+00:00,1,2025,Las Vegas Raiders,LV,New England Patriots,NE,2.5,2.5,0.0,11,20,13,7,24.1,19.9,-4.100000000000001,-6.899999999999999,True,False,9.5
0c6e5d9821ce0d3e82f3e792879776a6,2025-09-12 00:16:00+00:00,2,2025,Washington Commanders,WAS,Green Bay Packers,GB,3.0,3.5,0.2522624895547565,11,18,27,-9,16.9,29.2,1.1000000000000014,-2.1999999999999993,False,True,-6.0
0c85b0939650e29689bb2651b33522eb,2025-10-12 20:26:00+00:00,6,2025,Cincinnati Bengals,CIN,Green Bay Packers,GB,14.0,14.5,0.2522624895547565,11,18,27,-9,24.3,29.4,-6.300000000000001,-2.3999999999999986,True,False,5.0
0e6f68b30237afc04d1517a193213a65,2025-09-14 17:01:00+00:00,2,2025,Los Angeles Rams,LAR,Tennessee Titans,TEN,-5.5,-5.5,0.0,11,33,19,14,26.6,14.3,6.399999999999999,4.699999999999999,True,False,8.5
0ee3f5a0078c21cfdffd1b97002e7da5,2025-09-21 20:05:00+00:00,3,2025,Denver Broncos,DEN,Los Angeles Chargers,LAC,2.5,3.0,0.2335496832484569,11,20,23,-3,12.8,22.0,7.199999999999999,1.0,False,True,-0.5
0ff4e68cf39cc57ca7cf1276e4a44d2f,2025-11-23 18:00:00+00:00,12,2025,Seattle Seahawks,SEA,Tennessee Titans,TEN,-12.5,-12.0,0.22360679774997896,11,30,24,6,24.5,10.8,5.5,13.2,False,True,-6.5
1036171316ac51350b388c99e000cfc1,2025-10-19 20:25:00+00:00,7,2025,Green Bay Packers,GB,Arizona Cardinals,ARI,-7.0,-7.0,0.0,11,27,23,4,24.8,19.6,2.1999999999999993,3.3999999999999986,False,True,-3.0
13bdffda97e8fb13179fe3f2f69d66f8,2025-11-07 01:15:00+00:00,10,2025,Las Vegas Raiders,LV,Denver Broncos,DEN,9.0,9.5,0.337099931231621,11,7,10,-3,13.7,17.2,-6.699999999999999,-7.199999999999999,True,False,6.0
186868cc79ce1f5d22075b67ebbc7b64,2025-09-21 20:25:00+00:00,3,2025,Dallas Cowboys,DAL,Chicago Bears,CHI,-1.0,0.0,0.45226701686664544,11,14,31,-17,23.4,26.9,-9.399999999999999,4.100000000000001,False,True,-18.0
1910db6879dddf37e4f86f0bcf1c9547,2025-10-07 00:16:00+00:00,5,2025,Kansas City Chiefs,KC,Jacksonville Jaguars,JAX,-3.5,-3.5,0.0,11,28,31,-3,32.8,22.7,-4.799999999999997,8.3,False,True,-6.5
1a8f3d70399a5cad83c95196795ed77b,2025-11-23 18:00:00+00:00,12,2025,New England Patriots,NE,Cincinnati Bengals,CIN,-7.5,-7.0,0.26111648393354675,11,26,20,6,23.9,19.9,2.1000000000000014,0.10000000000000142,False,True,-1.5
1e09eb3fe1385796c1a32000de48ac64,2025-09-07 17:03:00+00:00,1,2025,Tampa Bay Buccaneers,TB,Atlanta Falcons,ATL,0.0,1.0,1.009049958219026,11,23,20,3,19.8,22.2,3.1999999999999993,-2.1999999999999993,True,False,3.0
1e3d3526039030b96471845ade5992cf,2025-10-05 17:01:00+00:00,5,2025,Las Vegas Raiders,LV,Indianapolis Colts,IND,7.0,7.5,0.23354968324845687,11,6,40,-34,16.1,26.8,-10.100000000000001,13.2,False,True,-27.0
1ee9ea2c8256bc6be5dd92e60f6c17de,2025-09-14 17:03:00+00:00,2,2025,Chicago Bears,CHI,Detroit Lions,DET,6.5,6.5,0.26111648393354675,11,21,52,-31,16.1,33.2,4.899999999999999,18.799999999999997,False,True,-24.5
1fe136913ef0e77717c0f0668163637f,2025-10-05 17:01:00+00:00,5,2025,New York Giants,NYG,New Orleans Saints,NO,2.5,2.5,0.5178627406773132,11,14,26,-12,19.9,23.5,-5.899999999999999,2.5,False,True,-9.5
20b50dac292089c063b21e1410f172ef,2025-09-21 20:26:00+00:00,3,2025,Arizona Cardinals,ARI,San Francisco 49ers,SF,1.5,2.0,0.26967994498529685,11,15,16,-1,17.5,24.3,-2.5,-8.3,True,False,0.5
21f47a328fb2ab65c01360a7a2bd9571,2025-11-09 18:00:00+00:00,10,2025,New Orleans Saints,NO,Carolina Panthers,CAR,5.5,5.5,0.3437758254761643,11,17,7,10,20.1,13.8,-3.1000000000000014,-6.800000000000001,True,False,15.5
229a5e9ce60dcb344a8cc3c97121154e,2025-11-16 18:00:00+00:00,1,2025,Chicago Bears,CHI,Minnesota Vikings,MIN,3.0,3.0,0.2581988897471611,10,24,27,-3,19.9,20.6,4.100000000000001,6.399999999999999,False,True,0.0
2340a6e0794d5688996dcf8aaf634742,2025-11-02 18:00:00+00:00,9,2025,Indianapolis Colts,IND,Pittsburgh Steelers,PIT,-3.0,-3.0,0.2022599587389726,11,20,27,-7,24.3,22.3,-4.300000000000001,4.699999999999999,False,True,-10.0
265f0188945bb81ec64751571eb724cb,2025-11-16 14:34:50+00:00,11,2025,Washington Commanders,WAS,Miami Dolphins,MIA,-2.25,-0.5,1.2549900398011133,6,13,16,-3,23.6,23.5,-10.600000000000001,-7.5,False,True,-5.25
2710103fe4fb0170ae03b4e34bde8132,2025-11-09 21:25:00+00:00,5,2025,Los Angeles Rams,LAR,San Francisco 49ers,SF,-6.0,-5.5,0.26111648393354675,11,23,26,-3,32.0,26.9,-9.0,-0.8999999999999986,False,True,-9.0
27f50ddbc4c3fbad10398c5187a28dc7,2025-11-23 21:05:00+00:00,12,2025,Cleveland Browns,CLE,Las Vegas Raiders,LV,3.5,3.5,0.15075567228888181,11,24,10,14,16.0,12.5,8.0,-2.5,True,False,17.5
311c411c2d53e36a902763dc7a2ef678,2025-09-21 20:05:00+00:00,3,2025,New Orleans Saints,NO,Seattle Seahawks,SEA,7.0,7.5,0.2022599587389726,11,13,44,-31,22.0,29.8,-9.0,14.2,False,True,-24.0
3127c0dd6ed51a44354af51791bc3e5a,2025-10-19 17:03:00+00:00,7,2025,Las Vegas Raiders,LV,Kansas City Chiefs,KC,13.0,13.5,0.26967994498529685,11,0,31,-31,-0.1,30.7,0.1,0.3000000000000007,False,True,-18.0
32ec2bd4ac9e4c40f9f5cbed7e67f837,2025-11-14 01:15:00+00:00,11,2025,New York Jets,NYJ,New England Patriots,NE,13.0,13.0,0.2022599587389726,11,14,27,-13,22.5,26.7,-8.5,0.3000000000000007,False,True,0.0
33e0adf378d2856ffe5f8452e7d5512d,2025-10-13 23:15:00+00:00,6,2025,Buffalo Bills,BUF,Atlanta Falcons,ATL,-3.5,-3.5,0.3233348953414316,11,14,24,-10,22.1,27.0,-8.100000000000001,-3.0,False,True,-13.5
349d53a4f89591312ea528e81b786474,2025-11-10 01:20:00+00:00,10,2025,Pittsburgh Steelers,PIT,Los Angeles Chargers,LAC,2.5,3.0,0.20225995873897262,11,10,25,-15,14.1,22.0,-4.1,3.0,False,True,-12.5
3536a3e857050d2dd6e2019ceb668f67,2025-10-26 17:03:00+00:00,8,2025,Cleveland Browns,CLE,New England Patriots,NE,7.0,7.0,0.0,11,13,32,-19,12.8,27.1,0.1999999999999993,4.899999999999999,False,True,-12.0
37d09ce5d357536d0e58dd4ba0ab4106,2025-09-15 00:20:00+00:00,2,2025,Atlanta Falcons,ATL,Minnesota Vikings,MIN,3.0,3.5,0.2335496832484569,11,22,6,16,21.6,13.9,0.3999999999999986,-7.9,True,False,19.0
38366aa83a3eb6cef71a1134c4fceb2c,2025-10-14 00:16:00+00:00,6,2025,Chicago Bears,CHI,Washington Commanders,WAS,5.5,5.5,0.0,11,25,24,1,26.2,21.2,-1.1999999999999993,2.8000000000000007,True,False,6.5
394256a6c3d0f5ecd1208fffaae6a72f,2025-09-07 17:00:00+00:00,1,2025,Carolina Panthers,CAR,Jacksonville Jaguars,JAX,4.5,5.0,0.2022599587389726,11,10,26,-16,13.4,24.5,-3.4000000000000004,1.5,False,True,-11.5
39e7c1f6e36d5bc4d2613ebf7bb83c10,2025-11-09 18:00:00+00:00,10,2025,New England Patriots,NE,Tampa Bay Buccaneers,TB,2.5,3.0,0.15075567228888181,11,28,23,5,22.9,25.4,5.100000000000001,-2.3999999999999986,True,False,7.5
3b1a97366685a96e6e1940ae56cc4d31,2025-11-09 18:00:00+00:00,10,2025,New York Giants,NYG,Chicago Bears,CHI,4.5,5.0,0.15075567228888181,11,20,24,-4,20.5,27.1,-0.5,-3.1000000000000014,True,False,0.5
3be866344dfa050e602a6e69170b3cbe,2025-10-19 20:05:00+00:00,7,2025,New York Giants,NYG,Denver Broncos,DEN,8.0,9.0,0.40451991747794525,11,32,33,-1,22.0,24.3,10.0,8.7,True,False,7.0
3c10bc18680995136017c3bfd3152334,2025-11-09 18:00:00+00:00,3,2025,Buffalo Bills,BUF,Miami Dolphins,MIA,-8.0,-7.5,0.31622776601683794,11,31,21,10,27.8,17.3,3.1999999999999993,3.6999999999999993,True,False,2.0
40c2ebd9ddd5ce8ff5b1ada730bb1785,2025-10-26 20:25:00+00:00,8,2025,Dallas Cowboys,DAL,Denver Broncos,DEN,3.5,4.0,0.15075567228888181,11,24,44,-20,24.9,32.3,-0.8999999999999986,11.700000000000003,False,True,-16.5
42473c1ddf8f424069ff3f264dd8dca4,2025-11-09 14:35:08+00:00,10,2025,Atlanta Falcons,ATL,Indianapolis Colts,IND,2.5,2.5,1.7677669529663689,8,25,31,-6,25.3,29.8,-0.3000000000000007,1.1999999999999993,False,True,-3.5
438868ff90501a1fe9a0fbecbee9dc12,2025-11-11 01:15:00+00:00,10,2025,Philadelphia Eagles,PHI,Green Bay Packers,GB,1.0,1.5,0.7507571935295483,11,10,7,3,12.9,15.9,-2.9000000000000004,-8.9,True,False,4.0
4553ba763cb3cfcfc33fd62672a2057f,2025-11-23 21:25:00+00:00,1,2025,Philadelphia Eagles,PHI,Dallas Cowboys,DAL,-3.0,-3.0,0.0,11,24,20,4,23.3,22.1,0.6999999999999993,-2.1000000000000014,True,False,1.0
4963bff460a5f26cab46a8e5ea6db148,2025-10-12 20:06:00+00:00,6,2025,Tennessee Titans,TEN,Las Vegas Raiders,LV,3.5,4.0,0.15075567228888181,11,10,20,-10,12.1,20.2,-2.0999999999999996,-0.1999999999999993,False,True,-6.5
4a08b89f07a4a395620f6df5c1d239f4,2025-09-26 00:16:00+00:00,4,2025,Seattle Seahawks,SEA,Arizona Cardinals,ARI,-1.5,-1.0,0.26967994498529685,11,23,20,3,21.7,15.8,1.3000000000000007,4.199999999999999,True,False,1.5
4c4ae4a2d54fc3f71c450187e9391ddc,2025-09-21 17:01:00+00:00,3,2025,Los Angeles Rams,LAR,Philadelphia Eagles,PHI,3.5,3.5,0.0,11,26,33,-7,24.6,21.4,1.3999999999999986,11.600000000000001,False,True,-3.5
4cce00ca468c67eca17a9a061f778fb2,2025-09-07 17:03:00+00:00,1,2025,New York Giants,NYG,Washington Commanders,WAS,6.0,6.5,0.15075567228888181,11,6,21,-15,14.6,25.3,-8.6,-4.300000000000001,False,True,-9.0
4dd631102a977fd398f7ea594ed208f2,2025-09-28 13:33:00+00:00,4,2025,Minnesota Vikings,MIN,Pittsburgh Steelers,PIT,2.75,3.0,0.3535533905932738,2,21,24,-3,20.3,29.1,0.6999999999999993,-5.100000000000001,False,True,-0.25
535bbe97d4e56494b039ade88459c338,2025-11-23 18:00:00+00:00,12,2025,New York Giants,NYG,Detroit Lions,DET,13.5,14.0,0.2611164839335467,11,27,34,-7,22.0,28.8,5.0,5.199999999999999,True,False,6.5
53d4369464c66630f03a5d128cd39b08,2025-10-26 17:03:00+00:00,8,2025,Buffalo Bills,BUF,Carolina Panthers,CAR,-7.0,-7.0,0.23354968324845687,11,40,9,31,30.5,13.3,9.5,-4.300000000000001,True,False,24.0
553edb8bf2452482b37dde58e832a6fb,2025-09-14 17:01:00+00:00,2,2025,Cleveland Browns,CLE,Baltimore Ravens,BAL,12.5,13.0,0.2522624895547565,11,17,41,-24,12.7,18.8,4.300000000000001,22.2,False,True,-11.5
557d13ef8f4c1d21044f3a478cda6d0b,2025-09-07 17:03:00+00:00,1,2025,Arizona Cardinals,ARI,New Orleans Saints,NO,-6.0,-6.0,0.2022599587389726,11,20,13,7,18.5,20.3,1.5,-7.300000000000001,True,False,1.0
5737e4dbf6879c5061bb23033a4d8a55,2025-09-21 17:03:00+00:00,3,2025,Atlanta Falcons,ATL,Carolina Panthers,CAR,-4.5,-4.0,0.49082490860702144,11,0,30,-30,13.8,20.5,-13.8,9.5,False,True,-34.5
575c1b169aab675ec72372ccb0f4c55f,2025-09-14 17:03:00+00:00,2,2025,New England Patriots,NE,Miami Dolphins,MIA,2.5,2.5,0.3437758254761643,11,33,27,6,21.5,19.9,11.5,7.100000000000001,True,False,8.5
581955d1b79fe87a3a61a4885cd7ea67,2025-09-21 17:03:00+00:00,3,2025,Green Bay Packers,GB,Cleveland Browns,CLE,-7.5,-7.5,0.30151134457776363,11,10,13,-3,14.4,14.5,-4.4,-1.5,False,True,-10.5
591fd7cff37201a14cbdfbd457592445,2025-11-16 18:00:00+00:00,11,2025,Los Angeles Chargers,LAC,Jacksonville Jaguars,JAX,-3.0,-2.5,0.15811388300841897,10,6,35,-29,14.7,31.5,-8.7,3.5,False,True,-32.0
5c06e82838fcfade9adf1e89b8bd3081,2025-11-16 18:00:00+00:00,11,2025,Green Bay Packers,GB,New York Giants,NYG,-7.5,-7.0,0.24152294576982397,10,27,20,7,24.2,21.6,2.8000000000000007,-1.6000000000000014,False,True,-0.5
5ed483bb614b18955f8b43f177746371,2025-09-07 17:00:00+00:00,1,2025,Pittsburgh Steelers,PIT,New York Jets,NYJ,-3.0,-3.0,0.0,11,34,32,2,22.0,26.8,12.0,5.199999999999999,False,True,-1.0
6031b513e188fc19a2311499566c9258,2025-11-02 18:00:00+00:00,9,2025,Carolina Panthers,CAR,Green Bay Packers,GB,13.0,13.5,0.30151134457776363,11,16,13,3,20.2,20.8,-4.199999999999999,-7.800000000000001,True,False,16.0
6076f9eab496770efc0ab7095b27c122,2025-10-17 00:15:00+00:00,7,2025,Pittsburgh Steelers,PIT,Cincinnati Bengals,CIN,-5.5,-5.0,0.15075567228888181,11,31,33,-2,24.8,28.9,6.199999999999999,4.100000000000001,False,True,-7.5
61531628516decd1ee8116da5f6f9056,2025-11-02 21:25:00+00:00,9,2025,Kansas City Chiefs,KC,Buffalo Bills,BUF,-2.0,-1.0,0.560032466591325,11,21,28,-7,21.1,29.2,-0.10000000000000142,-1.1999999999999993,False,True,-9.0
6439b16f4a038f1c351dc3f1aef27471,2025-10-24 00:15:00+00:00,8,2025,Minnesota Vikings,MIN,Los Angeles Chargers,LAC,3.5,3.5,0.2335496832484569,11,10,37,-27,11.1,28.2,-1.0999999999999996,8.8,False,True,-23.5
677dbbb6ad96fc5f5b36bb20b43139dd,2025-10-31 00:15:00+00:00,9,2025,Baltimore Ravens,BAL,Miami Dolphins,MIA,-7.5,-7.5,0.23354968324845687,11,28,6,22,27.5,16.9,0.5,-10.899999999999999,True,False,14.5
68397f3aa9eb847a421a49f990a11928,2025-09-07 20:05:00+00:00,1,2025,Tennessee Titans,TEN,Denver Broncos,DEN,9.0,9.5,0.337099931231621,11,12,20,-8,10.2,21.8,1.8000000000000007,-1.8000000000000007,True,False,1.0
6a8d2daf7f75100d02656bc0217737e8,2025-10-19 17:03:00+00:00,7,2025,Philadelphia Eagles,PHI,Minnesota Vikings,MIN,-2.5,-2.0,0.2022599587389726,11,28,22,6,20.5,23.9,7.5,-1.8999999999999986,True,False,3.5
6d209e0e637f3b116ec958e0634f2a02,2025-11-17 01:20:00+00:00,11,2025,Detroit Lions,DET,Philadelphia Eagles,PHI,2.5,3.0,0.21081851067789195,10,9,16,-7,15.4,18.0,-6.4,-2.0,False,True,-4.5
6dd3b8a705ed0db85d59fa19b9062cc8,2025-11-02 18:00:00+00:00,9,2025,Atlanta Falcons,ATL,New England Patriots,NE,5.0,5.5,0.37537859676477414,11,23,24,-1,19.1,22.0,3.8999999999999986,2.0,True,False,4.0
6e206c7bc9379b07d27298a393305384,2025-10-05 13:31:00+00:00,5,2025,Minnesota Vikings,MIN,Cleveland Browns,CLE,-3.5,-3.0,0.2022599587389726,11,21,17,4,26.5,19.2,-5.5,-2.1999999999999993,True,False,0.5
6e67ddae4bb01d1c2d3f461ee62d2666,2025-09-23 00:15:00+00:00,3,2025,Detroit Lions,DET,Baltimore Ravens,BAL,4.5,5.5,0.3872983346207417,11,38,30,8,33.4,24.0,4.600000000000001,6.0,True,False,12.5
6eb8eeff6a052455649ddd2a50e0a188,2025-10-05 17:01:00+00:00,5,2025,Houston Texans,HOU,Baltimore Ravens,BAL,-2.5,-2.0,0.15075567228888181,11,44,10,34,34.9,16.0,9.100000000000001,-6.0,True,False,31.5
6f5a22a3ca33478094cef1e9212ba0fc,2025-10-05 20:06:00+00:00,5,2025,Tampa Bay Buccaneers,TB,Seattle Seahawks,SEA,3.5,4.0,0.15075567228888181,11,38,35,3,27.2,30.7,10.8,4.300000000000001,True,False,6.5
7147476b5d96c0ee874b838de3910ee3,2025-11-16 18:00:00+00:00,7,2025,Cincinnati Bengals,CIN,Pittsburgh Steelers,PIT,5.5,5.5,0.0,10,33,31,2,28.9,24.8,4.100000000000001,6.199999999999999,True,False,7.5
7159d60c7a31c7d593167637723d7663,2025-11-23 18:00:00+00:00,12,2025,New York Jets,NYJ,Baltimore Ravens,BAL,13.5,14.0,0.2611164839335467,11,10,23,-13,16.6,18.0,-6.600000000000001,5.0,True,False,0.5
72e2ce6652bbb3901f60b38bec05bf5f,2025-11-02 18:00:00+00:00,9,2025,Denver Broncos,DEN,Houston Texans,HOU,2.0,2.5,0.35032452487268534,11,18,15,3,18.7,15.6,-0.6999999999999993,-0.5999999999999996,True,False,5.0
740b843794cc89176c4ffe38b66d30d9,2025-11-09 21:05:00+00:00,4,2025,Arizona Cardinals,ARI,Seattle Seahawks,SEA,7.0,7.0,0.0,11,20,23,-3,15.8,21.7,4.199999999999999,1.3000000000000007,True,False,4.0
79c4e9f40e2647dc2a7b377cf61c48cd,2025-10-05 20:26:00+00:00,5,2025,Washington Commanders,WAS,Los Angeles Chargers,LAC,3.0,3.0,0.2335496832484569,11,27,10,17,28.0,12.7,-1.0,-2.6999999999999993,True,False,20.0
79de65f1b97c9145ebdcb019eb486500,2025-10-19 13:32:42+00:00,7,2025,Los Angeles Rams,LAR,Jacksonville Jaguars,JAX,-3.0,-3.0,11.872862724762118,18,35,7,28,26.0,17.8,9.0,-10.8,True,False,25.0
7b2ded52498efcf97a08ef10ee99b0f3,2025-10-20 00:20:00+00:00,7,2025,Atlanta Falcons,ATL,San Francisco 49ers,SF,1.0,1.5,0.9244162777371754,11,10,20,-10,18.1,23.7,-8.100000000000001,-3.6999999999999993,False,True,-9.0
7ca953ab786f70b22cabbe4946d330fa,2025-10-21 02:00:00+00:00,7,2025,Houston Texans,HOU,Seattle Seahawks,SEA,3.0,3.0,0.0,10,19,27,-8,19.5,23.3,-0.5,3.6999999999999993,False,True,-5.0
7d9a04f411031528d9c1d2df7b9a0453,2025-09-15 23:01:00+00:00,2,2025,Tampa Bay Buccaneers,TB,Houston Texans,HOU,2.5,2.5,0.15075567228888181,11,20,19,1,27.4,18.9,-7.399999999999999,0.10000000000000142,True,False,3.5
7e2ad5ef04493526707e0868f7b70c47,2025-09-14 20:05:00+00:00,2,2025,Carolina Panthers,CAR,Arizona Cardinals,ARI,7.0,7.0,0.2022599587389726,11,22,27,-5,17.7,17.9,4.300000000000001,9.100000000000001,True,False,2.0
7e3361e84d5223a8d210a887b249f247,2025-10-28 00:15:00+00:00,8,2025,Washington Commanders,WAS,Kansas City Chiefs,KC,11.0,11.0,0.21081851067789195,10,7,28,-21,16.2,25.5,-9.2,2.5,False,True,-10.0
80d04ba917883a6438580ebae9fb0f22,2025-11-18 01:15:00+00:00,11,2025,Dallas Cowboys,DAL,Las Vegas Raiders,LV,-3.5,-3.0,0.20225995873897262,11,33,16,17,28.4,18.4,4.600000000000001,-2.3999999999999986,True,False,13.5
82e432d5d8bc0b5a6cbe0c324de90de3,2025-10-13 00:20:00+00:00,6,2025,Detroit Lions,DET,Kansas City Chiefs,KC,2.5,2.5,0.15075567228888181,11,17,30,-13,25.2,29.4,-8.2,0.6000000000000014,False,True,-10.5
82f9fd7001598d5cf9c1bdd57c66cae4,2025-09-14 17:01:00+00:00,2,2025,Seattle Seahawks,SEA,Pittsburgh Steelers,PIT,3.5,4.5,0.3437758254761643,11,31,17,14,25.9,16.7,5.100000000000001,0.3000000000000007,True,False,17.5
844b89333f293f055f8e0c147fb9fec5,2025-11-09 18:00:00+00:00,10,2025,Cleveland Browns,CLE,New York Jets,NYJ,-2.0,-1.5,0.32333489534143167,11,20,27,-7,14.6,9.7,5.4,17.3,False,True,-9.0
85c9b76cd6bd575b611cb4e8feb7a0b0,2025-09-28 17:01:00+00:00,4,2025,Tennessee Titans,TEN,Houston Texans,HOU,7.5,7.5,0.2522624895547565,11,0,26,-26,12.0,19.2,-12.0,6.800000000000001,False,True,-18.5
866d7405986fb4d14897cdb6c0aa5926,2025-09-14 17:01:00+00:00,2,2025,San Francisco 49ers,SF,New Orleans Saints,NO,-3.0,-3.0,0.0,11,26,21,5,25.6,20.5,0.3999999999999986,0.5,True,False,2.0
88187a33b007c088d75c6cd14c83086c,2025-10-26 20:25:00+00:00,3,2025,Tennessee Titans,TEN,Indianapolis Colts,IND,15.0,15.5,0.22360679774997896,11,20,41,-21,15.8,30.2,4.199999999999999,10.8,False,True,-6.0
894976986c24d52cf1d45f0e6bb0e90c,2025-09-28 17:01:00+00:00,4,2025,Philadelphia Eagles,PHI,Tampa Bay Buccaneers,TB,-3.5,-3.5,0.0,11,31,25,6,23.0,20.6,8.0,4.399999999999999,True,False,2.5
8b39d8dc550ced94f9faa91878ebf6b6,2025-11-23 18:00:00+00:00,12,2025,Indianapolis Colts,IND,Kansas City Chiefs,KC,3.5,3.5,0.0,11,20,23,-3,17.5,24.6,2.5,-1.6000000000000014,True,False,0.5
8c2d6a56aa63f42227f18a18fc3d2146,2025-11-23 21:25:00+00:00,12,2025,Atlanta Falcons,ATL,New Orleans Saints,NO,1.5,2.0,0.30151134457776363,11,24,10,14,21.3,16.2,2.6999999999999993,-6.199999999999999,True,False,15.5
8dcb2a6bf542ccb7e6bc58f83c8fc2ac,2025-09-30 00:16:00+00:00,4,2025,Cincinnati Bengals,CIN,Denver Broncos,DEN,7.5,7.5,0.0,11,3,28,-25,15.6,26.7,-12.6,1.3000000000000007,False,True,-17.5
8e0e2d9237098222f9ca7554b11b12bb,2025-09-07 20:25:00+00:00,1,2025,Detroit Lions,DET,Green Bay Packers,GB,1.5,2.0,0.3370999312316211,11,13,27,-14,16.0,22.1,-3.0,4.899999999999999,False,True,-12.5
8f06a4b503cc7309cb0df4a8b67f9930,2025-10-19 17:03:00+00:00,7,2025,New Orleans Saints,NO,Chicago Bears,CHI,3.5,4.5,0.3437758254761643,11,14,26,-12,17.1,21.7,-3.1000000000000014,4.300000000000001,False,True,-8.5
8fa3fd86eaa7b432469d43b84904e1dc,2025-10-05 20:06:00+00:00,5,2025,Tennessee Titans,TEN,Arizona Cardinals,ARI,7.5,7.5,0.0,11,22,21,1,25.1,19.6,-3.1000000000000014,1.3999999999999986,True,False,8.5
90391be251d876bb41d36978a43c7ac2,2025-11-25 01:15:00+00:00,12,2025,Carolina Panthers,CAR,San Francisco 49ers,SF,7.5,7.5,0.0,11,9,20,-11,15.8,21.5,-6.800000000000001,-1.5,False,True,-3.5
91019a528f43cd28965fdc68a3f3ef85,2025-11-23 18:00:00+00:00,12,2025,Minnesota Vikings,MIN,Green Bay Packers,GB,6.5,6.5,0.23354968324845687,11,6,23,-17,11.5,25.1,-5.5,-2.1000000000000014,False,True,-10.5
91630b9c62640117918fa30d2a62d2db,2025-11-16 21:05:00+00:00,3,2025,San Francisco 49ers,SF,Arizona Cardinals,ARI,-3.5,-3.5,0.0,10,16,15,1,24.3,17.5,-8.3,-2.5,False,True,-2.5
93365f943b3aa23705bc9e1c7b47d7f8,2025-11-09 21:25:00+00:00,10,2025,Detroit Lions,DET,Washington Commanders,WAS,-8.0,-7.5,0.3233348953414316,11,44,22,22,33.3,20.5,10.700000000000003,1.5,True,False,14.0
9535d3e3ee9d9fc83ea2b500ad0b587c,2025-09-06 00:00:00+00:00,1,2025,Kansas City Chiefs,KC,Los Angeles Chargers,LAC,-3.0,-3.0,0.0,11,21,27,-6,19.6,26.5,1.3999999999999986,0.5,False,True,-9.0
96377d2fb55e3cef733cecccdecaed5f,2025-11-16 18:00:00+00:00,11,2025,Tampa Bay Buccaneers,TB,Buffalo Bills,BUF,6.0,6.5,0.21081851067789195,10,32,44,-12,25.5,29.2,6.5,14.8,False,True,-6.0
96ce7785b0980b03282c7e10d4c58d4a,2025-11-16 21:25:00+00:00,11,2025,Kansas City Chiefs,KC,Denver Broncos,DEN,-4.5,-4.5,0.0,10,19,22,-3,21.8,21.3,-2.8000000000000007,0.6999999999999993,False,True,-7.5
97de7672b61dbddbce982711c121e76d,2025-09-21 17:03:00+00:00,3,2025,Houston Texans,HOU,Jacksonville Jaguars,JAX,1.5,1.5,0.2522624895547565,11,10,17,-7,17.2,21.0,-7.199999999999999,-4.0,False,True,-5.5
9900b89c4776c5b47dd26ca4c755edf9,2025-11-09 18:00:00+00:00,10,2025,Baltimore Ravens,BAL,Minnesota Vikings,MIN,-4.5,-3.5,0.337099931231621,11,27,19,8,27.6,20.7,-0.6000000000000014,-1.6999999999999993,True,False,3.5
9c1f73e48ca9750f6e7d5d64874057c2,2025-10-26 17:00:00+00:00,8,2025,New York Jets,NYJ,Cincinnati Bengals,CIN,5.5,5.5,0.20225995873897262,11,39,38,1,32.9,32.6,6.100000000000001,5.399999999999999,True,False,6.5
9dbf94f23521c7cae7fd89b2d33fc3bd,2025-11-09 18:00:00+00:00,3,2025,Jacksonville Jaguars,JAX,Houston Texans,HOU,0.5,1.5,0.9293203772845852,11,17,10,7,21.0,17.2,-4.0,-7.199999999999999,True,False,7.5
9e705d669039f2ca8364f408b7792a8a,2025-10-12 20:26:00+00:00,6,2025,San Francisco 49ers,SF,Tampa Bay Buccaneers,TB,3.5,3.5,0.20225995873897262,11,19,30,-11,21.0,26.8,-2.0,3.1999999999999993,False,True,-7.5
9e7119f5a24471c39145663b84f100b2,2025-11-24 01:20:00+00:00,12,2025,Tampa Bay Buccaneers,TB,Los Angeles Rams,LAR,7.0,7.0,0.0,11,7,34,-27,11.6,30.5,-4.6,3.5,False,True,-20.0
9f1ad249959aacae89e5e74e43429a4a,2025-09-07 20:05:00+00:00,1,2025,San Francisco 49ers,SF,Seattle Seahawks,SEA,-1.5,-1.0,0.26967994498529685,11,17,13,4,26.2,21.9,-9.2,-8.899999999999999,True,False,2.5
a061e80d1f50eab193b34d19f8e59f62,2025-10-26 17:03:00+00:00,8,2025,Chicago Bears,CHI,Baltimore Ravens,BAL,2.5,2.5,0.0,11,16,30,-14,20.9,22.9,-4.899999999999999,7.100000000000001,False,True,-11.5
a0ad5501e9d1d2ee9f61d9f293374f17,2025-10-19 20:05:00+00:00,7,2025,Indianapolis Colts,IND,Los Angeles Chargers,LAC,2.0,2.5,0.337099931231621,11,38,24,14,28.9,22.1,9.100000000000001,1.8999999999999986,True,False,16.0
a11bbccb332241029ebaeb519b93b776,2025-10-12 17:01:00+00:00,6,2025,Cleveland Browns,CLE,Pittsburgh Steelers,PIT,6.5,6.5,0.23354968324845687,11,9,23,-14,14.7,18.2,-5.699999999999999,4.800000000000001,False,True,-7.5
a7211a87bbd5fb2ee473eb9c93ee2e68,2025-10-12 17:01:00+00:00,6,2025,Los Angeles Chargers,LAC,Miami Dolphins,MIA,-3.5,-3.5,0.0,11,29,27,2,22.6,21.1,6.399999999999999,5.899999999999999,False,True,-1.5
a788e7cebff4b5fe10034710090e4529,2025-11-02 18:00:00+00:00,9,2025,San Francisco 49ers,SF,New York Giants,NYG,-2.5,-2.0,0.22360679774997896,11,34,24,10,28.7,24.0,5.300000000000001,0.0,True,False,7.5
a8dd9bb0681692540d067bd0e9e66989,2025-10-26 20:05:00+00:00,8,2025,Tampa Bay Buccaneers,TB,New Orleans Saints,NO,-3.5,-3.5,0.3233348953414316,11,23,3,20,15.2,11.1,7.800000000000001,-8.1,True,False,16.5
a8ebe01e05675c109b53a97f653f8653,2025-10-26 17:03:00+00:00,6,2025,New York Giants,NYG,Philadelphia Eagles,PHI,7.0,7.5,0.26111648393354675,11,34,17,17,24.2,21.1,9.8,-4.100000000000001,True,False,24.0
abc4104a9ac597ce37d703613256fd6c,2025-10-26 17:03:00+00:00,8,2025,San Francisco 49ers,SF,Houston Texans,HOU,3.0,3.0,0.20225995873897262,11,15,26,-11,18.2,26.0,-3.1999999999999993,0.0,False,True,-8.0
ac02b1b59aa0623845378a02bc530c68,2025-10-26 17:00:00+00:00,8,2025,Miami Dolphins,MIA,Atlanta Falcons,ATL,7.0,7.0,0.23354968324845687,11,34,10,24,27.6,13.4,6.399999999999999,-3.4000000000000004,True,False,31.0
aca5234c57e31b1931e51d2d0d6046f5,2025-09-19 00:15:00+00:00,3,2025,Miami Dolphins,MIA,Buffalo Bills,BUF,11.5,12.5,0.46709936649691375,11,21,31,-10,17.3,27.8,3.6999999999999993,3.1999999999999993,True,False,1.5
af6fbb0a2e996613bc393115276c60e2,2025-09-28 20:26:00+00:00,4,2025,Chicago Bears,CHI,Las Vegas Raiders,LV,1.5,2.0,0.4156047072968167,11,25,24,1,19.8,25.6,5.199999999999999,-1.6000000000000014,True,False,2.5
b02a72c768a6c6dee87aa74f78e84176,2025-09-07 17:03:00+00:00,1,2025,Miami Dolphins,MIA,Indianapolis Colts,IND,1.0,1.5,0.4472135954999579,11,8,33,-25,11.0,24.0,-3.0,9.0,False,True,-24.0
b08df670a95f1809707b335dc75081c6,2025-11-02 21:05:00+00:00,9,2025,New Orleans Saints,NO,Los Angeles Rams,LAR,14.0,14.5,0.22360679774997896,11,10,34,-24,12.0,31.8,-2.0,2.1999999999999993,False,True,-10.0
b235bc78609644cb28492cc1d6ad69fd,2025-10-12 17:01:00+00:00,6,2025,Los Angeles Rams,LAR,Baltimore Ravens,BAL,-7.0,-6.5,0.23354968324845687,11,17,3,14,23.2,15.4,-6.199999999999999,-12.4,True,False,7.0
b60025aea576e2e89ef7bc7303f847ec,2025-11-02 18:00:00+00:00,9,2025,Los Angeles Chargers,LAC,Tennessee Titans,TEN,-10.0,-9.5,0.3233348953414316,11,27,20,7,27.3,11.6,-0.3000000000000007,8.4,False,True,-3.0
b7934d72587b62de0f563ac9acbaa770,2025-09-28 17:01:00+00:00,4,2025,Washington Commanders,WAS,Atlanta Falcons,ATL,2.5,3.0,0.2335496832484569,11,27,34,-7,23.0,26.2,4.0,7.800000000000001,False,True,-4.5
b808059d3ccc754ace4a3d23b58e47e8,2025-10-20 23:00:00+00:00,7,2025,Tampa Bay Buccaneers,TB,Detroit Lions,DET,6.0,6.0,0.0,9,9,24,-15,16.9,22.9,-7.899999999999999,1.1000000000000014,False,True,-9.0
ba4e8bfa1f4eeaa74c7b09f409361c0d,2025-10-19 17:03:00+00:00,7,2025,Carolina Panthers,CAR,New York Jets,NYJ,1.0,1.5,0.9170109546287278,11,13,6,7,17.6,12.0,-4.600000000000001,-6.0,True,False,8.0
ba826e757d625a676452b8d3d6971bb0,2025-10-06 00:21:00+00:00,5,2025,New England Patriots,NE,Buffalo Bills,BUF,8.0,8.5,0.3931226965534483,11,23,20,3,22.5,24.3,0.5,-4.300000000000001,True,False,11.0
bb506016737825f4d0b1f9862f95c246,2025-09-21 17:01:00+00:00,3,2025,Indianapolis Colts,IND,Tennessee Titans,TEN,-6.0,-5.5,0.2022599587389726,11,41,20,21,30.2,15.8,10.8,4.199999999999999,True,False,15.0
bbec8d71145954cff67915c9b006bb6e,2025-09-14 20:25:00+00:00,2,2025,Philadelphia Eagles,PHI,Kansas City Chiefs,KC,-1.0,0.0,0.43693144875265144,11,20,17,3,17.9,17.1,2.1000000000000014,-0.10000000000000142,True,False,2.0
bc4f9a719baf61261befad75f4bdb539,2025-10-05 17:01:00+00:00,5,2025,Denver Broncos,DEN,Philadelphia Eagles,PHI,4.0,4.5,0.23354968324845687,11,21,17,4,26.3,19.8,-5.300000000000001,-2.8000000000000007,True,False,8.0
bc76fb8d846588ed46297aaab4e83de9,2025-09-29 23:16:00+00:00,4,2025,New York Jets,NYJ,Miami Dolphins,MIA,2.5,3.0,0.20225995873897262,11,21,27,-6,26.4,19.5,-5.399999999999999,7.5,False,True,-3.5
bcb1f89cf378a586097c50585e53acce,2025-09-28 17:03:00+00:00,4,2025,Cleveland Browns,CLE,Detroit Lions,DET,10.0,10.5,0.22360679774997896,11,10,34,-24,14.4,21.6,-4.4,12.399999999999999,False,True,-14.0
bebae12f59f19bd877df7ac3cab05263,2025-09-16 02:00:00+00:00,2,2025,Los Angeles Chargers,LAC,Las Vegas Raiders,LV,-3.5,-3.5,0.0,11,20,9,11,20.3,11.5,-0.3000000000000007,-2.5,True,False,7.5
c2fd8a23091a954fb21ff6d3537db826,2025-11-03 01:20:00+00:00,9,2025,Seattle Seahawks,SEA,Washington Commanders,WAS,-3.0,-3.0,0.0,11,38,14,24,35.2,18.1,2.799999999999997,-4.100000000000001,True,False,21.0
c4b72eabb3d557e73022ec730d8e3944,2025-10-03 00:16:00+00:00,5,2025,San Francisco 49ers,SF,Los Angeles Rams,LAR,8.5,9.0,0.4156047072968167,11,26,23,3,26.9,32.0,-0.8999999999999986,-9.0,True,False,11.5
c4c42918a645b1a4773f47d7eaa5cfcf,2025-09-21 17:03:00+00:00,3,2025,Pittsburgh Steelers,PIT,New England Patriots,NE,-1.0,1.0,0.7507571935295483,11,21,14,7,21.5,22.7,-0.5,-8.7,True,False,6.0
c6d7807cee33d5e81c671527b9c8b3f1,2025-09-09 00:15:00+00:00,1,2025,Minnesota Vikings,MIN,Chicago Bears,CHI,-1.5,-1.0,0.23354968324845687,11,27,24,3,20.6,19.9,6.399999999999999,4.100000000000001,True,False,1.5
c8913b70b63ae247f23a4e1dec08c668,2025-11-23 18:00:00+00:00,12,2025,Pittsburgh Steelers,PIT,Chicago Bears,CHI,3.0,3.0,0.2335496832484569,11,28,31,-3,25.9,22.8,2.1000000000000014,8.2,False,True,0.0
cc60225b5a907bd9ba7c27c23131fc5c,2025-11-16 21:25:00+00:00,2,2025,Baltimore Ravens,BAL,Cleveland Browns,CLE,-7.5,-7.5,0.15811388300841897,10,41,17,24,18.8,12.7,22.2,4.300000000000001,True,False,16.5
cd0fd9335b5182d3bfed35ab8d5ab6fb,2025-09-14 17:01:00+00:00,2,2025,Buffalo Bills,BUF,New York Jets,NYJ,-5.5,-4.5,0.35032452487268534,11,30,10,20,25.7,11.2,4.300000000000001,-1.1999999999999993,True,False,14.5
cd2e0964817c30ad3f5144ea49b55f2b,2025-11-21 01:15:00+00:00,12,2025,Buffalo Bills,BUF,Houston Texans,HOU,-5.5,-5.5,0.15075567228888181,11,19,23,-4,18.1,20.6,0.8999999999999986,2.3999999999999986,False,True,-9.5
cf95657d78ab3e515203df1d19c3b0c2,2025-11-02 18:00:00+00:00,9,2025,Minnesota Vikings,MIN,Detroit Lions,DET,9.5,10.0,0.3931226965534482,11,27,24,3,20.0,17.9,7.0,6.100000000000001,True,False,12.5
d0bf341e7959d69b55f1a8ff09065234,2025-11-02 21:05:00+00:00,9,2025,Jacksonville Jaguars,JAX,Las Vegas Raiders,LV,-2.5,-1.5,0.30151134457776363,11,30,29,1,25.7,25.2,4.300000000000001,3.8000000000000007,False,True,-1.5
d16a43752aaac66e9ff8768d8590b662,2025-09-28 17:01:00+00:00,4,2025,New Orleans Saints,NO,Buffalo Bills,BUF,14.5,15.5,0.49082490860702144,11,19,31,-12,22.2,23.9,-3.1999999999999993,7.100000000000001,True,False,2.5
d90e0de2d5fa2d57e8812f31775ad0ba,2025-09-28 20:06:00+00:00,4,2025,Indianapolis Colts,IND,Los Angeles Rams,LAR,3.5,3.5,0.0,11,20,27,-7,20.6,27.9,-0.6000000000000014,-0.8999999999999986,False,True,-3.5
d921b1e86b0a30ad91000ffc360d302d,2025-09-28 17:03:00+00:00,4,2025,Los Angeles Chargers,LAC,New York Giants,NYG,-6.0,-5.5,0.26967994498529685,11,18,21,-3,19.0,19.1,-1.0,1.8999999999999986,False,True,-9.0
dc0e3db61983a138098f28226788d2d3,2025-09-07 20:25:00+00:00,1,2025,Houston Texans,HOU,Los Angeles Rams,LAR,3.0,3.0,0.0,11,9,14,-5,12.8,18.7,-3.8000000000000007,-4.699999999999999,False,True,-2.0
dd3a14fa1529e79bd338a7bfd71d5b3a,2025-10-12 17:01:00+00:00,6,2025,Dallas Cowboys,DAL,Carolina Panthers,CAR,-3.0,-2.5,0.15075567228888181,11,27,30,-3,19.7,28.7,7.300000000000001,1.3000000000000007,False,True,-6.0
de432abcc3bd8d42a582ae9f71388dcd,2025-09-29 00:21:00+00:00,4,2025,Green Bay Packers,GB,Dallas Cowboys,DAL,-6.5,-6.5,0.20225995873897262,11,40,40,0,30.3,30.1,9.7,9.899999999999999,False,True,-6.5
dee0a41ed5e8201a96d457899adbe918,2025-09-08 00:20:00+00:00,1,2025,Baltimore Ravens,BAL,Buffalo Bills,BUF,-1.0,-1.0,0.2522624895547565,11,40,41,-1,31.0,28.8,9.0,12.2,False,True,-2.0
df7e32f3c6cfaaa66de560906faabe32,2025-10-05 17:01:00+00:00,5,2025,Dallas Cowboys,DAL,New York Jets,NYJ,1.5,2.0,0.43693144875265144,11,37,22,15,26.8,19.7,10.2,2.3000000000000007,True,False,16.5
dfa87b0532de1389297103c2e3195347,2025-10-12 17:01:00+00:00,6,2025,Arizona Cardinals,ARI,Indianapolis Colts,IND,9.0,9.5,0.4045199174779452,11,27,31,-4,24.6,27.1,2.3999999999999986,3.8999999999999986,True,False,5.0
e10fe83ee6178a598e7fa84ea0913366,2025-10-10 00:15:00+00:00,6,2025,Philadelphia Eagles,PHI,New York Giants,NYG,-7.5,-7.0,0.3503245248726854,11,17,34,-17,21.1,24.2,-4.100000000000001,9.8,False,True,-24.5
e217b38ef8bc6e98d3512cb42b90782e,2025-09-14 20:06:00+00:00,2,2025,Denver Broncos,DEN,Indianapolis Colts,IND,-1.0,0.0,0.8005679801922451,11,28,29,-1,23.7,25.0,4.300000000000001,4.0,False,True,-2.0
e2d3b0596efcebc1c19dab92009f5e26,2025-09-07 17:03:00+00:00,1,2025,Cincinnati Bengals,CIN,Cleveland Browns,CLE,-4.5,-4.5,0.34377582547616437,11,17,16,1,18.1,18.5,-1.1000000000000014,-2.5,False,True,-3.5
e32e0030899c06fdf2c74745ca27d85a,2025-11-23 21:05:00+00:00,12,2025,Jacksonville Jaguars,JAX,Arizona Cardinals,ARI,-2.5,-2.0,0.2335496832484569,11,27,24,3,24.3,23.1,2.6999999999999993,0.8999999999999986,True,False,0.5
e34812ee7fbf13bd75e4298bccfbdd10,2025-10-12 13:30:00+00:00,6,2025,Denver Broncos,DEN,New York Jets,NYJ,-7.0,-7.0,0.15075567228888181,11,13,11,2,16.1,7.9,-3.1000000000000014,3.0999999999999996,False,True,-5.0
e5dd1fed586cfc0ec2d7c06f2a02c37a,2025-10-12 17:03:00+00:00,6,2025,Seattle Seahawks,SEA,Jacksonville Jaguars,JAX,-1.0,0.0,0.3872983346207417,11,20,12,8,21.6,18.1,-1.6000000000000014,-6.100000000000001,True,False,7.0
e926e654cedeb65fcfcc389a5158ef4e,2025-11-16 21:05:00+00:00,11,2025,Seattle Seahawks,SEA,Los Angeles Rams,LAR,3.25,3.5,0.26352313834736496,10,19,21,-2,22.3,17.1,-3.3000000000000007,3.8999999999999986,True,False,1.25
e9de9c4390a28a90f437760050b23531,2025-10-05 20:26:00+00:00,5,2025,Detroit Lions,DET,Cincinnati Bengals,CIN,-10.0,-9.5,0.3753785967647742,11,37,24,13,31.7,17.1,5.300000000000001,6.899999999999999,True,False,3.0
ec75e45d75691f810f347e0c5ff25d6e,2025-09-14 17:03:00+00:00,2,2025,Jacksonville Jaguars,JAX,Cincinnati Bengals,CIN,3.5,3.5,0.0,11,27,31,-4,27.8,23.0,-0.8000000000000007,8.0,False,True,-0.5
ee840f13db8bd150fcdd8f6670fa7041,2025-09-22 00:21:00+00:00,3,2025,Kansas City Chiefs,KC,New York Giants,NYG,-6.0,-5.5,0.22360679774997896,11,22,9,13,25.0,18.4,-3.0,-9.399999999999999,True,False,7.0
eefb7f130c8fc2c129e296fe5c6ba3e3,2025-09-21 17:03:00+00:00,3,2025,Cincinnati Bengals,CIN,Minnesota Vikings,MIN,3.0,3.5,0.20225995873897262,11,10,48,-38,7.6,30.7,2.4000000000000004,17.3,False,True,-35.0
f0336c9a3749716250afba387d157377,2025-10-19 17:03:00+00:00,7,2025,Miami Dolphins,MIA,Cleveland Browns,CLE,2.5,2.5,0.20225995873897262,11,6,31,-25,8.3,17.0,-2.3000000000000007,14.0,False,True,-22.5
f1bc532dff946d15cb85654b5c4b246e,2025-09-05 00:20:00+00:00,1,2025,Dallas Cowboys,DAL,Philadelphia Eagles,PHI,8.5,9.0,0.26967994498529685,11,20,24,-4,22.1,23.3,-2.1000000000000014,0.6999999999999993,True,False,4.5
f2c642e1f95555424b9a9a4f03733b42,2025-10-12 17:03:00+00:00,6,2025,New England Patriots,NE,New Orleans Saints,NO,-3.5,-3.0,0.26111648393354675,11,25,19,6,21.2,20.2,3.8000000000000007,-1.1999999999999993,True,False,2.5
f3dfb574e0a542375a480534525ee6cf,2025-11-04 01:15:00+00:00,9,2025,Arizona Cardinals,ARI,Dallas Cowboys,DAL,3.0,3.5,0.21081851067789195,10,27,17,10,22.4,16.1,4.600000000000001,0.8999999999999986,True,False,13.0
f7fa9341eeffb08f7e6e769398cd32e2,2025-10-19 17:03:00+00:00,7,2025,New England Patriots,NE,Tennessee Titans,TEN,-6.5,-6.0,0.2022599587389726,11,31,13,18,26.0,13.6,5.0,-0.5999999999999996,True,False,11.5
f8fe40924827231233dc10f6999d8ff7,2025-09-28 17:03:00+00:00,4,2025,Carolina Panthers,CAR,New England Patriots,NE,5.5,5.5,0.0,11,13,42,-29,22.9,24.4,-9.899999999999999,17.6,False,True,-23.5
fb900eef07307ebf5c1930341ecd852a,2025-10-27 00:20:00+00:00,8,2025,Green Bay Packers,GB,Pittsburgh Steelers,PIT,-3.0,-2.5,0.2335496832484569,11,35,25,10,30.7,16.2,4.300000000000001,8.8,True,False,7.0
fd2f29289d6437a7c07d4780c5f04936,2025-11-16 18:00:00+00:00,4,2025,Houston Texans,HOU,Tennessee Titans,TEN,-5.5,-5.0,0.21081851067789195,10,26,0,26,19.2,12.0,6.800000000000001,-12.0,True,False,20.5
ff0c1ce30d562926ce40fc9bbaa2b7b1,2025-10-19 20:25:00+00:00,7,2025,Washington Commanders,WAS,Dallas Cowboys,DAL,1.5,2.0,0.30151134457776363,11,22,44,-22,23.9,28.0,-1.8999999999999986,16.0,False,True,-20.5
ff8222149317a63ffe50fcda777d14c0,2025-10-05 17:01:00+00:00,5,2025,Miami Dolphins,MIA,Carolina Panthers,CAR,-1.0,-1.0,0.2022599587389726,11,24,27,-3,18.2,23.0,5.800000000000001,4.0,False,True,-4.0
